-0.045969076	0.008063844	-0.03627111	0.018241625	-0.007371392	-0.043919686	0.038693223	-0.0012430699	0.013929096	-0.033107936
-0.040966693	-0.010022814	-0.038258377	0.022281373	0.030836292	0.025338218	0.101513706	0.03486809	0.019332962	0.05458347
-0.04572481	-0.09568596	0.06995155	-0.05626264	-0.1066127	-0.04920333	0.014402353	0.05730786	-0.06588149	0.048769437
0.04799296	0.06458919	-0.12775956	0.12812296	0.028098071	0.07101442	0.05092065	-0.052597295	0.064749874	0.01791499
-0.0064060553	0.025170786	-0.034634832	-0.042615272	-0.047361623	0.002220739	0.05716133	0.038730934	0.03306671	-0.009458628
0.001956645	0.041996595	0.032212622	0.033071026	-0.0033310396	0.05036229	0.022300933	0.029485168	0.026863072	0.0022157065
-0.0364384	-0.0063762884	0.011297232	-0.009688777	-0.016559286	-0.06586903	0.036515787	0.029706877	-0.018692775	0.006742225
-0.025254311	-0.0041807913	-0.019807195	0.020623676	-0.032862935	-0.02395634	0.03973513	-0.019041818	-0.017692829	-0.04857679
-0.015213995	-0.01805566	0.0220935	-0.00706068	0.0028884572	0.049917806	-0.03523005	0.0044483603	0.049225032	0.041606233
0.117774904	0.032052916	-0.054590013	0.06334945	0.06947491	0.11635385	0.16576831	-0.04936578	0.052393526	-0.009617387
0.13670556	0.09257129	-0.16179866	0.09655644	0.10005398	0.17934999	0.11117061	-0.107397445	0.12375952	-0.053326227
-0.13824058	-0.083155625	0.13536426	-0.060885392	-0.13526955	-0.075332716	0.031230818	0.09969603	-0.11147561	0.090093486
-0.011381023	0.0031266895	6.7956134e-05	-0.035105705	-0.0030497613	-0.008088407	-0.044730775	0.00013916822	-0.0029477212	-0.025463847
-0.0038732507	0.01350584	0.00047288727	-0.040924422	-0.021485068	-0.016615707	-0.015302759	0.011507384	-0.025349392	-0.022189287
0.03794306	0.031467326	0.05660406	0.04142415	-0.0415629	0.015482762	0.045222607	0.024939295	0.0060685384	0.009054152
-0.01922783	-0.04223382	0.049962282	0.01176945	0.03406778	-0.026187664	-0.0051622507	0.050695904	0.032416545	0.035339426
-0.04048866	-0.039866976	0.018534523	-0.037411325	-0.104200415	-0.08160742	0.025495192	0.09270802	-0.035447672	0.03971948
0.0014342193	0.012627236	-0.060668714	0.0062217577	0.052016657	0.05937658	0.031067967	-0.06771718	-0.018926928	0.004670917
0.0008922483	-0.042940415	0.021228839	0.026299158	0.034983177	0.005477839	-0.010904128	0.018399289	-0.036651645	0.0043386715
-0.030315123	0.039256867	-0.0026182986	-0.0076094014	0.010944228	-0.013568497	-0.026687682	-0.02109357	0.04499479	-0.044331897
-0.045637015	-0.020667126	-0.0014588289	0.009774582	0.010147161	-0.0026746646	0.018582098	0.049405545	0.014295927	-0.015501742
0.01648298	-0.0081500765	0.025337819	0.032056127	0.018296115	-0.003173105	0.02353776	0.005915794	0.01095757	0.00033264555
0.014442573	-0.034501575	-0.03411461	-0.053027216	0.013051784	3.3264336e-05	0.02381231	0.03943875	-0.005475732	-0.02075971
0.060302503	0.031309538	-0.017327318	-0.018513298	0.045878053	0.030673545	-0.030674681	-0.052951857	0.024386276	0.0042639812
-0.081140414	-0.13701245	0.12673648	-0.052654948	-0.07901594	-0.11636477	0.031284176	0.049839634	-0.05143949	0.05163415
0.04589282	0.025245087	0.03217155	0.008463655	0.057042178	-0.016735343	-0.0004340471	-0.054158498	0.054206595	0.002150983
0.048544798	0.057508897	0.012428665	-0.021578504	0.035136953	0.0017459313	-0.03669941	0.019133944	-0.005202	0.003294894
-0.009026251	0.0021725304	-0.012357055	-0.026685541	0.008398176	-0.05037697	-0.045797616	0.03726866	-0.007820648	0.036366165
-0.036297977	-0.03492984	0.003439631	0.0003684228	0.047647387	0.03084382	-0.015584485	0.006291431	-0.00040305976	-0.036778584
0.001716376	-0.027863568	0.0003699137	-0.004306912	-0.027614651	0.030913033	-0.031929478	0.03138141	0.01685318	-0.044291727
0.046273027	-0.01488935	-0.03310934	-0.048124287	-0.029399663	0.016523875	-0.061459493	-0.029068511	0.022587428	0.018469675
-0.028612357	-0.0027682714	-0.0035992942	-0.029353969	-0.03121547	-0.0643535	0.0101774	0.02173581	-0.07070345	0.020673944
-0.0104563115	0.0013227526	-0.010968841	-0.032253493	0.015683135	0.0047047082	0.015337858	0.012893339	-0.012824848	-0.024903689
0.03202514	0.0079281395	-0.018944884	0.021578025	0.020336017	0.040571332	-0.0011910801	0.05214707	7.311666e-05	-0.023662318
0.035311308	0.049555436	-0.06345457	0.006231614	-0.013492072	-0.010648378	-0.022641296	-0.035672903	-0.013325702	0.01669058
-0.04184936	-0.014765312	0.05184737	-0.006983637	-0.046492007	-0.05397151	-0.00026683946	-0.0038666278	-0.03130908	0.019306593
0.044734374	-0.0029843687	-0.0056072804	0.039922174	0.045834586	-0.026621165	0.06329501	0.0101449825	0.03803538	0.027837545
-0.010364184	-0.06570882	0.07606612	0.0027724917	0.0036454995	-0.06970258	-0.10076247	0.017943501	0.0034940445	-0.04631425
0.011960647	-0.06101955	0.05224805	-0.052575678	0.015813233	-0.022446807	0.038535725	-0.010801133	-0.04042272	-0.0009872718
0.025845222	0.013958943	-0.008788765	-0.0034210475	0.054942504	0.09107632	-0.007166492	-0.036307912	0.093119025	-0.023601785
0.004969267	-0.027417881	0.026899612	-0.053526472	-0.018783933	-0.021744065	0.016483447	0.028549917	0.020871853	0.036765173
0.014882578	-0.036431253	0.04171255	0.015032257	-0.03395505	0.038460664	0.015853258	-0.034757603	-0.02525984	-0.03828924
0.0127832685	-0.0035743157	-0.04647695	0.028211717	-0.033211306	0.06576217	-0.018329842	-0.021637345	0.0017701247	0.024103947
-0.035013586	-0.00022899071	0.08670969	-0.028579388	-0.023354815	-0.057891484	-0.013198003	0.059827	-0.07016685	0.07869861
0.053813864	0.037064936	-0.05902373	0.08698272	0.08279327	0.03951826	0.047082465	-0.04083785	0.07034867	0.023462648
-0.015116203	-0.040078133	0.053543665	-0.05596566	-0.03917103	-0.06937227	-0.0050069676	0.04256211	-0.06115887	0.06061264
-0.033446282	-0.02528813	0.034972746	-0.044556715	0.018641122	-0.05188519	-0.0317721	0.032517742	-0.04447138	0.038953245
-0.00063288904	-0.063728586	0.021546105	0.010451036	-0.043386716	0.002026016	-0.047269974	0.07163263	-0.029059011	-0.010158342
-0.012094783	-0.013705096	-0.03059467	-0.044107493	0.015407673	0.04113092	0.035279736	-0.0041249157	-0.045786135	0.00759386
-0.025855035	-0.008090904	-0.007778051	0.020336771	0.005964197	0.0051377527	0.021156326	0.035205856	-0.049252253	0.0031730135
-0.07664836	-0.082632124	0.04246266	-0.07003306	-0.06442295	-0.06399787	0.076508366	0.071714625	-0.04027853	0.08521801
-0.096666545	-0.0151040675	0.04744908	-0.011826339	-0.010538917	-0.060960203	-0.10017642	0.07346539	-0.04099724	0.011034106
0.029113406	0.015206412	0.0068395794	-0.05964057	0.023125837	-0.054580204	-0.053837877	0.008291842	0.025589392	0.004629282
-0.032960508	-0.013222563	-0.005751129	0.02136828	-0.02991642	0.014058767	0.01667015	-0.008429368	0.0012271049	0.051407956
0.050637685	-0.019122735	0.039965168	0.037018675	-0.0019777268	-0.013527704	0.022990724	-0.0017010857	0.0010514301	0.01977136
-0.029419027	-0.060641907	0.053530708	0.018723812	0.021607764	0.025590274	-0.0555038	0.04262455	-0.052056395	0.010385687
0.033549674	0.02953657	0.00045187873	0.01670161	-0.0008007032	-0.06134454	-0.015195101	0.031078927	-0.024251696	0.0183071
0.05120378	0.0246265	-0.046423487	0.0011882351	0.039780207	-0.0019916098	0.023785615	-0.06714521	0.028410412	-0.004625203
-0.0733342	-0.0118579	0.0064230366	-0.0876764	-0.046213884	-0.07995913	0.066198975	0.021206737	-0.05319245	0.009351797
0.06484785	0.011215147	-0.035324078	0.054180488	0.05799794	0.07834429	0.0404534	-0.010086345	0.051990125	0.018092062
-0.03897017	0.0053893626	-0.02542721	-0.0042146593	-0.020164935	0.0043439795	-0.026438072	0.037005324	-0.03891165	-0.00978765
0.003037409	-0.024990711	-0.02149961	-0.008325488	-0.0066057136	0.013340111	-0.01419513	0.013656303	0.038474742	0.03527716
0.0052760122	-0.05725761	0.016813869	-0.033609495	-0.039764825	-0.022737749	0.02070703	-0.032657012	0.008246047	-0.013074136
-0.06626433	-0.018463187	0.028776133	-0.025994563	-0.031167975	-0.046401456	-0.047353998	0.057813533	-0.023983244	0.016863082
-0.016795918	-0.012199339	0.0011898335	-0.022633549	-0.0045211026	-0.037260767	0.01010479	0.023516415	-0.050525665	0.016366981
-0.016103689	-0.015585799	-0.020121599	0.064069	-0.022981536	0.07148946	-0.007245291	0.022971876	-0.022846354	0.015140541
0.017778927	0.011408186	-0.03900468	0.0062857205	0.007084438	0.073849306	-0.014292683	-0.071801394	0.06700088	-0.04263977
-0.025754929	-0.020819461	-0.008033496	-0.032350115	-0.005977279	-0.0032443928	-0.01755939	0.023775443	0.0062453435	0.031281915
-0.016857214	-0.101196416	0.07212677	-0.04124439	-0.013337398	-0.012588196	0.0010823887	0.02964189	-0.0188554	0.048456434
-0.08341123	-0.024005618	0.018573549	-0.026185876	-0.075990684	-0.049485665	0.031064546	0.032272454	-0.049137346	0.014924264
0.12506415	0.07002025	-0.07750357	0.0585455	0.060399573	0.07977319	0.057818107	-0.06852913	0.11117069	-0.019833094
-0.053873748	-0.0015844916	0.026594792	-0.043004986	-0.06826781	-0.056627493	-0.03896006	-0.000984442	0.012363559	0.031203778
-0.05646632	0.021170044	0.02866567	-0.04716848	-0.0123357475	-0.04454113	0.02977289	0.018494204	0.007101269	-0.024313007
-0.016818453	-0.076874726	0.07918696	-0.07963205	-0.004338555	-0.022744566	0.05678687	-0.0032047979	0.009941343	0.044713665
-0.047728214	-0.007377439	0.0061096456	-0.015104946	-0.080126375	-0.066807166	0.07758625	0.019859526	-0.07232071	-0.0068323463
0.06884848	0.02536392	-0.024107179	-0.0069174212	0.034578472	-0.0051143556	0.020516139	-0.007474227	-0.014690387	-0.03051999
0.02667414	-0.0011830977	-0.0325343	-0.04264416	-0.030253068	-0.024835331	-0.04872904	0.029862352	-0.020855183	-0.014886417
-0.010721013	-0.010905886	0.0015007328	0.033840213	0.053109642	-0.011867824	-0.024882663	-0.017877122	0.058563817	0.0029967562
0.021760281	-0.029915132	-0.05000279	0.036346827	-0.018333454	-0.035588022	-0.06198593	-0.004940623	-0.008498904	-0.048942745
0.030088704	-0.011821263	-0.035865802	0.045368433	0.015726112	0.027689755	-0.019600427	0.016688311	-0.016099066	-0.003852445
0.05943075	0.036044214	0.0020512245	-0.0042554867	-0.01213788	0.0785871	-0.032534603	0.011388445	0.01148353	-0.036023904
-0.056401778	-0.029720347	0.036290504	-0.0712304	-0.0470334	-0.107253045	0.06286322	0.051231597	-0.11708515	0.07867724
-0.05089379	-0.0007795414	0.031191316	0.019381754	0.013697134	-0.046327077	0.024906293	0.054281704	-0.0076416284	-0.015030596
-0.05151402	0.005947274	0.08926406	-0.039665837	-0.00015014026	-0.09321211	0.03897903	0.05454345	-0.07574101	-0.009971972
-0.031616423	-0.0014353115	0.014222202	-0.018973364	-0.012946677	-0.032349236	-0.04848224	0.028398331	0.027698942	0.01903488
-0.015058291	0.022737421	0.036197003	0.04285749	-0.03354643	-0.0074563934	-0.030643325	-0.0071760886	-0.033663638	-0.037993725
0.03678168	0.0027671661	-0.026810655	0.037972677	-0.021315772	-0.024135832	0.027883042	0.023904305	-0.020688437	0.047545463
0.0014184355	0.020491172	-0.021377524	-0.029293224	-0.02914376	0.032661192	0.023870882	0.0028532587	0.06058332	-0.016700137
-0.008249088	-0.0036658926	-0.02885229	0.029873505	-0.02221101	-0.0056075878	-0.046913654	-0.06189926	-0.013177623	-0.06815376
0.07096721	0.012130626	-0.001996846	0.058914572	0.059103414	0.073426895	-0.10447659	-0.011604889	0.0033947353	-0.0618388
0.016222563	0.015909579	0.013564934	0.013432884	0.045885097	0.03886819	-0.008840144	0.040975362	0.029616592	0.032810584
0.046988457	-0.025304323	0.015751733	0.03973073	-0.026805852	-0.007094836	-0.016306875	0.022336835	-0.023981724	-0.036113888
-0.03470386	-0.05953895	0.047427516	-0.020271469	-0.046866294	0.013940129	0.03087555	-0.003344264	-0.017244149	-0.0005353262
0.0040850006	-0.054640338	0.055666797	-0.046660375	0.041121814	-0.009271013	0.026480496	0.050217707	0.0032249533	0.027733251
-0.0033651956	-0.025850978	0.021914724	0.0529175	-0.039272152	-0.029623	-0.052961785	0.024934929	0.016699966	0.007522148
-0.010266224	-0.0008012044	-0.019881263	-0.051103186	-0.028051836	-0.06152871	0.044676732	-0.013952699	0.015359027	-0.018898182
0.011321057	-0.051484372	0.0030653896	-0.04219746	0.027587604	-0.032764986	0.056461956	0.051740054	0.005984719	0.045969468
0.048583873	0.06740247	-0.01830015	0.030788178	0.050876245	0.05601794	-0.031782426	-0.0038464568	0.036479805	-0.07295546
0.025096333	0.047787655	-0.014049498	-0.022647081	-0.041016575	0.026829913	-0.0043271347	0.0156533	0.004843543	0.043056633
-0.047352135	-0.0439537	-0.030225215	-0.061120026	-0.03136293	-0.029715518	0.0022597048	-0.011588101	-0.027179845	0.025717923
-0.011831869	-0.05569279	0.041652873	-0.01921759	-0.031613424	-0.039883118	0.0039167255	0.035678826	-0.0331742	-0.003968922
0.061848737	0.037221063	-0.013682283	0.02901663	-0.010830395	0.062641025	0.054825705	-0.013742335	-0.00033496923	0.018278118
-0.007971034	0.016587282	-0.009696399	0.017078124	-0.044924013	-0.04083633	0.012318276	0.02010267	-0.017827306	0.012763387
-0.013448995	-0.018628146	-0.009872364	-0.00018747499	0.0027531558	-0.011630358	0.055029266	0.060242746	-0.039188232	0.023930937
0.01893887	-0.013276042	-0.01503271	-0.021274552	0.06802853	0.03935153	-0.020277524	-0.0037817268	0.054688286	-0.021799782
0.038982905	0.045875993	-0.025989613	0.0011191021	0.02804471	-0.01643886	0.027083507	0.015817	0.030625109	0.04221425
-0.055639967	-0.07148441	-0.019743102	-0.014868123	-0.05720093	0.0066554984	0.009832298	0.018106008	-0.026352925	-0.021931047
-0.047295734	0.004372168	-0.032187995	0.0030763075	0.027089411	0.032325435	-0.012828753	0.029254803	0.005823928	-0.012724291
-0.051938754	-0.031198448	0.085372716	-0.031794794	-0.0405098	-0.06780376	-0.023233218	-0.014915428	-0.0714546	-0.003098765
-0.0041075014	0.040730152	-0.025175167	-0.04439694	0.007661039	-0.039144073	-0.01678832	-0.05128128	-0.037751414	0.025342982
-0.080162965	-0.03534857	-0.0016299469	-0.035269428	-0.018851612	-0.053279366	-0.024985684	0.045777034	-0.014851496	-0.007532261
-0.062374935	0.027160864	0.055713587	-0.028466612	-0.008530192	-0.0066224276	-0.039562255	0.031648856	-0.0134678455	0.016448883
0.02898252	-0.023185454	0.012711105	-0.03350718	-0.04548308	0.03494008	0.053011235	0.02578203	-0.0018159016	0.02101499
-0.07663698	-0.00418324	0.03898034	-0.04516451	-0.014253928	-0.08695512	-0.050910857	0.008935548	0.0106662	0.011965291
0.06977285	0.10699157	-0.12041487	0.13028768	0.08851111	0.07951014	0.008063585	-0.10429279	0.07066759	-0.054996226
-0.077167325	-0.015172357	-0.01178401	-0.024038063	-0.03632445	-0.008733804	-0.0066555613	0.050248668	-0.07445385	0.042450875
0.1233474	0.067109734	-0.0836596	0.0615712	0.108943716	0.11903566	0.015101511	-0.02733422	0.0986222	-0.017136838
-0.032822352	0.016093891	-0.032529503	-0.013652906	0.03776698	-0.0488596	0.0029348396	0.03116585	0.025547266	-0.014619267
0.060754355	0.06163758	-0.048273925	0.08230052	0.069524735	0.08805438	0.05801074	-0.018877221	0.095488615	-0.0083971
-0.00021152016	-0.0005759347	-0.0012167728	-0.028320353	-0.010044221	-0.033662673	0.026527721	0.069629654	0.017124718	-0.037814826
-0.005826445	-0.034171075	0.032043368	-0.012607177	0.006503407	0.01949926	-0.018085033	-0.005436904	-0.037967723	-0.0122293485
-0.052022327	-0.036583442	-0.010163483	-0.0094516575	-0.05609269	0.026072735	-0.045142833	0.036133002	-0.014749893	0.029141767
0.009398224	0.022823036	0.015835263	0.0290363	-0.009733681	-0.044046737	-0.03545142	0.040801	-0.024909714	-0.040126994
0.052737664	0.022073295	-0.041229732	0.092424095	0.09241014	0.018351927	0.062336333	0.00096211646	0.06416321	0.027859084
-0.06834005	-0.049278162	-0.01788761	-0.008426329	0.0020833733	-0.0015743705	-0.0023256724	-0.03574743	-0.0010812032	-0.029047532
0.017903278	-0.008737281	-0.020763107	0.027347947	-0.033564314	-0.04763871	0.042890307	-0.012656832	-0.025887568	0.040365722
-0.038169052	-0.04514749	-0.014939145	0.006445032	0.008991156	-0.03119827	0.021744987	0.0530531	-0.07028804	0.025970438
0.004430237	0.011597368	-0.02079212	0.0025985881	-0.015215003	-0.011612245	-0.0051017525	0.023186956	-0.032712266	0.03446964
0.023634374	0.0063209157	-0.05989633	-0.0015819605	-0.0064505376	0.039177004	-0.04089691	-0.072783135	0.06265252	0.009303582
-0.022490488	0.031349037	0.0024591114	0.032832358	-0.017746314	-0.028507628	0.012284107	0.0005651168	-0.031897083	-0.0016350757
0.027141055	0.021601142	-0.0076338723	0.01044663	-0.069072485	-0.059733786	0.028285261	0.043387808	-0.050729707	0.010661916
-0.010252112	-0.0033145784	0.03130157	0.014212362	0.0035787616	0.031064874	0.016359532	-0.043068744	-0.03649557	-0.022509927
-0.012702207	-0.03633631	-0.015557272	0.020344537	0.039084163	0.058498595	0.021918729	0.009496602	-0.007177746	0.0018404356
-0.053380914	-0.07502019	0.01753586	-0.041632336	-0.06674495	0.005189108	-0.012584107	0.030756017	0.010172598	0.071069114
-0.034383204	0.014611919	-0.022813635	0.008463626	-0.038181983	-0.017891124	0.057582766	-0.011782533	0.028921992	-0.0159497
0.023558967	-0.021912249	-0.02345977	-0.0124202715	0.044705413	-0.035159517	0.02684051	0.011255886	0.004918908	0.03083612
0.008755668	-0.04447398	0.0008196501	0.011076398	-0.005336828	0.0073459563	0.016117504	0.052490104	-0.04023902	0.022136029
0.01562216	0.0026647765	0.01566851	-0.0018227416	-0.06519513	-0.028585086	-0.0083975885	0.054442313	-0.039223105	0.041820362
0.031275928	0.0077348505	0.033907957	0.020498808	-0.026366336	-0.0031234869	0.052896854	-0.0150417015	-0.016760426	-0.0027679296
-0.051509477	-0.029971525	0.025899926	0.018940382	-0.03953278	-0.03106031	0.0024558245	0.05513908	0.021456614	-0.03564756
-0.007015569	-0.030943234	-0.002741686	-0.015952278	-0.012944862	0.034800645	0.016239638	-0.03401938	0.013737823	-0.041620877
-0.020092038	0.022987295	-0.0332252	-0.021281933	0.016504645	0.021686474	-0.043769788	0.058237966	-0.048292186	0.041124023
0.008977567	0.013411718	-0.038351253	0.018371688	0.02794775	0.014421881	0.036577888	-0.005417655	0.04691627	0.005188762
0.061202783	0.004567209	-0.034591578	0.05340314	0.031973183	0.019497218	-0.054665256	-0.023495685	0.028908055	-0.0079628015
-0.00993853	0.02008997	0.031515695	0.01700836	0.022929564	-0.046021525	0.05295985	-0.022670526	-0.047964346	-0.013518876
-0.0013966026	0.03752087	-0.0016264291	-0.024654139	-0.0007256719	-0.04349625	-0.01632585	-0.035231948	-0.046581294	-0.02094497
0.03535329	0.023524899	0.030445239	0.012143109	0.020775313	0.062901184	-0.0030106297	0.020042572	0.004336729	0.0042589842
-0.09263664	-0.0018273972	0.01284319	-0.07892586	-0.082571246	-0.041846782	0.0044474383	0.039144725	-0.08053107	0.020282911
0.053492077	0.003569733	0.033882014	-0.028009882	0.044328213	6.860785e-05	0.052516367	-0.0019759368	0.0536414	0.034052595
-0.042022053	0.009197834	-0.007757131	0.014579259	-0.030845705	-0.043014888	0.0343891	0.06358322	0.0077809473	0.06854394
-0.021491788	-0.067488864	-0.013140872	-0.038638864	-0.028682932	-0.05201131	0.0011141985	0.06859685	-0.023550557	0.045060672
0.005489538	0.006429267	-0.008057157	0.02616246	0.05684463	-0.003119143	-0.019961802	-0.011393936	0.0110640945	-0.0038313167
-0.04994292	-0.017538635	-0.00027807296	-0.0400791	-0.06795004	-0.022473857	-0.01807119	-0.011273066	0.00937095	0.060243543
0.030447926	0.029032065	0.016408024	-0.017239653	0.03746576	0.0029437693	-0.056146186	0.0024494892	-0.018138494	-0.02627849
0.045096546	0.021881923	-0.039642908	0.08341056	0.026006155	0.022013268	-0.061990574	-0.09364569	0.037037056	-0.082069576
-0.03925038	-0.054235194	0.058209557	-0.009793844	-0.008280272	-0.046666235	-0.012495649	0.021927794	-0.048990346	0.03210057
0.0910173	0.021264436	-0.041695666	0.022310814	0.0052576857	0.030549917	-0.04228395	-0.084534116	0.08544323	-0.033536468
0.0032120913	-0.023006396	0.035676096	0.05778542	-0.013623889	0.017491221	0.027447937	-0.005277692	-0.025121706	-0.022995217
0.023279678	0.041481473	0.03573669	0.023204353	0.0027844307	0.04117375	-0.013034171	-0.03946656	-0.021203639	0.021364147
-0.0140349055	-0.007608078	0.01873317	-0.0105429	0.02173695	-0.026045917	0.017204493	0.034819998	-0.044085346	-0.048090395
-0.0060547697	-0.0026958883	-0.0075460062	0.022606542	0.028502578	-0.0063351737	0.018597828	0.01642692	0.03847911	-0.0047594896
-0.004175507	-0.007585543	-0.0039156955	-0.0002540353	-0.02676541	0.008084913	0.051971402	0.0002757566	0.01631611	0.034389652
0.049398728	0.030318214	0.010070442	0.016161518	0.04008777	0.029154198	-0.024137963	0.0025990268	-0.027064158	0.028372109
-0.015800476	-0.03499085	0.025687354	-9.247535e-05	0.003546544	0.04094129	-0.03251588	-0.04664807	0.033473525	0.03014857
-0.014078789	-0.061930828	-0.0057356865	-0.047610566	-0.061180335	-0.07784132	0.05498616	0.03306165	-0.08049705	0.019928062
-0.010713321	-0.0015743589	0.048245635	0.024756933	-0.03451423	-0.04477634	0.0144314505	-0.016045848	0.02539293	0.028014591
-0.028777527	-0.056741714	0.024729727	-0.00714051	-0.069748305	-0.04962606	-0.005083269	0.043637674	-0.065210536	0.06615171
-0.06877399	-0.0040849526	0.057483263	0.00065564114	-0.018586962	-0.09236018	0.05871394	0.05335628	-0.072291605	0.04903746
-0.044097308	-0.0710168	0.050710827	-0.04447522	-0.0025331567	-0.0070360834	-0.0012527703	0.026026657	-0.07812621	0.06545882
-0.02862105	-0.0381281	0.0111559415	-0.0396575	-0.0068730935	0.014673248	-0.032276228	0.04035668	-0.0066688103	-0.0067235427
-0.04996053	-0.0040666037	-0.019354647	-0.042838182	0.009506068	-0.0043872646	-0.02232625	0.027201958	-0.021728233	0.04931628
0.014273835	0.008318878	-0.0144914305	0.009144536	0.08392593	0.030494604	0.06383606	-0.054556154	0.09851862	0.02140187
0.036862645	-0.0023766817	0.047836576	-0.037998833	-0.01701231	0.0044298177	0.04371932	0.012672794	0.03055106	-0.002947456
-0.07301794	0.0031543237	0.020680154	0.026799738	-0.007268254	-0.0047052423	-0.07263483	-0.033926256	-0.03975525	-0.005134907
-0.047357608	-0.05352362	0.019865403	0.021112045	0.016316112	-0.0007109604	-0.060964506	0.03535438	-0.042920865	0.0464204
0.01831435	0.020409165	0.039153714	-0.007962623	-0.03099628	0.018849276	0.0136509845	0.019935273	-0.014740341	0.0009998113
-0.018815406	-0.058910973	0.0034955994	-0.092909805	-0.03618008	-0.08410045	0.018844174	0.08463933	-0.06462635	0.0048962655
-0.0072840885	-0.001984138	0.044359673	-0.0061193905	0.0440986	0.019594064	-0.028845347	-0.013261219	-0.021699296	-0.027344747
0.0018971484	0.011563602	-0.02844841	0.012659405	0.0043608625	0.014869105	-0.024766052	0.0039875233	-0.0047788313	-0.015874552
-0.0074627716	-0.017650627	0.042799197	-0.02848842	-0.023222536	-0.001695806	0.041335966	-0.016728695	0.019952249	0.017934099
-0.041603908	-0.03887825	-0.0037647025	0.017314548	-0.051077828	-0.00858958	-0.021169238	-0.00840982	0.010619553	0.0054687033
-0.009619522	-0.011715375	0.047551237	-0.05992877	-0.027138233	-0.053223833	-0.010094013	-0.007927787	-0.005697827	0.007462328
0.052029494	-0.007312778	0.0019791157	-0.0075883325	-0.011954343	-0.013813632	0.03384804	-0.017408933	0.010026542	-0.028774666
-0.041900814	0.022812765	0.04412566	-0.0005492168	-0.043706473	0.014598071	0.018955896	0.0027286205	0.015037922	0.020341856
-0.062783614	-0.02859484	-0.015082543	-0.054467063	-0.011852506	-0.023113934	-0.03139029	-0.02945699	-0.014344254	0.04718042
-0.07011438	-0.06967239	0.07054485	-0.014093714	0.017899003	-0.004329469	-0.03563343	-0.015331908	-0.03598861	0.06092228
-0.03425769	-0.007537613	-0.02653459	-0.007715851	-0.010701223	-0.046102617	0.0049595693	0.012510738	0.022447702	0.041899603
-0.009362238	0.040924463	-0.033432983	0.016948322	0.05227453	0.04912281	0.03693444	0.0026312298	0.050847646	-0.0057200957
-0.015960047	-0.0010079874	0.0022928503	0.024183478	0.05056608	0.028267963	0.009169059	-0.066829175	0.024360513	0.0071867937
-0.006429688	-0.044489525	0.013498681	-0.028934782	0.032798123	0.036210526	-0.030902617	-0.030381575	-0.031246848	0.023382388
0.045507286	0.040567152	0.041693427	-0.03402389	0.040554743	-0.034706637	0.012794249	0.040208768	-0.025470644	0.0324986
0.033048585	0.018613322	-0.04795431	-0.035444167	-0.03572076	-0.03881714	-0.005467854	-0.041099917	-0.03477887	-0.011941504
-0.016044592	-0.02059774	-0.0211302	-0.04173041	-0.04609594	-0.022051683	0.026568905	0.0062996987	-0.043324746	0.023515604
-0.019723907	-0.01855018	0.042660385	-0.01772644	0.040426083	-0.04286689	0.0151924845	0.0062778215	-0.023510102	0.0024313373
-0.0478329	-0.022566	0.050166912	0.007825261	0.031705532	0.01271473	0.034397278	-0.031829253	-0.007234485	-0.014970495
-0.03666047	0.026783062	0.05354128	-0.033725377	-0.037579913	-0.011260304	0.019086141	0.0020459376	-0.020151278	-0.01729198
-0.04112977	0.038479984	-0.0019370664	-0.018572994	0.0022893343	-0.007403248	0.010133362	0.027533973	-0.0154706575	-0.048674364
-0.006710307	-0.006371823	0.021322556	0.049374286	0.030897753	0.052625574	-0.0074631614	-0.012203854	-0.025179468	0.02631897
-0.010611508	0.025286863	-0.047539234	-0.014089399	-0.012691216	0.035405423	-0.05202668	0.009099355	0.006990331	-0.07217783
-0.01796239	-0.040558897	-0.01695031	0.0033194297	-0.0002487482	0.010040657	0.024736714	0.050103627	-0.057424087	0.053480763
-0.019507779	-0.022588838	0.0070348717	0.03296426	0.04467036	0.040117063	-0.025168125	0.05089642	-0.034715593	-0.0045083673
0.046715934	0.010586237	0.022819957	-0.00945166	0.009906144	0.009026379	0.0012905303	-0.042159215	0.016066369	-0.049869493
0.0968406	0.002282116	-0.06979664	0.026451824	0.009905132	0.07507951	-0.019500924	-0.049205247	0.07755778	-0.014557242
0.045908663	0.020568946	-0.02390369	-0.029779533	0.016817968	0.019037874	-0.00868419	0.053306952	0.03495183	-0.015566571
-0.02441674	0.006583286	-0.012270352	-0.029091315	-0.008284121	-0.016029239	0.06849743	0.013473903	-0.020138798	0.031297114
-0.022561636	-0.055530142	0.046064984	-0.020880762	-0.068449356	0.007033121	-0.031947814	-0.001762795	0.014048151	0.02009764
0.00047737584	-0.046727575	-0.0125554325	-5.8090234e-05	-0.043233603	-0.0465258	0.029876549	0.041793894	-0.06020242	0.016605577
0.00037239766	0.018090466	0.011118326	-0.064132005	-0.07611512	-0.020326685	-0.017047217	-0.012665602	-0.02030766	0.02360037
0.05368595	0.09440699	-0.06393113	0.02491742	0.030014442	0.058752198	-0.047554962	-0.08486887	0.059769765	-0.0051502725
0.02365285	-0.026088927	0.022230469	-0.031172296	0.003353426	-0.047000542	0.022844527	0.0332077	0.012118725	-0.017522993
0.012961358	0.014172838	0.013552341	-0.04140531	-0.0033552805	0.022152452	-0.0087814275	-0.028741963	-0.026797876	0.024978023
-0.049462777	-0.03459362	0.034031216	-0.030571163	-0.03195324	0.007492798	-0.011077522	0.008741925	0.036894243	0.030073088
-0.0029899671	0.0062407064	-0.015989246	-0.03749311	0.02984751	-0.06376383	-0.02651172	-0.02256243	-0.040636934	-0.017977022
-0.021727014	-0.044560395	0.007274871	0.034731958	-0.0024708377	0.040363975	0.051347546	0.047775004	0.030243494	-0.0035136153
-0.003572353	-0.009120636	0.024418661	0.0011797261	0.009797928	0.025676336	-0.021314882	0.024787188	0.02566621	-0.0021783721
0.04843446	-0.013237729	-0.007201966	-0.026011873	0.050305445	-0.02416306	0.03400736	0.028241836	0.011702724	0.008929953
-0.009288455	-0.069833934	0.0026526314	-0.019496568	-0.022129329	-0.050027397	-0.016909862	-0.005966084	-0.047522735	-0.018215114
0.072289445	0.053474985	-0.023305448	0.0671733	0.0021909506	0.08069734	-0.045757458	-0.009362241	0.03384421	-0.047696434
-0.0024768137	0.004818288	0.024614295	0.008627963	0.004739079	0.0072493143	-0.0065013263	-0.028739244	0.038824372	-0.028618116
-0.039873704	0.036345094	-0.012975182	0.029872857	0.016062431	0.0336369	0.022953525	0.020302638	-0.037087873	-0.0014298162
-0.0424692	0.008219918	-0.027537622	-0.005652581	0.017853305	-0.011733471	0.021921413	-0.053215288	0.046306588	-0.014449963
-0.013910516	-0.019054608	-0.016074404	7.070767e-06	-0.050377633	-0.01723897	-0.007652103	0.028742399	0.045233864	-0.012875892
0.0045696935	-0.04698411	0.02291746	-0.034717925	-0.032158054	-0.013810924	0.029440418	-0.046311144	0.013667606	-0.047971662
0.018203484	0.03963472	-0.028510498	0.011629051	-0.027898593	-0.008989454	-0.033615068	-0.039239738	0.018982342	0.036451362
-0.034460377	-0.03137613	0.029867595	-0.07168026	-0.04555582	-0.025893753	0.016619163	0.022251649	-0.10102164	0.058910113
0.0551355	0.12384397	-0.034922123	0.094187446	0.08294507	0.11329726	-0.028204994	-0.06326059	0.09069899	-0.047677692
-0.01721473	-0.0039287615	0.034485843	0.026109612	0.027395433	-0.025520911	0.08216645	0.04828486	-0.0010883196	0.021925546
0.03655901	-0.008691905	0.0076979115	-0.025401426	0.017744463	0.048910704	0.043919392	-0.04751	-0.044076547	0.010775634
0.016530626	0.038213108	-0.009876146	0.018912027	-0.017387357	-0.021446032	-0.025303561	0.0016923096	0.044770204	-0.023588166
-0.027057223	-0.024818132	-0.022475587	-0.037186947	-0.049619548	0.014302486	0.02273529	0.011576759	-0.003998141	-0.03327344
-0.001380863	-0.008536861	0.071541384	-0.07333022	-0.065282784	-0.013586912	-0.0020078837	0.064195715	-0.05639923	0.00380729
0.040768694	-0.00048784996	-0.045452166	0.06716732	0.04699111	0.08729595	0.0046544517	-0.011650271	0.03335254	-0.00976379
-0.056246452	0.041461613	-0.027892118	-0.009843579	-0.0325248	-0.010417704	-0.038935956	-0.0047244085	-0.04995976	0.020126369
0.0053016245	-0.025431333	-0.007505082	0.03126094	0.033969205	0.054483697	-0.054408938	-0.040801987	-0.015862336	0.020014515
0.04207321	-1.6380838e-05	0.015154441	0.010623412	-0.004238523	-0.035196234	0.05877681	0.026613975	-0.04288426	-0.03379763
-0.05658839	-0.0082437005	0.04529763	0.0037627087	0.0022744641	-0.009958003	0.017348653	0.04999549	0.031136688	0.04224983
-0.03690482	-0.018608702	-0.018918801	-0.017652474	0.052461654	-0.025888013	-0.03186028	-0.03335142	0.043757137	-0.0031268592
-0.01284732	-0.016900327	-0.004141269	0.043307293	0.039535064	0.032949757	-0.039186627	-0.03979987	0.03555629	-0.07050887
-0.0263729	0.017325815	0.04969054	0.019026425	-0.023337964	-0.027455755	0.03433076	-0.0071582473	0.037923213	-0.028281298
-0.06679498	-0.012195986	-0.003056785	-0.027775995	-0.024196215	-0.002088755	-0.0001569183	0.04780856	-0.02595531	-0.022871925
-0.032699563	-0.076787576	0.0705029	-0.05833528	-0.06417155	0.010883533	-0.009537551	0.028844405	0.00932467	-0.008604546
0.08356909	0.043825846	-0.06744651	0.00514366	0.0007607019	0.069388494	0.013067084	-0.035492305	0.080832645	-0.052015763
-0.06220043	-0.031615503	-0.03658058	0.014822532	0.029319944	-0.006478393	0.008828357	0.05344103	0.009941684	0.009214839
-0.027432611	-0.07003518	0.044899624	-0.06824341	-0.07062741	-0.019548843	0.0007040389	0.023674157	-0.055800565	0.029031092
0.016161712	-0.0075976313	0.012329621	-0.023643307	-0.051028643	0.008234258	-0.033370767	-0.02888136	-0.018295513	-0.021334793
0.016807953	0.052878626	-0.06037539	0.050232712	-0.014007283	-0.005240012	0.049284067	0.013487207	0.038937572	-0.053540297
-0.028114777	-0.0019660955	-0.03513355	-0.03901538	0.013370909	-0.040136017	0.012574375	0.04237057	0.046953566	0.046970982
-0.013951952	0.0075308797	0.03241179	-0.026094168	-0.01608101	0.004301294	0.025908224	0.014636636	-0.042667992	-0.005127289
-0.025801636	-0.024676587	-0.026227698	0.052903745	0.0086629605	0.027817912	-0.048242457	0.027036533	0.024951939	-0.0010427668
0.0378056	-0.037735023	-0.029847316	0.02409914	0.021247648	0.0091908425	-0.018606916	0.03777533	0.024496626	-0.04533653
-0.02742722	-0.05391518	0.0118189	0.0116168335	0.008469668	-0.051555518	0.00686259	-0.033694047	-0.06391832	0.015470624
0.009424224	-0.008043357	0.006204227	-0.017636819	0.07607486	0.06812243	0.0057972143	-0.007568095	0.03191452	-0.061152555
0.02297598	0.00901054	-0.012507707	-0.028457982	-0.03992121	-0.024802776	0.0032970256	0.017372724	-0.009189603	0.039368406
0.015264011	-0.0026101684	0.053580783	0.03256862	-0.020181755	-0.019836146	0.0453682	0.0076570096	-0.055019222	-0.0009332376
0.014412226	0.024598924	-0.04907707	0.063921794	0.06687844	0.03652016	-0.050721377	0.023139777	0.06798999	0.017899992
0.04649193	-0.0100357095	-0.012677159	0.012253323	0.017669676	-0.03254678	-0.028376019	-0.03381352	0.04155469	0.012491858
-0.04508957	-0.093749404	0.04022977	-0.01413707	-0.06736676	-0.028747099	0.010370488	0.043705326	-0.015134187	0.054120235
-0.00914875	0.064586364	-0.04190389	0.0062252954	-0.0076023694	0.02086635	0.036772642	0.024116194	0.051829208	0.009707011
0.014624705	0.023230525	-0.024940718	-0.03984573	-0.048739433	-0.025971217	0.031445086	0.034202978	0.04791667	0.025281994
-0.08425014	-0.07235228	-0.0073051644	-0.05398629	-0.027578719	-0.07864989	0.06950697	0.01313906	-0.051803898	0.023014722
0.013928112	-0.04141171	0.0012644741	0.008494292	-0.041997574	-0.051881634	0.06111284	0.0060218433	0.011742535	0.02643005
-0.1065268	-0.0765976	0.039914098	-0.05698522	-0.07347519	-0.02872643	0.045864776	0.09816688	-0.03716722	0.024898386
-0.0048556617	0.012657115	0.07809425	-0.07529819	-0.023532027	-0.013085667	0.015483549	0.06698072	0.0104451375	0.025667457
0.012316647	0.009324851	0.052362084	-0.004752011	0.023053933	-0.02709525	-0.02077581	0.048341032	-0.009367388	-0.009029068
-0.012502353	-0.011831364	0.008034702	0.024143966	-0.035485007	-0.006889564	0.0051545277	0.03750208	0.008283158	0.049878355
-0.019405786	-0.04929225	0.03937401	-0.068013676	-0.07029025	-0.023054188	0.008803453	0.061788823	-0.016142273	0.0659139
-0.008912722	-0.021880357	0.04699019	-0.04484205	-0.020391598	-0.0313168	0.011125472	0.003437427	-0.03700371	0.07498312
-0.012384161	0.045857567	-0.039617475	-0.031279214	-0.030959273	-0.003202295	-0.03289083	-0.055518985	0.023050187	-0.059499133
-0.0401032	0.02948943	-0.03827446	0.028918307	-0.04194143	-0.016102549	-0.06662995	-0.036865253	-0.041053392	-0.0007238676
-0.058259603	-0.04310785	0.047183227	-0.009064048	-0.050478667	0.010026706	0.020877482	0.007169337	-0.03944264	-0.0227697
0.02478004	0.029892933	0.039282296	-0.029290972	-0.013450982	-0.040907625	0.032933656	-0.03603448	-0.015407881	0.019541107
-0.016467452	0.045973014	0.00757105	-0.016050164	0.056753643	0.01718241	0.023485059	-0.0025068454	-0.019974303	0.0067157624
0.025644427	0.019593563	0.04854493	-0.020420525	-0.009244531	-0.02301339	0.03723861	0.024459995	-0.0069135367	-0.02222431
-0.031698268	-0.07469813	0.017662162	-0.024546562	-0.026693577	-0.007609374	-0.028426522	0.010930327	-0.03651795	0.02614321
-0.026456237	0.058029987	-0.005894208	-0.01542974	-0.029826138	-0.00087577413	0.010425738	0.014609101	-0.016772399	-0.05181574
-0.06506593	-0.01967462	0.0452287	-0.010138194	-0.060658097	-0.0014075696	-0.029054875	0.025102502	0.009453122	0.05356336
-0.0045794565	-0.004001416	0.021858217	-0.041698094	-0.038416192	0.01542798	-0.05570974	0.0044606347	-0.017729146	0.030287975
0.00677015	0.044471115	-0.07962488	0.031277157	-0.0107228495	0.07877471	-0.054516688	0.011799357	0.041550823	-0.0390601
-0.039515346	-0.019709298	0.027047612	-0.000647238	0.036035948	0.040769074	0.052085742	-0.021983923	-0.005375224	-0.04306104
0.004270272	-0.05321797	0.014436066	-0.046517055	-0.010562942	-0.006532087	-0.028839026	0.053426053	-0.021454643	-0.02041591
0.013672911	0.035142735	0.028736705	0.007904397	-0.029656757	-0.009864235	0.0032225405	0.04199348	-0.040036846	-0.036311515
0.033358876	0.03989579	-0.050556242	-0.023193682	0.063029975	-0.016173165	0.053458493	-0.02706925	0.058682088	-0.04414713
0.026561486	-0.024091916	-0.018254548	-0.012973812	-0.0033645923	0.018357877	-0.025232092	-0.0015673898	-0.03993774	0.007500589
0.03178631	0.011346469	0.029537298	-0.00090009405	-0.03391784	0.0077305557	0.004446562	0.0074206158	0.048513208	-0.046508297
0.019209623	-0.035367075	-0.023946213	0.011173309	-0.011763615	0.028381102	-0.02193212	0.031414434	0.037467547	0.038866688
0.008822155	0.017257858	-0.020568155	0.037733752	0.07202754	0.053274933	-0.078873605	-0.024431635	-0.0063207317	-0.010957448
-0.05594866	0.03487102	0.016972698	0.028991867	0.034838654	-0.02116286	-0.01651141	0.02633215	-0.0012876827	0.025460012
0.004514654	-0.030630648	-0.029706314	-0.052125584	-0.045448203	-0.01924532	0.00724171	0.049659144	0.02212202	-0.009189307
-0.021689218	0.027817989	0.026238272	0.020093875	-0.022760015	0.028407544	-0.008149519	0.02968027	0.0041081076	0.05731174
0.030128574	0.047438215	0.009011421	0.04544262	-0.019751469	-0.010204458	-0.045327283	0.044720974	-0.032256942	-0.011543795
0.025577793	-0.03396692	-0.04096196	0.0071096933	0.03610018	0.026233083	0.001373372	-0.026170315	0.0010735774	0.031887673
-0.026191846	-0.0427885	0.04015182	-0.0075164395	0.017519673	-0.034106217	0.02238303	-0.008719061	0.0047197803	0.050004885
-0.08692764	0.004307042	0.07354324	-0.06963157	-0.077147275	0.011533222	0.04789546	0.0752333	-0.06232039	0.029035924
0.017714527	0.010660473	0.027510474	0.003198112	-0.026464349	0.021038951	0.04036523	0.05012534	-0.05296767	0.024869617
-0.048158	0.006004289	-0.007444583	0.029581793	0.013852553	-0.028747361	-0.019350976	0.042854533	0.04433185	0.0051727695
-0.0069353813	-0.005033572	-0.020489454	0.066959925	0.04068322	0.008616795	-0.062292058	-0.010918864	0.04213867	-0.0038713764
0.0012086836	-0.023374595	0.05378869	0.03491589	0.03756056	-0.011596871	-0.029044813	-0.031138472	0.032785073	0.021404376
0.02434291	0.017563349	0.030917052	-0.015142405	-0.026387716	-0.017070327	-0.015802372	-0.019341234	0.0019989363	-0.04698177
-0.06718459	-0.070883706	0.045794565	0.018875714	-0.03926551	-0.011941407	0.0122663705	0.060202725	-0.000306494	0.043958947
0.009623292	0.02507943	-0.0067608263	0.009185677	0.035678763	0.07533557	-0.022553913	0.008747627	0.008650283	-0.05295699
-0.01712778	-0.024276773	0.010217418	0.010814608	0.013997194	0.023698468	-0.008203978	0.019247474	-0.03201554	0.050082106
0.057479564	-0.008480304	-0.05159167	-0.0074085547	0.014270112	0.05237799	-0.01242541	-0.03479648	0.031295042	-0.012043753
0.011079642	0.029051146	-0.004542491	-0.038109988	0.017612394	0.030805973	0.016790947	-0.0012725799	0.031182725	0.0022792765
-0.030834151	0.05289375	0.0103133945	0.030054731	-0.020703627	-0.028145755	-0.0346316	-0.050939575	0.022454638	-0.040593456
0.012333912	-0.049595803	0.036784396	0.030666647	-0.03994815	-0.0203093	-0.025361149	0.05187397	-0.05735006	-0.017335916
-0.020339044	0.013229909	0.05869865	0.028405419	0.0008156016	-0.032045804	0.02988538	-0.020799492	-0.015280711	-0.039347976
-0.06318417	-0.03483341	0.0065746703	0.00172607	-0.02795928	0.026785027	0.0436545	0.001538616	0.016715525	0.05593752
0.041334137	0.04467819	-0.047263548	-0.0015870831	0.023504457	0.06640639	-0.017602704	0.01004835	-0.008157022	0.0028539842
0.042070955	0.016934609	0.021083167	0.05653915	0.022999423	0.03706618	-0.030886035	0.03083269	-0.026086329	-0.008443252
-0.006657837	0.009819014	0.038105723	-0.032639187	0.0045488887	0.057535525	-0.022411803	-0.013647719	0.0575664	0.0059355977
-0.012931572	-0.036754377	0.03257887	-0.014927245	-0.08422824	-0.074543886	0.064624004	0.034001675	0.0027904888	0.0058268327
-0.049176157	-0.010697188	0.02123933	-0.049200334	-0.023869663	-0.041479543	-0.029176578	-0.010669556	-0.06570541	0.011596753
-0.02422025	-0.03339051	-0.012619109	-0.0242282	-0.019656118	0.013962895	0.016577268	-0.0347425	-0.00701035	0.0020607132
-0.023415962	0.041350532	0.049823526	-0.038302805	-0.014810822	-0.048945915	-0.006242292	0.048359986	0.0012577003	0.0044043604
-0.0021646395	0.044282645	-0.067161925	0.005128551	0.06547002	0.006522775	-0.054724704	-0.06802562	-0.012422824	0.008554887
-0.02230378	-0.05119571	0.0023247537	0.014608403	-0.020827008	-0.057218537	0.030919597	0.0031819425	-0.05337476	0.021935143
0.09486429	0.054371152	-0.047059998	0.038902923	0.06515775	0.035401765	-0.01932074	-0.022942226	0.0072914655	-0.011768936
0.0673349	0.011966997	0.019527683	-0.017222177	0.059863877	-0.009151909	0.02490631	-0.05606394	0.020680713	-0.025920358
-0.05288178	-0.0048545417	0.03846533	-0.032319583	-0.06486807	-0.0099394955	-0.054820165	0.024093142	-0.034430187	0.025385356
0.014887024	0.0262645	0.026472814	-0.014535498	-0.040723562	-0.042314306	0.0037881383	-0.03693043	0.041962594	-0.013747466
-0.05602261	0.020922525	-0.0024777625	-0.045798834	-0.054653574	-0.018806782	-0.0102972295	-0.026012156	0.0042624786	-0.010135469
0.05694241	0.008722674	-0.05769557	0.03862997	0.06198068	0.05536264	0.020200675	-0.0022466606	-0.008441776	-0.04874383
-0.024644438	-0.023382438	-0.06488881	-0.010332096	0.06993537	0.048671823	0.022488413	-0.06448195	0.036700472	-0.03418598
0.0138630355	-0.035643544	-0.0010400122	-0.025654018	0.048867423	-0.047398485	0.009367935	-0.013591958	-0.017000582	-0.027357874
0.023971306	0.02990177	0.04338279	-0.018613208	0.008096286	-0.035583384	-0.030410126	0.015213049	-0.04029692	-0.04397718
0.02860895	0.00500591	-0.054999057	0.03232295	-0.0049402746	-0.033497494	-0.012481366	-0.004498627	-0.027047474	0.0071396045
-0.08269109	-0.017505925	0.05549035	0.006485407	0.0089698	0.011451695	0.009915683	0.0070612147	0.012595861	0.01043165
0.008250948	-0.004414683	0.023418272	-0.0021851803	-0.059778467	-0.03842263	0.0022134038	0.0039986107	0.021555748	0.040847633
0.0028617303	0.053165667	-0.06831622	0.0041556847	0.06157307	0.04126921	-0.048757005	-0.024249285	0.008855647	0.010082368
0.005823149	-0.03344972	0.043239716	-0.019965323	0.011105984	0.026532033	-0.013911468	0.053569127	-0.0022995141	0.0040184353
-0.069876485	-0.017133778	0.061400585	0.01241589	-0.017847234	-0.029864864	0.06349697	0.007556746	-0.036022197	0.063251145
0.020311203	-0.02539781	-0.048516467	0.03572975	0.035538964	-0.015624692	0.0041178986	-0.061894603	0.046373177	-0.04257095
0.018628893	-0.0096330205	0.051998574	-0.05774845	-0.017660424	0.02868211	0.028734773	0.05655414	-0.060957465	0.012455425
0.03383699	0.06044002	-0.06449378	0.0040300214	0.02786637	0.06558396	-0.048656367	-0.01723269	0.020910839	-0.008515234
-0.04407403	-0.025248	0.07162506	0.01344679	0.0068451203	0.009933938	-0.02170095	0.06686668	-0.0038127482	0.0007575115
0.056726575	-0.034576733	0.036482196	0.050215986	0.012153445	-0.029654268	0.025925899	-0.04024559	0.016511418	0.016229294
0.023904176	-0.013052208	0.02436055	-0.0045605144	0.058312286	-0.0024117578	-0.014540713	-0.039420947	0.01475684	0.005064533
-0.07159314	0.024186738	0.026989637	-0.038278982	-0.034316525	0.012104502	-0.014601688	0.033856474	-0.055023	0.025084943
0.016624764	-0.028604615	0.0560647	-0.040585957	-0.008666608	-0.056861233	0.06705303	0.04050119	-0.018253185	0.06047736
-0.050897945	0.0074002296	0.034266885	-0.062424038	0.015244343	-0.020049402	0.024165072	0.048047792	-0.03583001	-0.02826602
0.05218524	0.08065795	-0.07114979	0.08403008	-0.0059382473	0.007280002	-0.027935572	-0.051957086	-0.006972952	-0.060402445
-0.060657363	-0.06815801	0.07251977	-0.026060225	-0.06912512	-0.05605068	-0.02416214	0.026513768	-0.043176793	0.028061392
-0.008152484	0.05193362	-0.009200267	0.056024164	0.0375137	0.014989278	-0.0066950372	-0.02775113	-0.0064773103	0.031728838
0.0077536814	-0.0039555365	-0.07113609	0.0042115273	-0.022164036	-0.02151318	-0.033936452	0.022267617	0.07333849	0.0038438602
0.009759454	0.01555512	0.044021215	-0.02986015	0.019811833	-0.0022082205	-0.013746077	0.02675706	-0.0004165806	-0.039077632
0.03510917	0.0472151	-0.025780153	-4.4643108e-05	-0.02656623	0.021528823	0.02453208	0.03687843	0.014329288	0.004853851
0.010166572	0.020933153	0.05106275	0.031921335	-0.05934525	0.0019622825	-0.005311393	0.02547268	0.01300512	-0.03571709
0.03216973	0.033840694	0.024784748	-0.03206927	-0.050974827	-0.01018416	-0.044949476	0.023264883	-0.0465251	-0.017733287
0.023543391	-0.0063517676	0.00032138696	0.006900459	0.029464092	0.026598925	0.03206641	-0.002037731	-0.020714896	0.03726929
0.0056679784	-0.028283449	0.042652875	-0.06870189	-0.055839904	0.007890726	-0.03388295	0.055061817	-0.07112972	-0.010316363
0.03829451	-0.021726614	0.03883661	-0.005210127	0.016430834	0.022029744	0.002101932	-0.008288576	0.016851196	-0.023006001
-0.078621745	-0.006491387	0.050254438	-0.05791971	-0.07786608	-0.022162914	0.04662712	0.0017672288	0.0051685	0.011230949
0.031329066	-0.000116141775	0.0024983843	-0.016257728	0.0033714594	0.0034082297	0.05301645	0.003354789	-0.0039328774	0.036846794
0.03680242	0.047836293	-0.0125508	0.029179247	0.0051033944	-0.022332368	0.030156372	0.0073819216	-0.026003946	-0.059819896
0.034074556	0.021625519	0.03844465	-0.027980907	-0.050105352	-0.030118085	-0.046864852	-0.02353411	0.04787664	-0.04423692
-0.035918213	-0.057656888	0.01139459	-0.009806038	0.0006312957	0.031946898	0.012987843	0.027233545	0.033209246	0.05546451
0.01741087	0.09626478	-0.037558496	0.09042412	0.07914155	0.009657122	-0.009627979	-0.08208299	0.06435639	-0.022966756
0.0042444626	-0.02944593	-0.053092115	-0.027116772	0.016959235	0.02969501	-0.04895803	-0.0016071759	0.043971278	0.00018079726
0.03724077	0.03924706	-0.037330937	-0.0041110716	0.05123784	0.046444725	0.009952197	-0.01953862	-0.016323602	-0.019763676
-0.05084207	-0.036494587	-0.03339549	0.007997741	0.029560264	-0.0047688675	0.024802214	-0.025542071	0.018377041	0.011766462
-0.04956017	-0.051809132	-0.029446201	-0.039995905	-0.013733665	-0.006918696	0.0057813874	-0.0045320713	0.034231354	-0.01663589
-0.05032929	0.025849229	0.04592758	0.008496384	-0.015080749	-0.021372622	0.031629328	0.05007733	-0.021859596	0.040116612
0.008609978	0.033106018	-0.018808732	0.038856544	-0.039832372	0.020581404	0.021503143	0.038061034	-0.04007957	-0.023043348
-0.010717475	-0.024975684	0.025169319	-0.01248284	-0.0039984565	-0.060004022	0.013047487	-0.018820534	-0.05319624	0.030366037
-0.009379957	-0.021045871	0.018263401	0.037254218	0.021439781	0.023606945	0.008413227	-0.054361336	0.056258794	-0.04385096
0.003247106	-0.017424643	-0.05093437	0.056410763	0.027974036	-0.0070053716	0.035577003	-0.06637451	0.04312681	-0.0055234456
-0.0052492153	-0.005809484	-0.052930914	0.056773968	0.06566748	0.07050644	-0.004724777	0.014298645	0.0068852934	-0.015938558
-0.09015361	-0.017663805	0.0918888	-0.022515753	-0.0798694	-0.07766582	-0.017405959	0.07682284	-0.03161123	0.01815054
0.031585038	-0.023654021	-0.010342607	0.027308363	-0.03758129	-0.009233137	0.009054459	0.002959776	-0.044134527	-0.04337936
0.04105243	0.032701746	-0.026648851	-0.0334873	-0.033174053	0.007712035	0.04300215	0.004752551	-0.008391313	-0.046717886
0.008960818	0.010832082	0.008553924	-0.034877878	0.016054029	-0.034500636	0.0021183554	-0.027279012	0.015659973	7.563709e-05
0.05740846	0.055668447	-0.018747576	0.04711272	0.002748887	-0.03614834	0.027505366	-0.06623701	-0.004642729	-0.0024144964
-0.035721324	0.019972196	0.056842595	-0.017786844	0.02946922	-0.021451393	0.028034301	-0.007598474	0.01941876	-0.02571328
0.013635232	-0.009821594	0.054671526	-0.0062133996	0.017655581	0.0054613412	-0.007849197	0.014298178	0.015764661	-0.028820923
-0.0068546874	0.019953718	0.019481624	0.0066835424	0.009207147	-0.027987882	-0.065918595	-0.054384742	0.041811407	0.0009697271
-0.060569018	0.025080724	0.047800332	-0.0054628104	-0.04601249	0.001000779	0.06730855	0.05026568	-0.027181014	0.027865753
-0.057085395	-0.052648336	0.02923286	-0.036301114	-0.027552122	-0.066556446	0.041087236	0.019383492	-0.041950855	-0.027383672
0.058859244	-0.017776806	0.017617939	0.074481174	0.0023947249	-0.017064104	-0.029166581	0.009184128	0.08125544	-0.06649843
0.017384952	-0.030130716	-0.050828584	-0.026408706	-0.0236345	-0.038639996	-0.026536347	0.002563012	-0.041441195	0.03990443
0.013755476	-0.034868147	0.0057426565	-0.0124291815	-0.025120983	0.02650042	-0.03644796	-0.051063273	-0.014023211	-0.056688204
0.01690567	-0.016240261	-0.02056519	0.035832953	0.007988678	0.060704637	-0.047267023	-0.012840504	0.06129906	-0.066468224
0.02854576	0.028884167	0.016907472	0.054971565	0.026922539	0.04308874	-0.034796946	-0.017501513	0.024858316	0.008875191
0.04329627	-0.027276967	-0.028918412	-0.031082746	-0.028110297	-0.0071810745	0.024457501	-0.009115995	0.027252214	0.034939844
0.10952162	0.11945705	-0.07389292	0.07823511	0.122173235	0.044826545	-0.10300878	-0.106959686	0.11423186	-0.039157934
0.039322954	0.040855166	0.012148835	0.0579562	0.044435237	0.04231677	0.04608646	-0.03674807	0.017697193	0.010962203
0.08130038	0.068050034	-0.04803585	0.03284248	0.045183912	0.021529594	0.0213528	-0.04405105	0.014771843	-0.024098204
0.013075486	-0.014206758	0.023623755	0.019922163	0.044024266	-0.0062983497	-0.033126377	0.035051484	0.054488577	0.017244166
0.046417855	0.0387741	-0.043555275	-0.02668352	0.038182326	0.043934565	-0.038233873	-0.0077322754	0.060860258	-0.044453178
-0.075306416	-0.06023244	0.026919419	0.005708292	-0.050181385	0.004156129	0.019065376	0.03996305	-0.05399788	-0.014931469
0.022594506	-0.024326365	-0.046545375	-0.012569689	0.07357594	-0.016052406	0.04398454	-0.056343235	-0.0074868794	0.0019024521
-0.03254975	-0.02832745	-0.029309556	0.033636425	-0.017356532	0.033804566	-0.04804283	0.035204314	0.03053859	0.010477953
-0.067875385	-0.026959533	0.016631048	-0.04502414	-0.021557463	-0.03150999	0.0337881	0.02555879	0.0064470135	-0.0357801
0.05765596	-0.001663611	0.032040037	-0.014429243	-0.0022372599	0.018876662	-0.01766856	-0.017025629	-0.012111409	-0.024994098
-0.014021352	-0.0015104299	0.0103416545	0.009751781	0.007916162	-0.009614982	0.024846746	0.08362077	0.010421258	0.020388823
0.006763014	0.042437345	-0.058191366	-0.005214115	-0.0037671975	-0.037370265	0.038553488	0.017743621	-0.0072735804	0.008009219
0.020407412	-0.021022964	0.037797138	-0.03236733	-0.011324094	-0.00974068	0.023833917	0.027318565	-0.06263518	0.0031972283
0.00840423	0.04990245	0.00030209412	0.044716634	0.018077983	-0.04166615	-0.03192692	0.036727205	0.011486322	0.0019671654
-0.030474363	-0.027260713	0.0038906636	-0.018404879	-0.0073889936	-0.0068057803	0.012946524	0.050070107	-0.051300596	0.034526702
-0.04188962	-0.0084752245	0.055523362	-0.054430585	-0.01714576	-0.052795593	-0.039543144	0.023099681	-0.017567886	0.053857557
-0.025881238	0.0065340684	0.035701904	0.02743681	-0.00036037603	0.026262397	-0.02757947	0.05865358	0.023202306	-0.003112349
0.01864711	0.015708532	0.02890121	0.060822755	0.049168535	0.041528136	-0.05875056	0.030816158	0.011185763	-0.01795286
0.025695002	-0.043076627	-0.032435793	-0.01200102	0.019528946	-0.035149198	-0.034815058	-0.024289567	-0.02063456	-0.041529574
-0.049419116	0.015859997	0.014079631	-0.012926138	-0.04625154	-0.022655362	0.014049532	-0.027201403	0.03170468	-0.026980333
0.012956702	-0.028107809	0.017009674	0.03614334	-0.005255466	0.030650908	0.0088454895	-0.059634633	-0.0014356364	-0.056493357
0.01275621	-0.019721353	-0.034596417	0.016747465	-0.022374002	-0.013957877	-0.04812764	0.018705016	-0.049221467	0.014871961
-0.017656855	-0.042873457	0.009121506	-0.0060406877	0.014921446	0.014907626	0.022194786	0.05926517	-0.001716971	0.05761825
-0.04713623	0.022888655	0.036326624	0.027519308	-0.032510325	-0.0005099086	-0.01428022	0.05151973	-0.0151933525	-0.018194659
-0.043451525	-0.057656314	-0.0049124574	-0.057512272	0.004108581	-0.007143798	0.07397184	0.082918875	0.0029667218	0.033337373
0.066450365	0.018572833	-0.062207546	-0.005161995	0.041785073	0.011219934	-0.0043177363	-0.018310467	0.081362486	0.00042257804
-0.042634863	-0.0799299	0.0029156357	-0.05140885	0.0150535945	-0.012036738	0.012658018	0.055455092	0.006407168	-0.014058397
-0.0365392	0.027005145	0.03192948	-0.02187612	-0.02625302	0.047683988	-0.037777506	-0.029977642	0.030534746	0.041863706
0.06842682	0.06949641	-0.032848753	0.055576384	-0.0026185447	0.07523148	0.029401392	-0.048658807	0.018486863	-0.01094339
0.017523171	0.03057503	-0.027273715	0.010384729	-0.010177272	0.014202055	0.045643076	0.012187348	-0.01122561	0.033128764
0.04063372	0.007976792	0.012784076	0.004765484	-0.053449903	-0.013196275	-0.016676664	0.038686216	-0.03469138	0.024202589
0.044301532	-0.042744383	0.022778057	0.051591054	-0.0056743636	0.033797655	-0.02718137	-0.048281047	-0.033210643	0.0485434
0.027845757	0.03880819	-0.010499264	-0.0068669715	0.070432544	-0.005641828	0.0028206853	-0.06956731	0.06381738	-0.0025629804
0.017968567	-0.018181406	0.041619375	0.015199512	-0.017795542	0.013685805	0.024942225	-0.013290507	0.020937093	0.0118451705
0.012695565	0.012492528	0.055170223	0.0065265414	0.007699003	0.014290789	0.0072709965	0.059992086	-0.062354155	0.023450742
-0.0036012144	0.016995378	-0.015046014	-0.01727315	0.005461165	0.048674054	0.04347072	0.015576973	0.010494849	0.0063593294
-0.03869819	0.0055479044	0.056270007	-0.010424365	-0.038565557	-0.07535728	0.0035010397	0.02089411	-0.049270958	0.0012565065
0.05151986	0.033977	-0.08704097	0.070444755	0.06490345	0.03989501	0.023443058	-0.026015148	0.08175316	0.008304988
0.020184413	-0.012757867	-0.0067881215	0.0018407233	0.07252072	0.059219744	0.014297206	0.012987074	0.012575194	-0.015437284
-0.026851904	0.02759087	-0.047629107	0.031178994	0.003091025	0.033312235	0.037272107	-0.03942795	-0.0055743204	0.0075409967
-0.05611873	-0.08519872	0.023025801	-0.07436887	-0.050647497	-0.071330145	0.033923097	0.092042714	-0.007896048	0.026561359
0.03256335	-0.040620383	0.016213076	-0.05426894	-0.03294169	-0.0128070265	0.02899659	0.06812566	-0.04767269	-0.02141103
0.040719006	-0.0061740647	0.019453531	0.0029324335	-0.010030748	0.025755169	-0.038620465	0.0061164685	-0.009723963	0.037616365
-0.057368517	-0.029393986	-0.032101765	-0.018312942	0.021037031	0.010127018	0.047136232	0.024925089	0.018698467	0.036617115
0.006854962	-0.041785907	0.078383945	-0.028510937	-0.0033005653	-0.054818552	0.06274353	-0.01085103	-0.016075	0.018842004
-0.016477166	0.0141453715	0.025293352	0.041410062	-0.026214257	-0.044805758	-0.009318865	0.004972925	-0.019793766	-0.029314527
-0.04240126	-0.007887333	0.06482145	-0.030561276	-0.0025331008	-0.033556722	0.0074649733	0.01402904	-0.05723726	-0.008849576
-0.038445186	-0.03941979	-0.035832398	-0.004282101	-0.05458508	0.023581887	0.046606712	-0.02632971	-0.010467873	-0.0019929574
-0.016443122	-0.019752033	0.006426432	-0.0068481923	-0.0368612	-0.005675607	0.04700393	-0.023696207	-0.00330829	0.011164344
0.028151527	0.027948685	-0.04133562	-0.020030232	0.008421678	-0.0043395716	0.0049983794	-0.018378465	0.026290828	0.0381421
0.00265727	0.05103577	0.008050657	-0.006127863	0.019968636	0.016270688	-0.00036644124	-0.05631066	0.034250326	-0.039741926
0.043567006	-0.016118743	0.007845513	-0.002152953	0.039598756	-0.014769938	0.031771727	-0.0149878105	0.016892955	0.050757527
0.046889782	-0.013964624	-0.03315934	0.045488864	0.023208743	0.030253954	0.008336861	0.0338438	0.03720414	0.029959625
-0.026674738	-0.052174117	0.03229878	-0.030067261	-0.10680021	-0.054056287	0.061223682	0.10264213	-0.077195026	0.06393916
-0.049960803	-0.029694056	0.007763038	0.044621713	0.044787243	0.01493345	0.017960776	-0.018313374	0.017910631	-0.046578042
0.027938087	0.014218104	-0.019897766	-0.002128015	0.012623343	0.024218278	-0.03842617	-0.0067593553	0.020866591	0.0017113922
0.011129697	0.02746025	-0.0109541	0.054801706	0.023516558	0.03651198	-0.0051803845	-0.041207027	0.027633308	0.016392743
0.034261726	0.026762849	0.021981757	0.017136503	0.014491308	0.004183957	0.02426234	0.012320222	-0.019126197	-0.04237807
-0.0538452	-0.090705104	0.07066007	-0.012825386	-0.06230626	-0.04283231	0.025914444	0.083561346	-0.013416185	0.051430587
-0.0031556631	0.015695482	0.020268258	-0.024292095	-0.01703078	-0.05294095	-0.06472768	-0.02663229	-0.024775445	0.0002313875
0.0012538929	-0.032753825	-0.031747717	0.030970048	-0.028560905	0.01022727	0.021184038	-0.00859655	0.054102875	0.0076290523
0.042183	0.043159515	-0.018479547	-0.02090044	-0.041712668	0.007225508	0.057799913	0.0517595	-0.013604152	0.043005258
0.019996716	0.02321213	-0.04832875	0.02158875	-0.019321425	0.00024710267	-0.019474883	0.036239628	-0.032551065	-0.05165386
-6.732456e-05	-0.043915894	-0.04744387	0.018480279	0.032972842	-0.038486827	-0.024404377	-0.0031373203	-0.03460567	-0.0054795686
-0.004292044	-0.022058947	-0.0039080298	0.024174841	-0.02201198	-0.04174116	-0.017714486	-0.017338539	-0.01164704	0.030578034
-0.04239344	0.0053663286	0.047087166	0.017545013	-0.036466032	0.026276102	-0.027842151	0.055202164	0.015315563	-0.010819326
-0.03985226	-0.018785587	0.0028237072	-0.018093385	-0.037379842	0.030433122	0.016631234	-0.0446932	0.0016904434	0.040147156
0.03330011	-0.00034997214	0.020381002	0.042882632	-0.0052210656	0.0011227401	-0.015006826	-0.054292116	-0.020606384	-0.03341013
-0.05457001	-0.0015452628	0.014881868	0.007520693	-0.03465661	-0.006868932	0.012225809	-0.01657196	-0.008368741	0.026833009
-0.021234076	-0.07290799	0.041080534	-0.07247841	-0.0014341502	-0.05646424	0.024112971	0.052209202	-0.004287651	0.076392174
0.021596903	0.019069936	-0.03453662	0.030404676	-0.024471516	0.020717394	0.03747365	-0.052871156	-0.020125197	-0.046191823
0.04337038	0.052584864	-0.05400492	0.05513818	0.0247519	-0.0127083035	0.017353158	0.029856248	0.009526508	-0.049070083
0.061580896	-0.024188317	-0.012534022	0.025239028	-0.010532581	0.06387063	0.0022359616	-0.035245128	-0.020064684	0.0009340872
-0.043095995	0.008192443	0.031004602	-0.065661445	-0.050227433	-0.05073949	-0.0035682668	0.038349487	-0.030008601	0.025251782
-0.0031146947	0.003783151	-0.028699165	-0.035268243	0.0037142604	-0.026763014	-0.025670169	0.044451933	-0.035333168	0.010757264
-0.056916483	-0.020242073	-0.03688481	-0.01699829	-0.04000145	-0.004814327	0.030370018	0.051458903	-0.037782595	0.004957479
0.024997186	0.008584356	-0.031640954	0.057571508	-0.0050312933	0.026689766	-0.024687717	-0.030491808	0.058137037	0.026311725
-0.021929367	-0.072498366	0.05150201	-0.049008373	-0.02219286	-0.020587077	0.02724785	-2.4582287e-05	-0.016667573	-0.025684409
0.0283667	-0.005362344	-0.0082964	-0.009570921	-0.050355915	0.010440483	-0.0040090196	-0.009542915	-0.04199851	0.020939346
-0.0007184489	-0.01565357	0.053203676	-0.049444888	-0.0430941	-0.04972728	-0.056405865	0.054413952	-0.039326582	0.016670158
0.026718998	-0.033997886	-0.046087615	-0.023393208	-0.048885077	0.008923997	-0.044900436	0.008813347	-0.019186208	-0.052012015
-0.033860233	0.05538303	0.030037489	0.028373348	0.035426844	-0.017337453	0.026494805	-0.035112657	0.05260893	0.0405213
-0.040321466	-0.06013173	0.062961645	-0.03664838	-0.04672453	-0.04251697	0.0074374797	0.043522343	-0.038327023	0.005240758
-0.019934593	0.015686737	-0.04680207	0.045072142	-0.03443371	0.04700712	0.007957305	-0.03678986	-0.033985652	-0.029777003
0.015936669	0.007033257	-0.017802432	0.009698069	0.017558014	0.048067056	-0.04529497	-0.010872643	-0.016952306	0.04501943
0.01834232	0.012724103	-0.034133546	-0.03190228	0.032888297	-0.0171066	-0.01622606	-0.00220664	0.053946678	0.028204812
-0.056136236	-0.0018107796	0.06682568	-0.047757972	0.013217685	-0.021499736	0.05403581	0.05527119	-0.061012413	0.053506713
0.11346427	0.1283358	-0.0831077	0.07927128	0.12134033	0.07672436	-0.053145457	-0.067737244	0.09578237	-0.029300012
-0.03538439	0.0056187324	0.02496846	-0.029782802	0.03631663	0.013549553	-0.01635298	-0.037995853	0.014580545	-0.017554138
0.013485305	0.04882862	-0.06287068	0.0051832707	0.042198215	0.028306704	-0.018668681	-0.06142292	0.059872165	-0.025435904
-0.0005231119	-0.020881495	0.05387375	-0.064844795	-0.045106523	0.014177237	-0.0486969	-0.03982209	-0.025611065	-0.043067068
0.06502571	0.04079986	-0.05616373	0.02258542	0.076925054	0.107610606	9.498135e-05	-0.089765035	0.04932422	-0.08030334
-0.09063003	-0.09536212	0.09235467	-0.03640013	-0.0044132196	-0.08382571	0.022415413	0.07440228	-0.00070497143	0.0678448
-0.021785669	0.01073885	0.008701457	0.030666977	0.008724248	-0.019075386	-0.006256019	-0.040575605	0.038067363	0.04647095
0.035001606	-0.010476465	0.033663835	0.034217667	-0.019784853	-0.0318039	-0.009287296	0.019210977	-0.011288352	0.04372752
-0.015190949	0.022431187	0.050265852	-0.062883876	-0.009319729	0.023263749	-0.038465653	-0.0124608725	-0.03351196	0.04457327
-0.06238278	-0.05851822	-0.011494348	-0.0067882314	0.016072612	0.0013972081	0.06786072	-0.023770202	-0.021496892	0.070558265
-0.04022388	-0.009133208	0.045239937	-0.06635108	0.011737582	-0.03936746	0.029438712	0.003818056	-0.031809025	0.043288603
-0.048775524	-0.032539323	0.0033128792	0.026113503	0.022497497	-0.021167707	0.06572011	0.009585537	-0.014175468	0.040371966
-0.035781994	-0.01692905	0.031930808	0.016394991	-0.014695802	-0.05115735	-0.03591372	0.0076779807	-0.031211069	0.033644974
0.014829527	-0.009081678	0.009203599	-0.015250481	-0.06327278	-0.07232754	0.03120984	0.052168284	0.021012511	-0.004698356
-0.024903223	0.017146118	-0.055641208	-0.010352011	-0.011007432	0.042514537	0.03518767	-0.0048642647	0.010432013	-0.05479776
-0.0596363	0.013010086	-0.020364454	-0.00553564	-0.024696719	0.008782614	0.027596785	0.039948486	-0.053181767	0.023772487
-0.04487411	0.02972194	0.0049644485	-0.035524905	0.034269273	0.014334869	-0.02209605	-0.022154687	0.0078110355	0.038227003
-0.012173032	0.07531292	0.0122736525	0.010278849	0.0052181887	-0.0029325748	-0.028295489	-0.027262025	0.03374351	-0.014015858
-0.08812614	-0.013665047	0.049018465	-0.0657157	-0.08418397	-0.076678306	-0.0075087505	0.003882157	-0.058777284	0.05719842
-0.0012200181	0.020619934	0.023498375	0.018209368	-0.010584617	-0.016838837	-0.004541137	0.026941635	0.040487275	0.049768373
0.03986296	0.011439487	-0.058146622	0.030516457	-0.018764526	0.023451382	0.022539264	-0.0026314668	-0.0104685305	0.019331094
0.03705889	-0.0342307	0.024767619	-0.029669909	-0.04051091	-0.017745461	-0.008272849	-0.020938683	-0.017183034	-0.031735715
0.03827319	0.025287075	-0.05976589	0.06433746	0.047046166	-0.00237673	-0.033078138	-0.040039036	-0.0028929117	0.019510537
0.048426226	0.02480948	-0.039004225	0.04414585	0.031029552	-0.010194023	-0.01477598	-0.026330916	-0.032149434	-0.0060499664
-0.007584745	-0.017998803	-0.007486246	0.050420884	0.018798789	0.048003193	0.04114567	0.024756242	-0.002536727	-0.040175013
-0.059627257	-0.016537247	0.012784499	-0.0530279	-7.7938756e-05	-0.05632092	-0.0017892696	-0.016718792	0.02098821	0.013827301
-0.021548113	-0.0035562285	0.013914638	0.02777849	0.043628365	0.0429049	0.02055989	0.023385745	-0.03942956	0.025463054
-0.020501899	-0.02195447	0.02853975	0.038837	0.04940635	0.04995023	0.032079402	-0.04802113	-0.0007494727	0.0019403496
-0.0450522	0.006899175	0.022366764	-0.04863341	-0.019806532	-0.07056997	0.027328549	0.045741215	0.0076291496	0.0379015
0.08799259	0.023959003	-0.019001681	0.03772868	0.032961715	0.077662915	-0.04399536	-0.09204291	0.011339849	-0.06670575
-0.023150757	-0.07490055	0.047457546	-0.01820328	-0.018335503	0.011465424	0.054614678	0.008851869	-0.013560407	0.045025952
-0.060170025	-0.0033035683	0.0073285988	-0.00021947043	-0.05252804	0.038274623	-0.0029671	-0.04482621	0.008018186	-0.0066971728
0.077550046	0.033893056	-0.04867045	0.06190334	0.089084156	0.024384627	-0.018451635	-0.046345368	0.055627674	-0.08432838
0.048740555	-0.00435787	-0.06136719	0.04270453	0.029346913	0.05975532	-0.039801653	0.007605178	-0.002040057	0.0035257956
0.040579155	0.007958632	-0.04650826	0.031665176	0.010099605	-0.038831297	0.019069256	-0.03565971	-0.049343232	0.03881448
-0.05232835	-0.029743617	-0.022860108	0.0034351565	0.024217777	0.016734466	-0.022948284	0.04131007	-0.022345861	2.9899491e-05
0.024455355	0.034049716	-0.042450573	0.03193967	0.08377701	0.071063496	-0.074028745	-0.054869443	0.062221635	-0.054343425
-0.060159512	-0.07649969	0.06447938	-0.11280313	-0.025520504	-0.062317714	0.02773452	0.094127685	-0.062226523	0.061760016
0.019954732	-0.027614234	-0.0005553247	-0.0031481157	0.008480235	0.027941983	0.049111344	-0.03300711	0.018717779	0.0006112516
0.024292745	-0.049544174	-0.0060298657	0.005758275	-0.045224875	0.0068407324	0.030423764	-0.016319111	0.031248385	0.030839697
-0.035765246	-0.06832383	0.017186042	-0.046110895	-0.05440565	-0.02841816	-0.03470549	-0.013837487	-0.048056837	-0.0009703861
-0.052620362	-0.0090733925	0.045916576	-0.001797879	-0.011844617	-0.048710767	0.0604871	0.019644866	-0.008524273	0.01691519
-0.047800854	0.035654355	-0.0101298345	0.0045788907	-0.027741091	-0.04328709	0.016309813	-0.033683717	-0.0065515777	-0.043162603
0.061150827	0.06132248	0.0052785585	0.00052094494	0.05765307	0.007535744	0.03192763	0.031585418	0.046451863	0.0053187627
0.016227588	0.027568718	0.042661496	0.019444237	-0.02802729	0.0073577478	0.046407335	-0.016537257	0.02591955	-0.023986736
0.0059806975	0.056140542	0.0141090015	0.045111172	-0.030170292	-0.008721415	0.008568773	0.035552185	0.037099358	-0.026204653
0.049618714	-0.026289996	-0.051580947	-0.0006472945	0.05788844	0.013550416	0.0194777	-0.042519007	-0.030908931	0.03153279
-0.027168011	-0.014491324	0.019609373	-0.052279517	-0.041993327	0.0044341953	0.02359243	0.004277833	0.019743497	-0.001413551
-0.022196736	0.04008262	-0.04519298	0.033405174	0.0025900046	0.013079213	0.041737977	-0.04683621	0.022467712	-0.012757455
-0.018293414	-0.06048956	0.039785285	-0.07308514	-0.0013863231	0.005679653	-0.0064158617	0.077594616	-0.060651172	0.056875747
0.05178062	0.023941245	0.021461772	-0.019524543	0.047240328	-0.011512881	0.0012167812	0.0029739437	-0.004890786	-0.028576672
0.009667583	-0.07321444	0.0035659107	0.007314076	-0.05720169	0.009568134	0.037987586	-0.0109259095	-0.0643354	-0.00028833633
-0.04049873	-0.024623021	0.043867763	-0.052300155	-0.06873574	0.0057475357	0.07003425	0.047890656	0.0007446797	0.051703773
-0.0052264207	0.026635194	0.04304261	0.0021813132	0.022092653	-0.054877467	-0.011980592	0.037219133	-0.012061763	0.01778035
0.044890303	-0.02331499	0.02448872	-0.0061413986	0.023933146	0.046938553	0.05510388	-0.046296224	0.020279264	0.028894378
0.036200754	0.05407668	-0.02322695	0.02873294	-0.013760459	-0.006355315	-0.047085155	-0.0015420946	0.03963419	-0.03656318
-0.016584823	-0.010918681	-0.051515196	0.016766738	0.00954566	-0.018878791	-0.0068272166	0.0034529374	0.06125598	0.002766762
-0.024111211	0.021595472	-0.054450016	-0.024752554	-0.022992978	0.03333888	0.05998414	0.022377968	-0.0059482595	0.04163926
0.007945572	-0.00926425	-0.020376503	-0.0018121162	-0.019136967	-0.008454401	0.0054665417	-0.0055591683	0.07762158	-0.009780015
-0.044460014	0.017688345	-0.010626297	-0.03755256	-0.05610452	-0.022575287	0.044744313	0.059836566	0.003699078	0.06698876
-0.0025441025	-0.008195772	-0.041401666	0.056136955	-0.023921251	0.0563824	-0.026288487	0.016309237	0.045547444	-0.05387872
-0.047651153	-0.02972287	-0.047782633	0.047182713	0.002881344	0.044571627	-0.011294	0.028570198	-0.017859666	-0.0472068
-0.018840322	-0.023840994	-0.043071106	-0.0022646252	-0.027731774	-0.005385251	-0.012234179	0.025395682	-0.010782579	0.029613268
-0.010950982	0.008354542	0.025620496	0.021910401	-0.026463194	-0.06299164	0.032190584	-0.0038118153	0.015037967	-0.028448844
-0.094285555	-0.04736707	0.047949813	-0.03746752	-0.07048505	-0.05145346	0.03937309	0.091893025	-0.024263991	0.042602625
0.07700527	0.009533214	0.020663215	-0.0014090537	0.026263863	-0.012051515	-0.051347826	-0.025727203	0.020214317	-0.043716244
0.009270127	-0.020615224	0.014729014	0.0050079376	-0.042634666	0.030143328	0.02247316	0.048906915	-0.06334435	-0.009352887
-0.025108607	-0.031796135	0.009677797	0.047111847	-0.005997062	-0.0064389952	0.0013634969	0.049610738	-0.02536007	0.034146797
-0.024026675	0.018689387	0.012929312	-0.009380454	0.008397315	-0.029433891	0.0179262	-0.040169343	0.032111373	0.02476769
-0.03431313	-0.030729901	0.062488265	-0.0020177956	0.01875476	-0.05030131	0.037122473	0.063249916	-0.04255942	-0.003588972
-0.0045193397	-0.017592935	0.07230823	-0.012112334	-0.02548848	-0.041307963	0.036412552	0.04496849	0.027162526	-0.021580266
-0.056616478	-0.028741961	0.084682	-0.06483974	-0.07749809	-0.076131806	-0.018904887	0.02421282	-0.057700228	0.08416654
-0.047720544	-0.027375646	0.03930859	-0.06838851	-0.006567329	-0.08703764	0.016795335	0.021294912	-0.002548115	0.061205734
-0.032300297	0.014314594	0.0395684	-0.006920563	0.021598099	-0.078424096	-0.027993184	0.030589508	-0.005982018	0.010069153
-0.044626433	0.002618137	-0.0060298005	0.034212463	-0.0061565368	0.018161306	0.05122776	0.024827518	0.014184393	0.0031091925
0.02465958	-0.0024278627	0.020473573	-0.035081763	0.006092185	0.00918291	-0.0053078462	-0.029853541	-0.018239848	-0.024295755
0.0025664254	0.014764386	-0.045993097	0.020747261	-0.036874052	-0.04097912	-0.011084004	-0.027225656	-0.028276848	-0.047083486
-0.049256444	-0.0018286009	-0.027016243	-0.010698511	0.028815726	-0.0032273128	0.040754247	0.040494993	0.019942243	0.031765964
-0.050789613	-0.105177544	0.0606959	-0.05737599	-0.013914359	-0.049831785	-0.025942456	0.093195416	-0.069445916	0.05439062
0.009370857	0.051285878	0.010740826	0.04541568	0.02849697	-0.028035652	0.022939038	0.029320538	0.02665953	-0.05179867
-0.05136704	-0.052775014	0.019936714	-0.002120176	-0.09864517	-0.08213051	0.033162944	0.0033278626	-0.011852289	0.048006646
0.07242222	0.056384917	-0.019047381	-0.0053516724	0.021896174	0.018477773	-0.0030308252	-0.044683464	0.044313792	0.0013892652
-0.028497081	-0.022147624	0.03858375	0.045725834	0.033370536	-0.03675057	-0.031762764	-0.025437023	-0.016002657	-0.00028345338
0.020455688	0.067840636	0.021411194	0.050176073	0.025524518	-0.020693673	-0.0426346	0.024132235	-5.628631e-06	-0.031998362
-0.0667071	-0.04766415	0.057986587	-0.06860585	-0.015684856	-0.0021962652	0.03916068	0.034272578	0.008966431	0.01881677
0.001349284	0.0043465416	0.042769596	-0.02491993	-0.007538875	-0.04402511	0.05008454	0.030194024	-0.02718447	0.0727433
-0.05510639	-0.039919358	-0.014554259	-0.016045388	-0.0696456	-0.009317809	0.023429433	-0.0127163725	-0.0021160226	0.042334586
-0.015535683	-0.004665399	0.04145559	-0.009177177	-0.051323924	-0.027341884	0.005847204	-0.040224932	0.04485813	0.028873421
-0.04738986	-0.023054298	0.025189385	-0.026072558	-0.030507289	-0.029508209	-0.005585015	-0.013609766	-0.030249959	0.03169752
0.026228532	-0.04742951	-0.038719002	0.029651694	-0.017923765	-0.046682097	0.04370782	-0.010682071	-0.041028686	0.04197291
0.039524134	0.033468824	0.0051305285	0.017558914	0.05178426	-0.018474452	0.011378012	-0.009717925	0.032745842	-0.011244277
-0.012488669	-0.043095287	0.04881081	-0.012742593	-0.047261458	-0.00060022227	0.048744347	0.026136337	-0.07980265	0.037866276
-0.022018796	-0.049746327	-0.017469529	0.022843204	0.023647103	-0.03225673	0.04039362	0.07352644	-0.042513646	0.056920126
0.010074634	-0.036819704	0.011620331	-0.05035223	0.016178979	-0.03641291	-0.024438549	0.016313976	0.014152311	-0.0008269028
-0.05197301	-0.026442857	0.035821974	0.0043385923	-0.068874	0.0019935605	0.006562703	0.03474942	-0.0014559967	0.0171023
0.0045514605	0.012332498	0.009388113	0.06594801	-0.011672496	-0.014457948	-0.051447645	-0.06256257	0.07854578	0.0046102996
0.04888013	0.02995751	-0.014515162	0.06591588	-0.009396083	0.052518994	-0.032287046	-0.03817097	-0.025253676	-0.04613259
-0.0072948453	-0.0055150143	0.03318461	-0.043778434	-0.05823853	-0.016937288	0.026783472	0.04769247	0.01945942	0.060328815
0.06358306	-0.030124363	-0.022724554	0.049657643	0.0076533514	0.029098969	0.030143809	-0.00040223138	0.019286022	-0.024408752
-0.036891658	0.048471794	-0.007933556	-0.03846542	-0.01033893	0.047752824	-0.018330792	0.00991057	0.010983406	-0.04349789
-0.05503137	-0.06030061	0.068784736	-0.047208995	0.002281128	-0.06586294	-0.012355435	0.024614692	0.019588698	0.036126193
0.03794202	0.037659325	-0.060234457	0.00021739659	-0.0040370976	0.0008139917	-0.0006651238	-0.04247238	-0.017412629	0.02577477
0.00808908	-0.049218882	0.0080377925	-0.019185243	-0.057943214	-0.019305583	0.0061533893	0.035340313	0.017133798	0.00022100096
-0.04744229	-0.02737873	0.060562104	-0.10123508	-0.109566435	-0.057564653	0.050798092	0.036486145	-0.03147366	0.07599511
-0.0055167344	0.02101899	0.0058005243	0.00391173	0.018479778	0.054686192	-0.031462643	-0.005081534	-0.006845924	0.00038449655
-0.04712569	-0.016154703	0.04741785	-0.019637816	0.017782154	-0.044501532	-0.0052254987	0.023291606	-0.040046304	0.0024253712
-0.045483034	-0.04756325	-0.034847304	-0.02701153	-0.007897144	0.018521285	-0.0014067263	0.03455144	0.020873912	0.016679823
-0.0017254578	-0.013664919	0.0024556844	-0.0525855	0.046594117	0.027142832	0.051742084	-0.042293485	0.009873282	0.023939878
-0.020615557	-0.049896296	-0.027596729	-0.00391761	-0.0013237594	0.033431925	0.01305765	0.033172242	0.046754036	-0.016755836
-0.071037754	0.024962852	-0.022911578	-0.003866827	0.013395373	-0.039790135	-0.015610333	-0.027219366	-0.050921317	-0.015945751
0.04125358	-0.008797873	0.029502686	0.0020753227	0.034231327	0.0060778344	-0.03804089	0.035191346	0.046370495	0.041798558
-0.06869209	-0.05579129	0.027962497	0.018973509	-0.05481277	-0.054953437	0.06293839	-0.026331162	-0.0697424	0.02496313
0.0057694158	-0.033942413	-0.049368773	0.012733164	0.045169275	-0.02180909	0.04837264	0.022221483	0.04224198	0.03453012
0.052333433	-0.032626465	0.013038193	0.037711725	-0.008435356	-0.04214982	0.012095141	-0.0067810295	-0.016117457	-0.04968402
0.0073157074	-0.01683453	0.03594946	-0.04254946	-0.03285266	-0.028137192	-0.0071494593	-0.027538398	-0.021320693	0.03913719
0.037841666	0.03142686	-0.026332512	0.00975094	0.02858911	0.011557351	0.025318654	-0.049172614	0.02289204	-0.058721635
0.05856013	0.05786605	0.0017668213	0.04845545	-0.02120415	0.015084012	0.010853413	0.018487466	0.024915623	0.0015878631
-0.022827426	-0.010252144	0.020505618	-0.032420512	0.0151421325	-0.047804583	-0.0109869735	0.009331638	-0.05067394	0.017801486
0.005744873	-0.00715582	0.0064835926	-0.026466807	-0.010877269	-0.060338974	0.039012413	0.0121284	-0.049525272	0.044302016
-0.06585949	-0.07278065	0.033239204	0.018462196	-0.009208616	-0.046135575	-0.027285244	-0.016060686	-0.016048001	0.032640275
-0.027759315	-0.019508189	0.034535933	-0.052326463	-0.072112806	-0.026715536	0.06621348	0.021188583	-0.002591018	0.048939716
-0.04553477	-0.047215555	0.077748224	-0.033251196	-0.032167528	-0.103347816	-0.010579746	0.05482819	-0.021253807	0.01984933
-0.040537383	-0.008623807	0.024062086	-0.047827363	-0.04046682	0.012924503	-0.021896033	0.0604061	-0.058014378	0.04870444
-0.05404086	0.017759522	-0.012344386	-0.021644685	-0.00035872005	-0.014127625	0.011301116	0.07120032	-0.071967535	0.009405875
-0.04623607	-0.059483673	0.050923143	-0.026187778	-0.050798524	-0.071291916	0.024781983	0.081315696	-0.040074058	0.048094798
0.004981731	0.065254584	0.022010248	0.035028435	-0.031190494	0.04638349	-0.0037003257	-0.0038832023	0.028773822	0.0075816144
0.054975774	0.030614432	0.039545927	-0.021436859	-0.018396331	-0.019437252	-0.0047283205	0.036572784	0.027714225	-0.014192647
0.022221109	0.061642867	-0.035000034	0.02094471	0.019509938	0.043304574	-0.04803563	0.022604952	-0.021494133	-0.027032536
0.03359264	-0.002320638	-0.0062919958	-0.013308038	-0.04926327	-0.019736612	0.032986317	0.019691411	0.0038116893	0.014503226
-0.0028106165	-0.006202533	-0.03219657	-0.02290321	-0.031593513	0.035267036	-0.013407149	0.0012638696	-0.03869604	0.0034303498
-0.06864616	-0.04611533	0.04739246	-0.05815618	0.01660296	-0.014546662	-0.0070453947	0.0033234588	0.008729699	0.018619783
-0.035320573	-0.030997345	0.06343223	-0.03785842	-0.06780137	0.0052827806	0.01169202	-0.021236284	0.0034185052	0.024926718
-0.08265361	-0.03591778	0.049603317	-0.054867253	-0.017707115	-0.023387764	-0.0060202107	0.013356559	-0.053277425	0.029364254
-0.022882357	0.0010480183	0.026802503	-0.021605501	-0.01079554	-0.028302561	-0.028205208	-0.022280792	-0.037377417	-0.02019155
0.03167975	-0.0073640547	-0.0056782886	-0.03883586	0.016380196	0.052139167	0.0039332877	0.008953138	0.046855144	-0.036844525
0.045955878	0.029351527	-0.03555468	-0.036049515	-0.03917768	0.040233407	-0.033380475	0.0047875866	0.0071028806	0.049864642
0.006956687	-0.051764946	-0.009203389	-0.034467723	-0.033222552	-0.0074285953	-0.017205598	0.0147959655	-0.07392455	0.055273496
-0.09119348	-0.02781201	0.09066909	-0.04388619	-0.08578112	-0.03807841	0.049791247	0.09409098	-0.044230018	0.053060114
0.06860198	0.028153975	-0.07110932	0.06403601	-0.005088149	0.017968606	0.01193409	-0.060850658	-0.026902935	-0.009887045
-0.017482687	0.032302067	0.008876689	0.035108097	-0.009906714	0.01778387	-0.015706662	-0.03152068	-0.048204206	-0.01963821
0.0025332875	-0.0018380804	0.040328342	-0.009784098	-0.018975528	0.0030064976	-0.0019257299	-0.0018955322	-0.04356136	0.03104951
0.038621847	-0.011087909	-0.04632247	-0.009680227	-0.047500044	0.042898208	0.046020083	0.031501308	-0.007689291	0.0016491842
-0.046409294	-0.060436577	0.0028056402	-0.006080662	-0.011285951	-0.08827481	0.030017797	0.0159852	0.006555776	0.05629489
0.030958014	-0.034374595	-0.0121636335	-0.02357733	0.027170386	-0.021608291	-0.03788416	0.031327523	0.035424072	-0.017897964
0.02669093	-0.01998314	0.00292857	0.03466554	-0.03473114	-0.046527788	-0.027977923	0.02384503	-0.002020908	-0.0068155876
-0.01325258	-0.012224239	-0.0155677525	0.003796132	0.0031116165	-0.026832312	0.017763535	0.028965145	0.019646455	0.019614775
-0.0036674016	0.04863077	-0.0012756223	0.036500532	0.057898637	0.027048644	-0.039834928	-0.033300046	0.054477654	-0.02315382
0.032487243	0.051616207	0.010056985	0.027912274	-0.0125014335	-0.018749662	-0.03804462	0.0025414606	0.018257277	-0.0022150243
0.06489047	0.0040227193	0.025027024	-0.019160554	0.036662858	0.040865835	-0.04148856	-0.0046513663	-0.0152859045	0.00016819681
0.044376463	0.049001187	0.03643755	-0.041561384	-0.038346443	0.03260044	0.05962421	-0.0019490884	-0.010096158	-0.0045847036
-0.038285475	0.014458312	0.046977367	-0.061962444	-0.029815618	-0.0061038984	-0.035205003	0.009000006	0.021739982	-0.0069102836
0.013581072	-0.0010366255	-0.04014313	-0.024096915	-0.026486516	-0.020230504	0.01253338	-0.03021091	0.009480995	0.019206168
0.02493448	-0.041820884	0.028703002	0.0016268019	-0.050828688	-0.028452119	0.031134978	0.0054947548	-0.043943163	0.031750765
-0.113990866	-0.027366333	0.065888144	-0.045976136	-0.036896095	-0.087231874	0.03137615	0.04727156	-0.021043435	0.07579569
-0.009567762	0.029752284	0.037480883	-0.004443062	0.027230201	-0.022329519	0.019951921	0.0021482827	-0.041731723	-0.055924322
-0.0076514985	0.015903167	-0.046266682	0.019168127	-0.014877564	-0.03144116	0.023303004	0.0303811	0.06787797	0.018865291
-0.07199218	-0.018842159	-0.003919195	-0.00011322762	-0.052494626	-0.0027051216	0.004945834	0.021526245	0.0066028456	-0.041847248
0.03271026	0.04907882	-0.05128096	0.045165192	-0.04024588	-0.0149235055	0.0043625184	0.01828241	0.049968027	-0.03661581
-0.05164222	-0.08845614	0.030035172	-0.05664632	-0.028822003	-0.102840275	0.028616123	0.08652352	-0.05833627	0.051604625
-0.050908875	-0.016002145	0.07023038	-0.009636332	-0.039787922	-0.050458614	-0.01832862	0.008028955	0.018966958	0.046104215
0.024100356	-0.03179015	0.018127704	-0.01225502	-0.023727551	-0.0061126156	0.019451723	-0.050428472	0.010188236	-0.014113174
0.046591926	0.025160719	-0.037839435	0.05603587	0.06229293	0.020480875	-0.021869795	-0.076028824	0.058161233	-0.07185895
0.009301625	0.041751724	0.009336432	-0.019725105	0.038320333	-0.014171564	0.027218219	0.014882701	0.04549577	-0.048969697
0.0014423148	-3.0604868e-05	0.006723102	0.05118704	-0.040548246	-0.03958103	0.034373075	-0.051690537	-0.005449473	-0.019963372
-0.03661118	-0.018175947	-0.04630887	0.00036308268	0.049645875	-0.019551639	-0.0400037	-0.0060904864	-0.03969792	-0.014577317
-0.0066379337	0.0578676	-0.024072256	-0.0077411076	0.015891045	-0.0016731157	0.00903105	0.009196844	0.049013477	-0.03458685
-0.019901779	-0.019743199	-0.01713649	0.0057944264	0.01859067	0.062139522	0.020654647	-0.054111198	0.043754708	-0.035248436
0.00782687	0.0027798808	0.030674627	0.004980804	-0.03483663	0.017857589	-0.028298082	-0.024499826	0.002783397	-0.005585973
0.017015213	-0.054526694	-0.020375159	-0.032041483	-0.024315214	-0.0145594645	0.014107773	0.02516147	0.013977667	-0.030588778
-0.11495169	-0.04271471	0.118227825	-0.07645127	-0.10769636	-0.06499658	0.040053517	0.052201424	-0.09702269	0.0179971
0.002017138	-0.025483366	0.046360143	0.041388057	0.032003976	0.048487008	-0.032388225	-0.019003438	-0.029366244	-0.026406871
0.040117767	0.01704013	-0.0085732285	0.013506356	0.025855627	0.061542448	-0.027020037	-0.051250115	0.051805794	-0.01101645
0.045550257	0.034269486	-0.040343888	0.013302557	-0.03393538	-0.0015689235	-0.022440549	-0.042752124	0.04326077	-0.03220911
-0.05748594	0.018076304	0.039946884	0.020454448	-0.01437515	-0.041262366	-0.031532533	-0.020084498	0.011914713	0.021730058
0.068119325	0.061125744	-0.01318268	0.016280053	0.031590603	0.06355359	-0.045429226	-0.030838681	0.07766436	0.0075716977
-0.033958614	-0.005792242	0.04420464	-0.051131893	0.0054069506	-0.016399499	0.032539688	-0.027248235	0.0057294937	-0.018534921
-0.008974455	-0.037443567	0.030919267	0.00031250907	0.010406799	-0.030313406	0.020800387	0.028328186	-0.026963344	0.017709907
0.012030216	-0.05384822	-0.023255302	-0.053230874	-0.037237473	0.01858109	0.056496087	-0.008477507	-0.024002079	-0.010501514
-0.04532895	0.0055365656	-0.01878532	-0.022525692	-0.036808956	-0.035196386	0.013741907	-0.031669214	-0.038457233	0.00941978
0.05295501	0.07112578	-0.07092275	0.0004972917	-0.01581413	0.058162265	-0.014130337	-0.05356587	0.031699963	0.024586821
0.014116577	0.020118423	-0.062824436	0.061412275	0.014507855	-0.006417899	-0.03558304	-0.058727946	0.01999937	-0.006294286
-0.046316616	0.003586146	0.021049352	-0.04269506	-0.019973319	0.01635771	0.018390985	-0.052751318	-0.026127769	-0.02797677
0.0037730702	0.032930344	-0.028831387	0.011345716	0.028585227	-0.0008781323	0.012784696	0.0021968295	-0.059839398	0.038803842
0.026291072	-0.022535244	0.005163858	-0.03151188	0.037490495	0.022360547	0.03218695	-0.034049463	0.054197114	-0.028938157
-0.03828007	-0.008432529	0.054804046	-0.012743599	-0.014399998	0.0051221414	0.007008997	-0.0044743656	-0.051838487	-0.006014921
-0.041115385	0.029045073	0.009079561	-0.008280917	0.0025854944	-0.038357534	-0.003777252	0.021863991	-0.0045385193	0.04426955
0.017123323	0.008426342	-0.05733983	-0.0001737285	0.033198923	0.03353712	0.030551827	-0.061957274	-0.01910133	-0.01798243
0.038739275	0.042187832	-0.044400305	-0.030565653	-0.018788109	0.007830724	0.0034858352	-0.04967555	-0.034868587	0.044225585
-0.07793384	-0.07057137	0.09400277	-0.061690465	-0.08022733	-0.0895989	0.0651665	0.08749762	-0.0139318025	0.074533455
-0.026747964	0.0328853	-0.0031754847	-0.03242247	0.021306697	-0.053570915	-0.021637859	0.014054112	0.02184774	0.0079653375
0.003834315	-0.057814486	-0.019671628	-1.3379802e-05	-0.010651142	-0.074393265	-0.025609108	0.023488898	-0.048734095	0.040548146
-0.012568392	0.004468914	0.0023362783	0.021922417	0.00018691337	-0.029158777	0.02199437	0.006323599	0.02270133	0.0067411126
-0.010069925	0.014133806	0.028338362	-0.033214826	0.04222245	-0.028543355	0.010261979	0.02134286	-0.030215517	0.044947315
0.026863262	0.02377401	-0.03021977	-0.026326269	-0.036170907	-0.029315988	0.034981605	-0.012125801	0.040019758	0.028954618
0.021893108	0.040584993	-0.04847457	0.035264183	0.042960573	-0.009685395	0.043350294	-0.037610576	0.049213663	-0.034683987
0.0017373746	-0.024882676	-0.022768425	-0.006738949	-0.017349608	-0.05026454	0.006784512	0.039510194	0.018970538	-0.02093184
0.052237578	-0.026903814	-0.04059862	-0.023187757	-0.008953369	0.032109406	-0.025018135	-0.038426407	0.049958453	0.032137446
-0.023060197	-0.031153806	0.019498914	-0.07518718	-0.086758114	-0.05640392	-0.0030039053	0.09274229	-0.031469572	0.016016297
0.032932553	-0.009842507	-0.07605692	0.0012853921	0.0122749675	0.0117178485	0.0032335087	-0.026652977	0.0011497275	-0.05983773
0.047566872	0.027872514	-0.014961285	0.039452568	0.08708198	0.0603082	-0.01930612	-0.04718788	0.015058856	-0.009222435
-0.015827905	0.031173063	-0.0103018135	0.016897166	0.013620568	0.042190254	0.008285796	0.018549198	0.03887687	0.0065757777
0.021928895	0.009247441	0.004193077	0.052013468	-0.030051595	-0.022964794	-0.03242098	-0.00039002064	0.0016845334	-0.05662834
-0.019659031	0.05900199	0.03831245	-0.00837931	0.02304072	0.035024133	0.023579821	0.012831675	-0.01864599	0.00774396
-0.015884914	-0.03791632	-0.02516764	-0.052892245	-0.04615924	0.014970392	-0.023474917	-0.039187953	0.017580746	0.03452801
0.009860873	0.057490613	-0.009695332	0.0049013803	0.0037592154	0.03929925	-0.02496409	0.025539033	-0.0047278227	-0.04966875
-0.020698357	0.012639224	-0.0322697	0.03329973	-0.0021544578	-0.021011	-0.01121591	-0.025470253	0.035907883	0.011282332
0.03937081	-0.0199245	-0.020731967	0.029781777	-0.03069019	0.039869793	-0.0017790128	-0.00461132	0.025068266	0.036379
-0.0014613803	-0.03680475	-0.022550426	0.018052163	-0.0017202819	0.020098412	0.011936797	-0.013855232	-0.040245797	-0.01461558
-0.0324885	-0.030922893	0.025655251	-0.07095609	-0.08118732	-0.119555086	0.055645145	0.07169552	-0.036044158	0.08648112
-0.07965584	-0.019877318	-0.013945764	-0.06749228	-0.027187884	-0.035276692	0.02675926	0.021864334	-0.043762647	-0.014508924
-0.046624232	0.010964572	0.03468	0.011069538	-0.008611308	0.034484018	0.026352469	0.004121144	0.026731275	0.02849525
0.029231481	-0.020634558	-0.039695296	0.040436275	0.01267049	-0.0132977925	0.030711774	0.04142199	-0.00577947	0.03727208
-0.017502388	-0.018998792	0.031959098	-0.035720054	-0.032328155	0.042479154	-0.027243365	-0.046514317	0.007210423	-0.035511307
0.025039468	0.030279305	-0.014482087	0.00443853	0.075937815	0.041132443	-0.05092636	-0.052936777	0.05985766	-0.040851027
0.041996863	0.006759956	0.01099337	0.03860895	0.023624206	0.010197351	0.00065671816	0.022817416	0.005541038	-0.03372833
-0.008856349	-0.023120804	0.020299213	0.0028076086	0.056345128	0.046227966	-0.02034296	0.040898	0.011743271	0.028401138
-0.029471345	-0.0020751727	0.039226856	-0.0052084783	0.011161086	-0.006067327	0.021149741	0.050414	0.012896383	0.044085495
0.01827069	-0.048745748	-0.03012624	-0.026462832	-0.026190784	-0.04105594	-0.004759299	-0.026819516	-0.00795601	-0.04226543
0.082157835	0.052027747	-0.072945446	0.016622273	0.05568689	0.085766725	-0.040918548	-0.044875838	0.08552813	-0.07304757
0.0017268583	0.0048539047	0.03993139	0.020062367	-0.045390088	-0.060113132	0.038290083	0.011201765	0.0030572815	0.029831508
-0.031101948	-0.025825849	-0.01202072	-0.041343734	-0.025691625	-0.06612314	0.01145033	-0.0045524943	-0.033724416	0.0055244807
-0.026255492	-0.028695779	-0.0036339727	0.0097715305	-0.053413797	-0.048349675	0.02659086	0.03805324	0.00983237	0.040251423
-0.0501091	-0.054928996	0.025186773	-0.0817988	-0.08515812	-0.09719046	0.048232306	0.050124634	-0.07952112	0.04706376
-0.02077789	-0.004816974	-0.029703857	-0.046750974	-0.04525995	-0.043495078	-0.008602157	-0.03546248	0.00074794795	-0.03753903
-0.0015369778	0.03215139	0.02011867	0.05101298	0.04985831	-0.04046611	-0.011640691	-0.039554287	0.009930633	-0.024439367
0.01873199	0.04413407	-0.049967647	0.03793162	0.015339677	0.020655539	0.024559265	-0.007827067	0.055527765	-0.043059412
0.023836045	0.01250204	-0.021456514	0.02246415	0.024032766	-0.010334401	0.0060069626	0.03442234	0.011291125	0.05398043
0.04376912	0.07726845	-0.0034267674	0.0037079884	0.0133962445	0.094208054	-0.046714578	-0.049879573	0.051679756	-0.012518415
0.051932264	-0.024883095	-0.05855803	0.015287699	0.0018348229	0.010336493	-0.003742156	-0.021178734	0.0064955913	0.021538405
0.049597245	0.015945125	0.022944767	0.0019079994	0.046678532	-0.011507924	-0.0016462621	-0.024168905	-0.013667611	-0.0051335003
-0.056118518	-0.056079052	0.030995393	-0.01500851	-0.00058986776	0.023403268	0.030674998	-0.009147121	-0.034866203	-0.0031682218
-0.04738868	-0.06751774	0.04881043	-0.03479819	0.006204928	0.028646126	0.038564753	0.05690047	-0.03374876	-0.033076085
0.017129567	0.02728201	0.04817351	0.005163112	0.04574787	-0.032312494	0.05039203	-0.016684689	-0.031521626	0.012695123
0.01566	0.019449884	-0.057241794	0.013408691	-0.0019719065	0.04699096	0.022113318	-0.057182193	0.048917416	0.018354902
-0.02906254	-0.043758683	-0.03163084	0.0026031025	-0.016969183	0.020711634	-0.010715342	-0.0059495014	0.030561192	0.007137935
-0.018310977	-0.001149338	0.011652188	0.008654013	-0.008436433	0.013490121	0.00834023	-0.05875063	-0.009026579	-0.01512054
-0.0237617	-0.06008525	0.053800803	-0.003070733	-0.06949846	-0.022118166	0.022187497	0.026572067	-0.048713095	0.021713952
0.008948318	-0.03986644	0.0350227	0.010526303	-0.013723187	0.043932714	0.032558866	0.0048705265	0.003716922	-0.03540872
0.07535554	0.077420734	-0.07069537	0.114182375	0.06967389	0.059094515	-0.07939297	-0.05765805	0.060369037	-0.092094526
-0.045317445	-0.054545593	-0.009193994	-0.007625319	-0.010898631	0.019188443	0.03819373	-0.016750662	-0.033059437	-0.022512443
-0.0015225781	0.032416552	-0.025849149	0.035948686	-0.018094437	0.0023577446	0.0150683	0.04459092	-0.027275927	0.013567961
-0.00020388393	-0.02962359	0.061881933	-0.023398379	-0.024068514	-0.045188546	0.014337995	0.0122219175	-0.051652435	-0.006531218
-0.015219442	0.033148	0.0024604246	-0.010207604	-0.022603553	-0.01745819	-0.020885963	0.006996791	-0.0009283517	0.0026915907
0.0076481663	-0.013535005	-0.014575704	-0.04247357	-0.0026081938	-0.05533274	-0.02922558	0.010378845	-0.039312012	0.03906467
-0.04867452	-0.08573844	0.02185796	-0.08890409	-0.07576425	-0.051393155	-0.026510036	0.040513907	-0.06957462	-0.013969157
-0.035003006	-0.00039279912	0.015340661	0.005834743	-0.049968325	-0.0530837	0.009255476	-0.036684543	0.036327027	0.03013389
-0.023289196	-0.04290708	0.06527734	-0.061291873	0.017495189	-0.011177126	-0.020081248	0.026360443	0.019279921	-0.011203521
-0.048212204	0.015598775	0.01118866	-0.025435029	-0.040017463	-0.013511617	-0.04048626	0.031427294	0.0047411826	0.049257193
-0.0083924895	-0.036740266	0.012706283	-0.029953863	-0.048007607	0.025981508	1.311612e-05	0.043303214	-0.003980996	-0.03480784
-0.015953183	-0.009789019	-0.005237175	0.064081766	-0.03043468	0.0047188187	-0.019345209	-0.0526846	0.04377387	-0.052518338
0.021453232	-0.02896548	0.059551187	0.030065587	0.035111964	-0.03016175	0.037611797	0.007956403	-0.00055197225	-0.009012367
0.008330226	-0.004028665	0.035534758	-0.034888547	-0.059573513	0.033238377	-0.020233756	0.0234285	-0.010780373	0.051693853
-0.021901933	-0.031202743	0.017967025	-0.034934457	-0.015065029	0.018395396	-0.003961463	-0.009750458	0.040826388	0.03128254
0.004786472	0.019701505	0.029510587	0.041572344	-0.008758327	0.057995137	0.032619923	-0.031016853	0.049263034	-0.0100767985
-0.016206443	-0.011266659	-0.0071692974	0.013878174	-0.05191377	-0.036259312	0.048507474	0.022939857	-0.014787314	-0.0019461149
0.057383474	0.0143967075	0.031754598	0.004657019	-0.032517962	0.0019072397	0.023855478	0.034548506	0.009296683	-0.010920762
-0.009404858	0.00072936935	-0.046444777	-0.0044065593	0.0064415913	-0.02104597	-0.009838275	-0.032216452	0.00057018886	0.04584707
-0.007703433	-0.021881426	0.026863659	-0.018331863	-0.07441515	0.008779412	-0.01782455	0.021331081	-0.065960616	-0.007294152
0.004342208	-0.049482208	-0.0039411513	0.024086948	-0.053596262	0.019027254	-0.043745536	0.041282818	-0.04712657	-0.013034889
-0.032372627	0.012979415	0.0040578456	-0.042117573	-0.05363428	-0.046608374	0.042743742	0.04139464	-0.046434168	0.0144481985
0.04688634	-0.04305511	0.039306816	0.0042803534	-0.025588937	0.029052677	-0.023223227	0.04350192	0.023476318	-0.0035596297
-0.042277053	0.0041012103	-0.037918344	0.04397039	-0.0042772507	-0.020693561	-0.014639167	-0.04230372	-0.022172311	0.036921438
0.0024766908	-0.032404363	0.051175494	-0.042743266	-0.011830445	0.02598125	0.0026716373	0.04620449	0.005901962	0.037984837
-0.053907137	-0.056740314	0.044166032	-0.029702323	-0.026521977	-0.02416031	0.0024125867	0.046374384	0.02487101	0.013735989
-0.041589193	-0.02895523	0.01753924	0.041939903	-0.0071676625	0.008201777	-0.010852657	-0.01932593	-0.003002867	0.0067688636
-0.009144263	-0.008293074	-0.012667537	0.042327058	0.026220405	-0.023553304	-0.040641036	-0.043477133	0.025185004	0.043060567
-0.04979783	-0.04706045	0.00043752414	-0.009387164	-0.012946345	-0.024760287	0.009854342	0.061092284	-0.001331784	0.012017887
-0.03751045	-0.009248034	0.043028142	0.008786873	-0.0025224842	0.0029617618	0.008682223	0.019190177	-0.0136131095	-0.041761093
-0.038040366	-0.0037366115	-0.008568824	-0.05208419	-0.032826733	-0.028008608	0.054546263	0.030780232	-0.0075591225	0.015712602
0.0024097783	-0.063881405	0.018524544	-0.058599066	-0.02670293	-0.020388545	-0.045801777	-0.002894204	-0.06272529	-0.011243983
0.008992603	0.02017214	0.030507252	-0.0014868673	0.000843992	0.01759258	-0.0013004079	0.009021286	-0.04425519	-0.033557445
-0.035659675	-0.023883699	0.057711635	-0.0449909	-0.013273261	-0.0392875	0.05848689	0.015725592	0.0011012506	0.014802268
-0.0013803652	0.051006358	-0.02447722	0.050716434	0.0043334644	0.0026573867	0.0036886178	-0.047725014	0.040323216	-0.02215689
-0.044053454	-0.011700371	-0.009431295	-0.06875199	-0.052854925	-0.06848763	-0.013343238	-0.0037232204	-0.004467054	0.019649893
0.01103513	0.033448726	-0.0074257054	0.039079588	0.034361944	0.037653934	0.021742683	-0.04028887	0.053287007	0.021588013
-0.022659304	0.013660879	-0.0042242883	0.0037215834	0.004585722	-0.0044172364	0.0074803694	0.0062114936	-0.008639551	0.009116246
-0.009190624	-0.037208788	0.011570738	0.031715117	-0.02658305	0.05364075	-0.0020453779	0.03762482	0.043741316	-0.04892606
0.04201885	0.05175979	0.03843459	0.04284972	-0.012247172	-0.030403325	0.023588093	-0.00986426	-0.020234197	0.006880784
-0.02038243	0.05446407	-0.006676188	0.03134003	0.058196247	0.03314764	-0.041794073	-0.052228708	0.017510919	-0.045702003
0.0438088	-0.022901237	-0.059987642	0.00413263	0.00072907936	-0.008787456	0.02546022	0.003447212	-0.010287831	0.010424046
-0.07467042	-0.011583413	-0.0050741322	-0.02984483	0.013141194	-0.0007049691	0.036773995	-8.93707e-06	-0.042987846	0.029420653
0.036532313	-0.008176515	-0.02008714	-0.004963447	-0.02657877	0.011818671	0.035904933	-0.027552772	-0.015990913	0.003508334
0.00401029	-0.023261817	0.05868092	0.026662396	-0.01143607	-0.0017872824	0.0030918554	0.054584853	-0.013353876	0.019155633
-0.04997589	-0.06827641	0.01278663	-0.042094562	-0.042583376	0.0019310213	0.040477827	-0.020137176	-0.034462556	-0.014108959
-0.06772743	-0.030646212	0.016364865	-0.008511369	-0.00042750413	-0.059677277	0.062126607	0.023043085	-0.039125238	0.021705022
-0.00968514	-0.016793922	0.040997356	0.020094384	0.019340884	0.0142546445	0.026206957	0.043150537	-0.018373875	0.018324267
-0.056164626	-0.010028972	0.043332785	-0.10071034	-0.024462935	-0.005304804	0.051078517	0.08009162	-0.014988651	0.0865155
-0.05687677	-0.03905662	0.022963418	-0.046029974	-0.0071177934	-0.04705766	0.006670712	0.049441565	-0.032537334	-0.0036088533
-0.053600166	-0.043941565	-0.021818519	-0.02988909	-0.0021492252	0.015973777	0.016621364	0.03211467	0.009313398	-0.015928831
-0.01203439	-0.021251667	0.040701374	-0.034461375	0.0028342144	-0.0614047	0.05422514	0.0059569385	-0.04092823	-0.0042636567
-0.06589436	0.02769467	0.0192935	-0.030444995	-0.025486892	-0.015574902	0.037275583	-0.012747524	-0.05210581	0.06105372
-0.03726592	0.009148113	-0.034980346	0.0046281884	0.018242978	-0.015099986	-0.0009569251	-0.013918513	-0.032494664	0.01610916
-0.003757676	0.018885579	0.025294116	0.022452887	-0.05611735	-0.016075004	0.041268803	0.035692554	-0.014818429	0.047253307
0.021736154	0.030089214	-0.049929623	0.02421731	0.0048439596	0.013377555	0.01765693	-0.03389239	0.0031055687	-0.01981644
0.02131273	0.002690983	0.039324675	0.008161291	-0.043133	0.034692165	-0.008057501	-0.040927693	-0.036464583	-0.00026950947
0.0991458	0.009899487	-0.08098258	0.07834226	0.019183442	0.106048875	-0.07378391	-0.03740813	0.034571208	0.0012829935
-0.05089371	-0.059568398	0.014350305	-0.044107944	0.0012625854	-0.04669858	0.06204024	-0.0047426545	-0.01659332	0.009246544
0.018417712	-0.011538113	0.014292024	0.015563614	-0.030232215	0.010203501	0.029091317	-0.012127158	-0.014761962	0.042549238
0.047252763	0.018580938	-0.039754767	0.0023079475	-0.03043782	-0.009575622	0.049399555	0.038936067	0.026365545	0.04326833
-0.0029937415	-0.03639516	0.036878407	0.025550956	0.007585692	-0.039360967	-0.017349536	0.05079209	0.030102415	-0.04532749
-0.0595236	0.012251548	0.0004949479	-0.0054696887	-0.039657827	0.03302975	0.027828246	0.06144007	-0.0526198	0.020059781
0.008085228	-0.02310151	-0.05663007	-0.024893656	-0.021450156	0.04282663	-0.004910252	-0.004571301	0.028144324	-0.0026502563
0.041836053	-0.028499626	-0.06241102	-0.029963661	0.04418376	0.05812795	0.036200747	0.010647068	0.044863906	0.0037422504
0.047789868	-0.033303484	0.044185173	0.032468718	0.02592838	0.009609247	-0.03539724	-0.04993845	-0.03596371	0.01733649
0.048742753	-0.0043409197	0.0071639516	0.06690537	0.07088984	7.867616e-05	-0.007203691	-0.07792017	-0.004551303	0.010652082
0.03036486	-0.011820679	0.011209103	0.012720709	-0.023740193	-0.008858376	0.03637532	-0.026633173	0.037823536	0.043984465
-0.011959759	0.01826312	-0.0054279966	-0.01925562	-0.04980482	-0.025403176	0.019980446	0.03393557	0.016350279	0.017750867
-0.015936246	-0.066182315	-0.0057076956	-0.03810429	-0.026637182	-0.065094106	-0.003933801	0.003993223	-0.051820043	0.06046728
-0.03693225	-0.03344528	-0.006642101	0.0039039957	0.005086395	0.0009811075	-0.012780871	0.021916494	0.016502272	-0.03686625
0.026978731	0.06213944	0.018303134	0.004978931	-0.008859027	0.033416215	-0.034594275	0.017174723	0.05818431	-0.036739994
0.009379797	0.037513707	0.022885736	-0.024927637	0.026474359	0.013248291	-0.0004345597	0.01239148	0.02924083	-0.018606782
-0.02159299	0.010754715	0.029944222	-0.02898293	-0.0152752055	-0.018507337	0.058898997	0.0058649615	-0.008761208	-0.00390792
-0.0021776087	0.017620707	-0.018666208	0.008214075	-0.042429496	-0.034811575	0.05057424	0.05604117	-0.028774625	0.029220061
-0.039042354	-0.031892035	0.043466266	-0.06190866	0.024223452	-0.009188195	0.0068275523	-0.00972856	0.022158368	0.04481654
0.011910167	0.020671207	-0.004572103	0.02686951	0.0069540897	0.0065997746	0.036342844	-0.009455363	-0.0076881177	0.030408263
-0.03359337	-0.036697775	0.018513283	-0.063015975	-0.0029027855	-0.06883612	0.060123187	-0.0038129492	-0.0688959	-0.0120912865
0.009034302	-0.02145283	-0.009678342	0.016978662	0.023648465	-0.06184295	0.05237918	0.02701667	0.0303259	0.013466507
0.03149916	0.0034305397	-0.026564432	0.045195125	-0.020216173	-0.003284165	-8.85439e-05	-0.038921405	0.05322287	-0.031617165
-0.0037465063	0.037713006	-0.021255497	0.012399007	0.017534954	-0.05090661	-0.018468764	-0.027629059	0.0109176375	0.046185654
0.016329557	-0.03819131	0.004897637	-0.016816884	0.017961437	0.031062322	-0.007503193	-0.008274109	-0.022187078	-0.024211338
0.038273994	0.045620985	-0.008497647	-0.012637993	0.032783926	0.047490448	0.015215724	0.008050282	0.03337184	-0.05545889
-0.063138805	-0.07752094	0.07526532	-0.060569406	-0.015262832	0.0057343733	0.017666154	0.007433916	-0.054816935	-0.0011754021
0.023342554	-0.012936769	-0.039408654	0.068619	0.008779558	0.031407777	-0.02379613	0.021624612	-0.00053210434	-0.0046002073
0.030458603	0.022412613	0.0014504313	-0.05479181	0.0040843375	-0.00012214547	0.0491361	0.036474455	0.012417824	0.045032825
0.031399913	-0.028087378	-0.020784391	0.026573246	-0.009641448	-0.005227257	0.026904559	-0.026002293	-0.024860019	-0.056582738
0.0091924975	0.003365791	0.004105026	-0.013564149	-0.02329054	0.022177896	0.0057935296	0.020729426	-0.034809213	0.002260717
-0.0063831285	-0.043615893	-0.010084851	-0.025427345	0.0019082371	0.024585774	0.008313947	-0.012849814	-0.05292594	0.04336056
0.042209685	-0.01981997	-0.037057955	0.04791618	-0.048202045	0.044446185	-0.027384417	0.021351207	0.0064836717	-0.016674425
0.031511385	-0.026624393	-0.018912846	0.046593778	0.004238587	-0.03330859	-0.0072298073	0.016906926	-0.0003206421	-0.027026191
-0.026410138	0.010860254	-0.0109549835	-0.048648313	-0.0688759	-0.016759086	0.032460157	0.06637822	-0.050855238	-0.026596982
-0.010451455	0.008022302	-0.00083736854	-0.039199278	-0.019003004	-0.01658803	-0.03402752	0.051212452	-0.04845098	0.009839898
0.020101598	-0.010631536	-0.049315915	0.015095042	-0.0070224847	0.0028481209	0.009486994	0.025945717	-0.02998496	0.027630754
0.024409363	0.0010033409	-0.06428525	0.06209091	0.026993068	0.07005371	0.013803363	0.008210259	0.018435944	-0.047742844
-0.08483758	-0.056996644	0.013602484	-0.063840605	-0.0011749276	-0.001372497	0.06486904	0.032881178	-0.019472614	0.090757154
-0.03397759	-0.019614799	0.014576932	-0.00735069	-0.025466125	0.01107478	0.0531172	-0.011669588	0.058351334	-0.021411981
0.026698355	0.00036834195	0.04604589	-0.009447448	0.03794444	0.04151887	-0.0099152755	-0.025491452	0.014024633	-0.0131715145
-0.07244184	-0.006286851	0.077621914	-0.044993065	-0.008194644	-0.006636572	0.0590975	0.045792397	-0.048424	0.015685964
0.013242416	-0.060028415	0.068029545	-0.03459096	-0.05795932	-0.059968386	0.050968315	-0.012013219	-0.07271087	0.046260003
-0.011994237	0.047301617	0.014506449	0.008960394	0.049087968	0.050942454	-0.021535786	0.0165589	0.011545968	0.02968712
0.031041857	-0.031882755	0.028014418	0.03662375	0.062158868	0.029793551	0.018307107	-0.05660097	0.034787413	-0.01160224
-0.0022420841	0.008056145	0.02595514	-0.04456231	0.040541004	-0.018046299	0.027725423	0.027212877	-0.05214706	0.04588141
0.018432425	-0.022642497	-0.011997393	-0.014188558	0.0065103583	-0.05042967	-0.006098457	-0.015212956	-0.037977543	-0.0015958109
0.011203536	0.0828354	-0.058456782	0.022919646	0.056034334	0.036717277	-0.0065997597	-0.07631956	0.038074024	-0.05782358
0.010987386	0.0016756837	-0.012290894	-0.0044035953	0.031583037	-0.01918105	0.023797225	0.0043726186	0.03343823	-0.06708724
0.03078661	-0.036091056	-0.029668298	-0.0031819723	0.023897411	-0.014911265	-0.02001865	0.046629272	-0.025970314	-0.028628841
0.0028906392	0.004728969	-0.032398295	-0.059195034	-0.057195287	0.016515689	-0.0057964316	-0.004324051	-0.010506649	-0.0045568123
0.061316192	0.04213404	0.0011645666	-0.020581296	0.059715394	-0.010160362	-0.024586119	-0.06352458	0.022538377	-0.0003109454
-0.010377044	-0.05314987	-0.00024745328	0.021312855	-0.016497772	-0.055437878	0.04076381	0.040225327	0.020663222	-0.016034119
-0.03356737	-0.060709946	0.059449404	0.017216563	0.018777192	-0.06495276	0.035133593	-0.0042477734	0.024280401	-0.027201043
0.026489189	-0.021717027	-0.05337724	0.04296649	0.06765697	-0.016993476	-0.02952458	0.029296102	0.040547367	0.016474433
-0.004522844	0.03705016	-0.029660989	-0.01815286	-0.001969775	0.000852429	0.04301652	0.034667514	-0.0036629273	0.010471883
-0.02849556	-0.027189098	0.02177775	-0.026451688	0.00693117	-0.06270566	0.05732172	0.075084	-0.0065698465	0.022515535
0.029894048	-0.0119777685	-0.072768666	0.023730066	0.0302731	-0.022761727	-0.043178983	-0.045041807	-0.025695775	0.009748654
0.047190905	0.036859255	-0.057059612	0.062316846	0.05658681	0.0074286712	-0.041696	-0.03664031	-0.018908009	0.00053547916
-0.0153212985	-0.022273384	0.0409916	-0.055038836	-0.017190984	-0.011065525	-0.0031882902	0.019531991	0.013940742	0.049088273
-0.017057475	-0.002369773	0.027208108	-0.0004002254	-0.06369189	-0.015395301	0.026828194	0.00025142267	0.025284903	-0.032941185
-0.063808374	-0.06996336	0.016948923	-0.011757386	-0.03771775	-0.0026515343	0.04646034	0.077416174	-0.028712433	0.05119488
-0.007172769	-0.012182709	-0.001382651	0.0003197361	0.01102858	0.035948396	0.042501528	0.035724215	0.038067777	-0.045763824
0.013581316	-0.0009892432	-0.03465847	0.03173075	0.026822537	0.055036638	-0.0179558	-0.020183425	-0.012174558	-0.056968603
0.027243722	-0.027771497	0.019037938	0.05824043	0.023289353	-0.02657222	-0.0021839044	-0.048417725	-0.020452216	-0.03504542
-0.03681254	-0.004455619	0.066935964	-0.042817377	0.00512662	-0.03199129	-0.0036775717	0.018896883	-0.038407605	0.019588243
-0.038784366	-0.0014440184	0.037661992	0.020669648	0.031773724	-0.035475582	-0.0067670015	0.04891524	0.03124336	0.00068218156
0.04273392	-0.03395418	0.02486937	-0.04944359	-3.104051e-05	-0.045892593	0.010989879	0.04645587	0.03132073	-0.027433535
0.023549903	-0.029178038	0.009463179	0.013393916	-0.036863673	0.030452937	-0.021590615	-0.04876905	0.057308007	-0.058715757
-0.026381502	-0.0036223389	0.00070455583	-0.04549935	-0.08332009	0.0005196323	-0.00062246295	0.0019823513	-0.0281603	0.03193472
0.0074648983	-0.06390627	0.05977653	-0.05303066	-0.011103625	0.019680941	-0.022639686	0.02721491	-0.033194922	0.01972014
-0.024333414	0.034737367	-0.0057190065	-0.040082745	-0.047566786	-0.002291726	-0.03786286	-0.017579291	0.002461602	0.043418203
0.0011257839	0.01489293	0.06780946	-0.07825815	0.01768663	0.0042798207	0.0049081272	0.060980428	-0.036539588	0.057347596
0.036015064	0.032428693	-0.02271033	-0.020117885	-0.011995395	-0.015174225	-0.0367985	0.032861434	-0.026898805	-0.026071427
-0.006968892	-0.014620687	-0.0031943806	0.019167721	-0.05086785	0.01910026	0.027043799	0.07555921	-0.037036356	0.041244302
-0.030929992	0.0030087398	-0.008984383	-0.048641432	0.0023151487	-0.0064228103	-0.0072690905	-0.012732567	0.040646058	-0.045906156
-0.01546537	0.06381058	-0.05854669	-0.006413104	-0.004376878	0.025754733	0.03241344	-0.045215625	0.051568523	-0.04121846
-0.0069204546	-0.012411783	-0.061140247	0.023068873	0.06923627	-0.014511645	-0.02643794	-0.037657738	0.039553046	-0.03238956
-0.04323196	-0.007428015	0.019944577	-0.007793736	-0.026942113	-0.04291514	0.0054199737	0.054163396	-0.03653353	0.05533675
0.038742036	-0.01789198	-0.010783501	0.030314105	0.040932395	0.04326517	0.01784819	-0.033746902	0.020600723	0.010392758
-0.0029984803	0.03257054	0.020960478	0.014559915	0.013698893	0.0017804449	0.007561549	0.0076011755	-0.029083628	-0.011656598
0.052040275	0.06597098	0.018059967	0.01879152	0.04515315	0.0041100327	-0.029960921	-0.010787476	0.017863274	0.010712741
0.09066577	0.095155105	-0.027052946	0.0061397254	0.07644249	0.023608193	-0.014693543	-0.0118965255	0.0032363592	-0.030622697
-0.022712274	0.011820962	-0.027887605	-0.010242017	-0.020192456	-0.04215508	0.046833653	0.020585258	-0.04389943	-0.008461416
0.006419362	-0.06486073	0.05171713	-0.067496955	0.024163507	-0.047792714	0.032996695	0.022489604	-0.0042653643	-0.004678766
0.0051415116	0.057353172	-0.056435294	-0.007414197	0.065749705	0.020708673	0.010561131	0.010916287	-0.0038910462	-0.062483646
0.038135175	-0.052073453	0.020545727	-0.003834226	-0.008455201	0.039271478	0.009623161	0.04999037	-0.05015443	0.045149706
-0.0027427187	-0.048751973	-0.033091262	-0.0398013	-0.031206468	-0.024223737	0.01862027	0.037623983	-0.02012515	0.018318582
0.003128728	-0.01369944	0.0655758	-0.031638145	-0.007960403	-0.056901027	-0.03981309	0.004957174	-0.0006379624	0.008385849
0.04221619	0.0458195	-0.005880738	-0.019538518	0.015465279	0.04025611	-0.016647846	-0.023480732	0.040503994	-0.03935491
0.031946126	-0.035849307	0.04760797	0.015365451	-0.06684193	-0.049054414	0.03017956	0.033296015	-0.012789125	0.047626812
0.013658965	-0.05246085	-0.018657107	-0.021910034	0.02299773	-0.016612036	-0.044635694	0.054579016	-0.02974396	0.015772127
0.060059637	-0.01999679	-0.010243906	0.022512082	-0.029236058	0.017368525	-0.04691526	-0.032575663	-0.027955024	-0.051541768
-0.03483535	-0.017809546	-0.05569609	-0.0061883666	0.024616186	0.053344246	-0.040025365	-0.05124183	0.008676637	-0.024935035
0.00046408005	-0.06202158	0.017506473	0.021389661	0.02885896	-0.038611636	0.02328674	0.011518391	0.011604346	0.03351705
0.045139566	0.008862266	-0.023374096	0.053023662	-0.012626938	0.009522997	-0.029422792	-0.061438084	0.03958808	-0.05252552
0.015452088	-0.028830517	0.0054181516	0.032868665	0.033552445	-0.034528494	0.0061291233	0.044153098	-0.010700914	-0.009845835
0.015552872	-0.04149667	-0.005573748	-0.019252121	0.004413378	-0.021095019	-0.042989206	-0.0023988986	-0.017696286	-0.020577328
-0.04438762	-0.041734274	0.022860946	-0.020283096	-0.043723024	-0.06624765	0.018519811	0.06347952	-0.014125691	0.03875415
0.025255773	0.03061717	-0.026677767	-0.022035351	0.011118417	0.0123595195	-0.0151490485	0.036148716	-0.016163409	0.008870919
0.008596547	0.030165497	0.020635128	0.046068326	0.015941298	0.0009257655	-0.03516472	-0.054475278	-0.008751662	-0.067420974
0.03585785	-0.002695954	0.002704362	-0.010044463	0.011484118	-0.018247861	-0.030039322	-0.056388523	-0.0073281946	0.011716896
0.038557466	-0.038706783	-0.0325473	-0.05319445	-0.047546454	-0.011042477	-0.026536297	-0.003926506	0.023994457	-0.03394232
-0.015270851	-0.033883594	0.0045422753	-0.0032920106	-0.014074332	-0.07252511	0.06992459	0.0002824834	-0.045741286	0.047703087
0.03501071	-0.02513637	-0.032351725	0.007204436	-0.02566366	0.012441817	0.020206999	0.022428408	-0.04903732	-0.016010962
-0.0357196	-0.009342005	0.040026512	-0.05060917	-0.059141587	-0.070096284	0.0406886	0.03428787	0.010443845	0.011838241
-0.032244142	0.030350758	0.0127106	-0.013210981	-0.03230971	-0.0073385583	-0.029731572	0.0040478664	0.015712546	-0.0017582325
-0.030409958	-0.039652124	-0.007459527	0.021161336	-0.026852746	-0.015284986	-0.037319206	-0.0021948619	-0.012482385	0.0065079234
-0.010999856	0.0031737639	0.011279355	-0.025459832	0.012888436	0.046523686	-0.012132768	-0.018127885	0.030078603	0.00070061866
0.044475902	-0.02911816	-0.037486747	0.04067373	0.0009941309	-0.026543012	-0.029647982	-0.018449195	0.03629107	0.030995121
0.023535317	0.019479731	0.0072622895	-0.040283162	-0.0013526866	-0.03363849	0.0026326948	-0.030400336	-0.018172577	0.043528788
-0.0056244927	-0.026401913	0.07282938	-0.06622208	-0.07712693	-0.03444865	0.015123501	-0.0011364988	-0.0070583858	-0.0032659716
-0.041800644	0.0180331	0.028465884	-0.016688747	-0.00086656306	-0.0669037	-0.06269544	-0.022946162	0.021675086	0.0015616235
0.013217194	-0.049143333	0.027584055	-0.03727155	-0.008025305	-0.02115281	0.059060965	0.029598076	0.0032275857	0.02114933
0.020438368	-0.009451517	-0.001025073	-0.004016472	-0.035350166	0.014087184	0.032342605	-0.035876907	0.034367304	0.01409234
-0.052332215	0.013552112	0.012147726	-0.033098225	-0.039862726	-0.006302084	0.02402885	-0.029923817	0.019069958	0.0041422783
0.0068793464	-0.011015075	0.037590407	-0.005205159	-0.055428315	-0.026100477	0.028029472	0.031680577	0.0110885	-0.015832914
0.045831665	0.0082638515	0.025933823	-0.019222867	0.036635842	0.03196685	-0.009200461	-0.004009383	-9.160915e-06	-0.049977724
0.09041865	0.013647227	-0.010631138	0.01824938	0.0063541452	0.06934844	0.036291752	-0.09691518	0.09769987	-0.05414347
0.064665966	0.016076915	-0.00891858	-0.020783002	0.054309245	0.030456686	-0.03488612	-0.05303867	-0.018456483	0.009616946
0.040067367	-0.02565505	-0.059624974	0.0052829627	0.0437281	-0.023708943	-0.024785649	-0.031369384	-0.00388358	0.019978661
-0.021148052	0.01898873	0.038241692	-0.034537338	-0.05526896	-0.049626384	-0.02016438	-0.040587455	0.012656454	0.004556446
-0.027885504	0.04416247	0.033865787	0.0019410491	0.044699255	-0.027952353	-0.044839405	0.006558026	-0.013376128	0.0134387
0.006255715	0.014744402	-0.094520435	0.013287022	0.055756934	0.08832399	-0.0018680649	-0.05602648	0.08441944	0.005631984
0.0023229562	-0.014477155	0.0024750822	0.008398924	-0.0007749422	-0.033701148	-0.027437001	-0.01643652	-0.011542	-0.03568494
-0.07101974	-0.026402334	0.02165563	-0.043513037	-0.031066176	0.0057653566	0.010277341	0.044600822	0.004593117	0.06539801
-0.027469222	-0.009590132	0.003768574	0.048900835	-0.036943443	0.021782398	0.049313866	0.04086575	0.017366694	-0.027791614
0.03199483	0.08170356	-0.024166547	0.049619272	-0.015020776	0.024579626	-0.053099614	-0.058312748	0.015274579	-0.0029435593
0.025127275	-0.031323146	-0.0034640522	0.016177194	0.010379936	-0.0018448373	-0.047984347	-0.010529308	0.039797124	-0.042191852
-0.02289395	0.004828336	-0.0054667112	0.058984622	0.030447068	0.0188927	0.04910509	-0.020090392	0.010954729	-0.00010542633
-0.041053884	0.045882247	-0.030165102	-0.018087251	-0.0026200055	0.039639305	0.008948962	0.019468516	0.015390915	0.0027864699
0.074679844	0.020476788	-0.07298912	0.053827036	0.066828445	0.0016638723	-0.05020409	-0.008034361	0.04440293	-0.050997935
0.00048413596	-0.068506844	0.053500094	-0.025928251	-0.046156153	-0.021768998	-0.02281655	0.0333509	-0.030534336	0.031054465
-0.011852503	0.023635875	0.026817977	0.043069344	-0.04413306	-0.017991269	0.003067893	-0.02019178	-0.040905077	-0.0329294
-0.055127703	-0.036077764	-0.021042632	-0.05676463	0.027997315	-0.02512254	-0.03240439	-0.01628488	0.009713546	0.031816017
-0.04846097	-0.048605345	0.047834255	-0.031476013	0.016327525	0.0012878738	0.0068095624	0.02553508	0.011287451	0.039962035
0.04648348	0.0038596266	0.017125878	-0.005226823	-0.03229188	-0.046455525	-0.045522533	-0.044324644	-0.010678831	-0.020747509
0.0038500032	0.03533075	0.04148627	0.04013935	0.020553345	-0.048471145	0.041532554	0.052177243	-0.020819334	-0.013332412
-0.041738957	-0.0042708907	-0.00045799033	0.018550247	-0.010153604	-0.016454447	-0.032355472	-0.01299298	0.038071297	0.035109356
-0.018573137	-0.028426887	0.061959263	-0.0275444	-0.07562621	-0.060009953	-0.016874177	-0.01397897	0.0059692115	0.018738527
-0.0022864435	0.01765462	0.020287141	0.015537373	0.012046075	0.056877412	-0.04955225	0.026789775	0.027463181	0.009493262
-0.07109889	-0.028758228	0.008190312	-0.000115379	-0.04166786	-0.06886299	0.029645748	0.074930035	-0.004200682	-0.0007436169
-0.05598826	-0.031611174	0.045917276	-0.08142222	-0.028663918	-0.075732365	0.025212452	0.048289854	-0.085143566	0.09427552
-0.03429403	-0.042878248	0.037555337	-0.02829948	-0.03075131	-0.012393753	-0.025499776	0.051577434	0.042654444	0.0060951854
-0.02762242	-0.01809803	-0.053358633	-0.023866253	-0.030655557	-0.031487904	-0.034995914	0.008231346	-0.012132156	0.009836965
0.04646996	0.043341186	0.013901294	-0.023245087	-0.025765292	0.02331732	0.016196707	-0.019698635	0.033372704	-0.009142958
0.00969593	0.022584308	0.017320262	-0.011271792	0.035662882	-0.04434719	0.069400296	-0.029136386	-0.0061290725	-0.020691672
0.02030791	-0.02400216	0.046119727	0.029630976	-0.052226134	0.015403966	-0.024434967	-0.013302565	-0.0052915243	-0.051181015
0.012668996	-0.017119335	0.054377787	0.016097898	-0.008538687	-0.0025946274	0.030428834	0.035343044	-0.059014387	0.058922336
0.02619559	-0.039466314	-0.015852883	-0.033137504	-0.014290336	-0.0059833247	-0.015602252	-0.028018145	0.024222968	-0.030420458
-0.045208614	-0.05112324	0.07078997	-0.022283075	-0.057117466	-0.0354951	0.024585329	0.038776536	-0.04732371	0.08888295
0.0040126657	0.026294779	0.00015192592	0.055358794	0.048165802	0.03750638	0.034084495	0.003940696	-0.00786647	-0.041265756
-0.033152208	0.0030544654	0.0035081788	0.012780494	0.020805707	0.043850694	-0.044181764	-0.03700698	-0.022740396	0.02098512
-0.029184017	0.01372365	0.044185326	0.028525727	0.025817	-0.05544858	-0.018591857	0.032847792	-0.059564896	0.057774182
-0.03338764	-0.051054977	0.039227437	0.016833015	-0.05555949	-0.03961297	0.0458576	0.033485025	-0.00047773652	0.0067691486
0.041157056	-0.014868413	-0.029863954	0.022077054	0.059952524	-0.026227253	-0.04189313	0.0035758326	0.0021315922	-0.048863042
0.030882197	-0.043621495	0.02955472	-0.04060882	-0.03170115	0.010237056	-0.037827093	0.04006626	-0.0008038015	-0.0373393
-0.0217829	-0.013327257	-0.06465383	-0.0012855392	0.0025729777	0.07362338	0.022128647	0.006391991	0.027742889	-0.07098185
0.012559611	-0.049667392	0.019284612	0.014188503	0.023108942	0.040474236	-0.024667887	0.030322578	-0.025254752	0.026214909
-0.0336901	-0.033692054	0.00010168082	-0.023634342	0.039996136	-0.025213186	-0.028459491	-0.016646761	-0.027572688	-0.032774836
0.071647294	-0.0018222838	-0.068901755	0.07389668	-0.0032541463	0.06790459	-0.062670626	-0.06319744	0.0014181698	-0.08480091
-0.025398962	0.023757292	0.00067119114	-0.016667828	0.018193636	0.06429942	-0.023634264	0.023216102	-0.0008850242	0.02984606
0.0020494252	-0.008287919	0.009505259	-0.017549222	-0.043235164	-0.003599322	-0.003990731	0.0060266233	0.023136156	0.044817593
-0.019699527	0.05771398	0.011494204	-0.021992693	0.01820716	0.0052197687	-0.058483776	-0.036115594	0.052326098	0.014543355
0.042720232	-0.0023749217	-0.049974762	0.08712609	0.0489217	0.07092198	-0.0056257327	-0.055444222	0.004320875	0.005344546
0.03827804	0.00039291583	0.047115862	0.034135822	-0.0303788	0.02635218	0.049814213	-0.013283667	-0.010554612	0.041745935
-0.03349186	0.034815572	-0.05998342	0.00038078576	-0.008534951	0.0069058416	-0.06346237	0.025991822	0.010428373	0.031328354
0.002223346	-0.012276434	0.00074571156	-0.0046329806	0.0103762755	-0.007129007	0.012393915	-0.050231084	-0.014024959	-0.030349294
-0.015644766	-0.004736187	0.04466349	-0.013027645	-0.024384541	0.045348894	0.018332511	0.0517786	-0.032972585	0.020765632
0.0070515377	0.019020757	-0.020581804	-0.04185361	0.03493743	-0.031048395	-0.030756796	-0.030873057	-0.005947646	0.011579323
0.015960291	0.010051593	-0.014398844	-0.07139993	0.015727634	-0.05431135	0.054884348	0.0334954	-0.06377519	-0.026017046
-0.084636584	-0.065884925	0.08497866	-0.08974407	-0.081049085	-0.09575791	0.028867312	0.0446887	-0.07402109	0.015356941
0.007934953	0.04503636	0.02593504	0.009942945	-0.024952555	0.024748314	-0.06337974	-0.017026002	-0.021906214	0.037622724
-0.051792685	-0.06089183	0.07687726	-0.007694471	-0.04520989	0.01585196	0.042902038	0.053948693	-0.072099075	0.038977057
0.045833014	0.029444244	-0.050855424	0.048110448	0.061895374	-0.007809282	-0.045105856	-0.0075429096	-0.011053995	0.035849776
0.054325998	-0.035434622	-0.011202725	-0.035139088	0.0257927	0.015586967	-0.01809903	-0.01721256	0.009496209	-0.0063927374
0.023256283	-0.06428831	0.00033183448	-0.041590173	-0.010088191	-0.011226784	0.040327758	0.006437421	0.023155672	-0.018368753
0.012418764	-0.0056887814	0.031306006	0.011616112	-0.012214086	0.016513301	0.05397401	-0.010156752	-0.032106854	0.018163193
-0.014214094	-0.00068493036	0.043856204	-0.045709364	0.023310976	0.0017621677	-0.039797157	0.014215258	0.018903458	-0.022422679
0.011585011	0.0030372434	-0.016888868	-0.0015116076	0.017712371	0.004476184	-0.026632197	0.037785962	-0.05775788	-0.017348085
0.03125725	-0.019596959	-0.0060516964	0.0054505276	0.00890806	0.03694761	-0.024272408	0.02734997	-0.0074867005	-0.015519483
0.026255053	0.04629592	-0.0059698084	0.0398417	0.072157994	0.0018789105	0.040975053	0.0058063455	0.013784258	0.00797293
-0.016348854	-0.027886985	0.026045838	0.0147433495	-0.026935134	-0.046986636	0.023435788	-0.0023184095	0.009794067	0.06097097
0.0054248986	-0.013172508	0.03502543	0.0018933922	-0.02210141	0.058085456	0.041774027	-0.029083414	-0.02855529	-0.030151922
0.022120783	0.023574552	-0.047597617	0.001167608	0.039169893	0.034503553	0.073067434	0.018431867	0.057088193	-0.03543757
-0.04121965	0.014659432	0.056137178	-0.050278142	-0.004003748	0.011848903	-0.035144113	0.03871212	-0.011037189	0.060010448
0.0028042863	0.012072854	0.06298076	-0.06495905	0.004432035	-0.042632848	-0.035246827	0.06340732	-0.01781337	-0.02117559
0.013266868	0.037831284	0.0203273	0.050963923	-0.02764931	0.041872595	0.0054711583	-0.0030891474	0.02002053	-0.04890351
-0.06203691	-0.032554995	0.09180414	-0.07041068	-0.030180609	-0.0888369	0.016952893	0.016039964	-0.026087135	0.09740447
-0.04041705	-0.042293113	0.009554859	-0.05231901	0.0105260145	0.0016512208	0.03995126	0.0069037615	-0.0018713652	-0.003930704
-0.0109177455	0.027629804	-0.01842037	-0.0095905	0.023358915	0.029506378	-0.0038217455	0.024575593	-0.015159814	0.0053591235
-0.054942448	0.021796409	-0.0024487057	0.02262196	-0.048574302	-0.01689392	0.026206082	-0.016874902	-0.05112485	0.033398107
0.0021568798	-0.0012157747	-0.031700514	0.004726441	0.010723695	-0.013209878	0.0067716055	0.012150177	-0.0035314185	0.029046118
-0.038594607	-0.033852812	0.049508482	-0.020504499	-0.0054396843	0.013203006	-0.025006365	-0.008909952	-0.035356313	-0.030588899
-0.020500725	0.0088537745	0.029137462	-0.02327411	-0.004341559	0.046732415	-0.0022331553	0.002272937	-0.036847893	-0.050836045
0.02447965	-0.01939415	-0.008031584	0.0007321491	0.032762285	0.027729988	0.031324364	0.03035183	-0.029352762	-0.031888437
-0.07803239	-0.0626509	0.012955413	-0.05629783	-0.034982543	-0.069475755	-0.0019123628	0.047680553	-0.08381288	-0.0034056243
-0.04932045	-0.00018907912	0.011151378	-0.0339201	-0.02529494	-0.0389175	-0.01618699	0.03938842	-0.06377843	0.06328651
-0.0065976386	0.003950186	0.013980213	-0.06963077	-0.07342112	-0.064285874	0.041331094	0.043196302	-0.08016273	0.00177611
-0.065149255	-0.06438672	-0.009002473	0.0023218251	-0.050256733	-0.039699648	0.05987039	0.054846745	-0.059231814	0.0140037155
0.014326396	-0.04246881	-0.02178736	-0.04949005	0.030383525	-0.039283447	0.019900914	-0.0140363835	-0.014309133	0.03496733
0.039715122	-0.01364806	0.0060639377	0.037578054	0.044168156	0.027963175	-0.032377493	-0.056285597	0.04028992	0.0026093377
0.006222173	0.07096816	-0.015282963	0.0026829536	0.044985767	0.013836946	-0.05167299	-0.006757654	0.016612355	-0.049042918
0.032795284	0.056813024	-0.0066358997	0.039508987	0.0796443	0.03391183	-0.018703694	0.009494044	0.04408904	-0.054880913
-0.060479723	-0.035220455	0.070328	2.7628008e-05	-0.027192846	-0.02268201	0.030182917	-0.019039694	-0.037822116	-0.00721857
-0.05396247	0.018003184	-0.0039058954	0.017031867	-0.024784299	-0.06557116	-0.022815963	-0.010807586	-0.005068434	0.0042224517
0.03697836	0.039310448	-0.013721324	0.008472685	0.026847102	0.027042199	0.04644952	0.04118142	0.0009164614	0.0019422987
-0.03485506	-0.009906869	0.026500905	-0.055032983	0.00364957	0.01586434	-0.025006777	-0.018260522	-0.035986636	0.044411
0.030173121	-0.012790155	-0.01900733	-0.01056045	-0.0022608272	-0.0062066535	0.0058509056	-0.0059099393	0.01013603	0.024101049
-0.038933378	-0.050672118	-0.021756476	0.021437123	0.022744989	-0.03646315	0.024703255	0.054241	-0.040239323	0.050874844
0.01384553	0.060523387	-0.04232681	-0.0010052074	-0.011522515	0.028534785	-0.01874534	-0.027481243	-0.013091081	-0.027271667
0.017313728	0.0061307605	-0.016108027	-0.016192239	-0.06078298	-0.03661422	0.0016785685	0.05755689	0.014385567	0.03776558
0.009531346	0.021214953	0.024264278	-0.0019809646	-0.010462266	-0.005602115	0.06427276	0.07130833	-0.008609161	0.064766094
-0.041570615	0.0082301125	-0.016076893	-0.03871471	0.052186236	-0.011240106	-0.0018857236	-0.01333631	0.041370407	0.0064343605
0.034863174	0.009637653	-0.066339254	0.05392382	0.062650606	-0.00065608294	0.029399196	-0.00046737897	-0.014952951	-0.021525262
0.033414148	-0.02440821	-0.016630491	0.058436036	0.014019931	0.03661042	-0.039780423	-0.015553814	-0.0041721463	0.02611079
-0.028232194	-0.053361163	0.0055528604	-0.029245956	-0.066834934	-0.054858338	0.037339758	0.026494302	-0.042996485	0.0028199106
0.051591095	-0.01570784	-0.021658929	0.022269666	-0.019975398	0.036431428	0.021341044	-0.027138745	0.07521656	0.019853696
-0.008270602	0.010282096	0.004236203	-0.026257673	-0.052228432	-0.055976998	0.043300502	0.011575597	-0.071353376	0.074211165
-0.0036467193	0.006684298	0.00820683	-0.010287161	-0.07006109	-0.04685583	0.040908974	0.033254348	0.00076144293	0.05490726
0.06503029	-0.00082899263	-0.045614846	-0.018095799	-0.006255725	-0.0041028764	0.028572371	0.008033593	0.05817886	-0.012839214
-0.034438536	0.00666622	0.0157369	0.019633306	-0.009983222	-0.045835953	-0.026791226	-0.017623156	-0.042524394	0.072416715
-0.02954095	-0.03827552	0.011167431	-0.00435466	-0.03374953	-0.055246733	0.035899762	0.05717576	-0.08444843	-0.017924115
-0.053780805	-0.049507897	0.077254735	-0.013658586	-0.004288624	-0.07646624	0.044010263	0.07071654	0.010019741	0.043874934
-0.019341575	-0.014284458	-0.024363121	0.03458314	-0.052123167	0.015818177	0.0009865426	0.002643586	-0.033016976	-0.019761099
-0.0016853524	0.038021084	0.02829473	-0.019190941	0.034864195	-0.032278005	0.024135001	-0.0402522	0.051833108	-0.029254058
0.04645255	0.05563488	0.0058267266	0.010302084	1.6760401e-05	-0.017849483	0.024394833	-0.013512275	0.020031571	-0.014627068
0.0033807845	-0.0580292	-0.016868008	0.008092924	0.012119303	0.02374647	0.05732946	0.013126897	-0.0011649636	0.044024907
-0.029693248	0.0022715156	0.040027317	0.0050700023	-0.02941273	0.007437043	0.036596693	0.020591421	-0.017368147	0.021046275
0.0051836437	0.028246457	-0.04401196	-0.029278053	0.064054996	0.0017153436	-0.0052847867	-0.04625979	-0.01636867	-0.05866879
-0.05339891	-0.0030529918	-0.024766462	-0.0018232357	-0.040442523	-0.045475487	0.0046438044	0.010976899	-0.056675527	0.02186485
-0.026776418	-0.094707906	0.057877086	-0.03510614	-0.08145208	-0.059914704	0.010419363	0.019113585	-0.014183711	0.021713123
0.016937505	0.052269418	0.0009379053	0.03255722	0.042656306	0.025404826	-0.028120037	-0.05398483	0.065537855	0.019004991
0.040700465	0.055232536	-0.01620864	-0.034282118	0.000882446	0.037946753	-0.0046659024	-0.044764876	-0.03312252	-0.030296722
-0.029716339	-0.0118915	-0.0050766463	-0.038482994	-0.012352304	0.047532734	-0.038238317	-0.014445698	0.046744984	-0.009538971
0.040176272	0.088813245	-0.10063244	0.064025566	0.032667853	0.088028066	-0.013564102	-0.022999361	0.043351077	-0.005491468
-0.035639714	-0.033851635	0.007742005	-0.0494091	0.01075274	-0.015531018	0.039853342	0.018944975	8.261835e-05	-0.016867433
0.029986015	0.057466645	-0.032866184	0.027771147	-0.035187338	0.05799238	-0.018021768	0.003395495	0.0381266	-0.018769145
-0.0054303086	-0.038038004	-0.014868706	0.01585818	-0.040820785	-0.012432735	-0.03264646	-0.014277476	-0.0024349215	-0.008738848
-0.020755133	-0.034340847	0.01697318	-0.00475024	-0.025842477	0.018579455	0.009158483	-0.03960011	0.01729407	0.032003846
-0.019620467	-0.04949953	0.046371624	-0.038914386	0.0037193198	-0.0302256	0.042047124	0.024232214	0.0033660624	0.012539894
-0.044653747	0.010967692	0.04841923	-0.006913379	-0.047737855	0.0401294	-0.042474266	-0.004955176	-0.010221603	0.02113817
-0.016366849	-0.030793644	-0.00848547	-0.060762104	-0.068672754	0.02309656	-0.02034786	0.010808837	-0.05867185	0.009239345
-0.08912784	-0.0010457761	0.029009437	0.0012856378	0.0072340467	0.0064629307	0.050243374	0.08412031	-0.043919187	0.03477442
-0.0019554081	-0.019251749	0.029759368	0.008156783	-0.017371312	-0.0006491914	-0.06219638	-0.060692497	0.004606429	0.021000706
-0.032854065	-0.04032593	-0.019070676	-0.00068104645	0.0032929685	0.03478473	-0.0412572	0.043110944	0.034008995	0.04705197
0.02316512	0.0221688	0.045967218	0.007567511	-0.02962458	0.01648465	0.035957	-0.025202252	-0.02597346	0.02769637
0.05010544	0.022875177	-0.0059602675	0.055016406	0.06752556	0.029333508	-0.00795192	-0.052142713	0.07172872	-0.04809749
-0.0020717422	0.013949511	-0.017022574	-0.03127853	-0.05420496	-0.008211772	0.027398102	-0.016615791	-0.0077162334	0.0012185413
0.017141981	0.022788847	-0.09403316	0.025849309	0.07427977	0.110996775	-0.050027348	-0.07329621	0.036205772	-0.097499244
-0.03335167	0.005085365	0.036402818	0.001114794	0.030735418	-0.043911327	-0.008650752	0.0142198615	0.031022977	0.0035101154
-0.0006733983	0.0006638038	-0.025302226	0.032607786	-0.03383792	0.002860866	-0.053337727	0.029228909	-0.03141431	0.014717061
-0.02738632	0.025138594	0.017666884	-0.010882963	-0.012107227	0.017793879	0.034119528	0.014411748	-0.03675624	0.03606692
-0.021880347	0.04531013	-0.015966117	-0.01013645	-0.003481851	0.03250594	-0.054168515	-0.01635468	0.014148587	-0.039407782
-0.016399294	-0.0077211554	0.046580564	-0.029443994	-0.07804617	-0.07875502	-0.0042159143	0.055657405	-0.024272608	0.042745154
0.0028271885	0.0012647152	0.008736391	0.020610737	-0.036980547	-0.015624415	0.008465468	0.03956332	0.0010505448	0.025915517
0.0070063015	-0.0129146185	0.015613725	0.024859928	0.014892704	0.018581398	-0.022533126	-0.010914915	0.015619153	-0.0682541
0.028321935	-0.010797624	-0.050189376	0.029337822	0.028030936	0.0036555163	0.03241454	-0.0076312847	0.02832219	0.007912144
0.0688657	-0.0025590856	-0.069567785	0.01830301	0.02031914	0.033073798	-0.03764697	0.025541166	0.02380421	-0.0409032
-0.058486138	0.0076841624	0.0086990055	0.023001371	-0.023824593	-0.027617214	0.02694576	-0.015814697	0.026742257	-0.0385634
-0.022024525	-0.06987057	-0.005212728	0.019903114	-0.06915681	-0.05766886	0.048817858	0.047148522	-0.03548568	0.005923044
-0.038244464	-0.014147246	0.011750051	0.013610645	-0.04275579	-0.029326368	-0.017231593	0.07309983	-0.035628777	0.05332996
-0.021755457	-0.007155744	0.028601173	0.028896322	0.019111814	0.008630093	0.028258622	0.01124715	0.03161874	0.013402992
0.020226685	-0.05141998	0.028212795	-0.0055534425	-0.034835044	0.014629727	0.026381912	0.018685866	-0.032923847	0.047746297
-0.011821341	-0.04951914	0.06220631	-0.02134787	-0.083571106	-0.023181273	0.042768642	0.005184016	-0.10422885	0.0984184
-0.005654072	0.034965407	0.04970341	0.011554429	-0.0070197387	0.015359263	0.004323205	-0.02667256	0.029261103	0.045786027
-0.030038333	-0.054765895	-0.031931654	0.0037320843	0.014607146	0.032992136	-0.039178558	0.01672008	-0.024096744	-0.031016085
-0.015846001	-0.031837612	0.061792143	-0.057699803	-0.023788601	-0.02496115	0.012379444	0.0059160786	0.0063987887	-0.017343698
0.0005404084	0.0045111375	-0.017381517	-0.015771177	-0.05772992	0.008727308	2.2612283e-05	0.0032706305	0.015042111	-0.0013223874
0.049830664	0.004347316	-0.004259849	0.008722274	-0.027426412	0.05140042	-0.031737417	-0.016736563	-0.016839398	0.014393923
-0.059402183	-0.042478915	0.0053837877	0.0119598145	0.012020534	-0.05139696	-0.03263024	0.011758347	0.018287022	-0.017684931
-0.013063668	-0.032938108	-0.0029546903	-0.042335942	-0.043541238	-0.012937851	-0.001237472	-0.018931795	-0.027782574	0.04768217
0.013994999	-0.053417787	-0.02427722	-0.003900744	-0.05636233	0.00855787	0.014879495	0.05656149	-0.04740551	0.027988069
0.043755803	-0.014369062	0.027307676	-0.024681883	0.064052835	0.03824017	0.0007928199	-0.04525519	0.03646236	-0.06051178
0.0023203688	-0.014288389	-0.041595086	-0.045662157	0.010574081	-0.022905407	0.026758414	0.041360375	-0.032899164	0.028688103
-0.02640707	0.05782015	-0.03825605	0.0019194384	-0.029630158	-0.011284215	-0.044740263	-0.008142269	0.059359927	0.025114303
0.03581247	-0.01388036	-0.016636677	0.04072147	-0.013450704	-0.0032402398	0.012239695	-0.052702647	-0.008898035	0.02321453
-0.016759748	-0.058690347	0.05007778	0.014445453	-0.021842342	-0.024441708	-0.032216012	-0.00544762	-0.046788346	0.009564962
-0.054582946	-0.03816774	0.048265934	0.026746394	-0.06648699	-0.0686311	-0.021221878	0.028956389	-0.02396396	-0.011244809
0.016792446	0.058175728	-0.028930355	0.07948615	0.058834393	0.03746905	-0.05735655	-0.035386045	0.07737986	-0.07790939
-0.017592523	0.005030512	0.002650266	-0.07341012	-0.015419809	-0.07482368	0.042247776	0.041844778	-0.0012267515	-0.0064619547
-0.047791783	0.017477995	0.05720486	-0.03297082	0.03346602	-0.030322786	0.010139327	-0.025543334	0.03674206	0.009466325
0.011810469	-0.023789706	-0.032882515	0.015364035	0.034005135	0.026906775	-0.008647862	0.0017509387	-0.04677393	-0.020796934
0.053203307	0.031527255	-0.041033555	-0.037027292	-0.017541172	0.018969463	-0.036402743	0.04277017	0.013690592	0.03321394
-0.03851202	0.054216065	0.029035281	0.021304773	-0.030811401	0.036187876	0.020569706	-0.026776858	-0.01899733	0.0034720434
0.0023653165	-0.04639025	-0.034217857	-0.047079362	-0.059265725	-0.006327373	0.0071928473	-0.026587976	0.026726933	-0.036422912
-0.018849872	-0.05252944	0.04554478	0.011619943	-0.0070591015	-0.016857315	-0.034549255	0.030848583	-0.038892716	-0.013319384
0.004351539	-0.033615127	0.005486925	-0.026712177	0.00018450292	-0.04288216	0.026137603	0.018951831	0.027281199	0.061651066
0.0286483	-0.011317778	-0.0065178573	-0.030274462	-0.05652802	-0.036767107	0.037743475	0.024218148	-0.036958892	-0.027443722
0.031627968	0.0152873555	-0.036344167	0.0075555025	0.0036548532	-0.017004324	0.00021706166	-0.007081493	0.0054610134	0.021732124
-0.034262948	0.004417008	0.02067915	-0.029253865	0.05835891	-0.034703832	-0.017556801	-0.020208854	-0.025055462	0.024306636
0.016684653	0.041443475	-0.052109204	0.025274752	0.06708871	0.061424334	8.0481244e-05	-0.007427419	0.052624285	0.020946592
0.018786669	-0.0009497061	0.034723848	0.013251784	-0.04454408	-0.027738601	0.044045914	0.038698368	0.03415675	-0.00694606
-0.018476509	-0.04016068	-0.0014124303	0.032236736	-0.06191724	-0.027907236	0.007374941	0.0017409158	-0.0447852	0.023694655
0.00030739902	-0.0627953	-0.015595292	-0.030418893	-0.039191328	-0.07002208	0.011552321	0.010279553	-0.0009309729	-0.009297365
-0.00895659	0.0114825405	0.008335478	-0.029609103	-0.044299517	0.00505719	0.05816064	0.009246738	-0.023185529	-0.0069354437
0.10330201	0.033803474	-0.06038363	0.01311605	0.08602858	0.041175235	-0.0020865481	-0.082214065	0.035435583	-0.06617532
-0.062936455	-0.0012201694	-0.009561257	-0.05632412	-0.041795585	-0.05693049	0.06608113	0.022709956	0.0011675488	0.06145766
0.045739394	-0.04054832	0.021632584	0.022126034	0.029639687	0.038959134	-0.03763504	0.001526343	-0.03189029	0.024656761
-0.012655427	-0.039001226	-0.0019124416	0.0059582093	0.029116774	-0.04281998	-0.018120576	-0.023273243	0.049454924	0.014285054
0.018020857	0.037294555	0.020775646	-0.0004281163	-0.0030095011	0.046226293	0.019599676	0.03301127	-0.03547821	0.03491295
-0.005278483	-0.036464777	-0.035927735	-0.049456276	0.023241907	-0.021662554	-0.0062162615	-0.027518142	-0.026150921	0.043388397
-0.024164839	-0.03478646	0.06705736	-0.031706892	-0.05015411	-0.028899558	-0.032352265	0.03523531	-0.050377086	-0.015763717
0.030582516	0.010466625	-0.024971044	0.041363373	0.0015013661	0.0638683	0.04498436	-0.031458408	0.013779467	-0.02830692
0.01722421	0.000680311	-0.0014302795	0.063465975	0.019218732	-0.02808052	0.013717224	-0.050331492	0.0016228018	-0.05028793
-0.04163292	0.030535772	0.0024893244	-0.014630267	0.03345625	0.04061119	-0.019475352	0.03023088	0.043590244	0.024193285
0.036547244	-0.041961405	0.03521409	0.03239688	0.028263936	-0.023139285	-0.002643288	0.017796146	0.012367931	0.00050100364
-0.08393812	-0.044115297	0.015780902	-0.043902136	-0.05019245	0.0050970297	0.061522894	0.014689803	-0.049430422	0.05915978
-0.048136197	0.03480027	0.042601757	-0.05724934	0.009817515	-0.015238508	0.03487397	0.011869628	-0.00091548834	0.010170046
-0.0066063735	-0.021982223	0.0078008967	-0.031697728	-0.03867469	-0.025733812	-0.04326686	-0.03068669	-0.045820717	0.04115944
0.014109654	-0.053976323	-0.03829146	0.024080368	-0.03235174	0.021445837	0.049374275	-0.011005993	-0.025740689	0.015144202
0.007149225	-0.033536274	0.015363051	-0.024680547	-0.000750629	-0.0610584	0.039758924	0.038189504	-0.041397206	0.011422312
-0.03242966	-0.0014391161	0.020475386	-0.023811202	-0.044912428	-0.06858713	0.07443259	0.00042032602	-0.019498684	0.05353346
0.036253206	0.025639253	0.022338677	0.019920805	-0.030434662	0.043616313	-0.029142115	0.0278016	0.02398189	-0.033435777
-0.060206674	-0.05648234	0.046514746	-0.041382477	-0.014951302	-0.011774233	0.017770333	0.035093598	-0.076396294	0.023856845
0.03227477	0.029080134	-0.0021147847	0.032834828	0.045301028	0.018494952	-0.042987216	-0.010769217	0.013209117	-0.011944218
0.051050775	0.0031163655	-0.011954071	-0.010816962	0.015162705	0.039066777	0.046180762	-0.033266664	0.014545514	-0.05658773
0.011350379	0.033980466	-0.020371608	-0.023372242	0.021672772	0.017681327	-0.024751922	0.04456573	-0.016597142	-0.021172939
-0.0012398687	-0.026265623	0.05047303	0.0053107087	-0.018250687	0.0041111484	0.02725225	0.013411513	-0.0502801	0.0037953602
0.043623265	0.029323699	-0.07485662	0.040811587	0.030268557	0.014927183	-0.06678643	0.00018665746	-0.015922155	-0.02476011
-0.01819758	0.0017601678	0.07042064	-0.08267231	-0.093494564	-0.040047273	-0.01588724	0.0020531921	-0.08649333	-0.0045350557
0.04335045	0.011206898	0.028876927	0.020104278	-0.009493033	-0.010313157	0.0043743677	-0.035289753	-0.04138693	0.037790507
0.015073383	0.013448856	0.010313429	0.009663186	0.013012126	-0.043865073	0.024346175	-0.029195163	-0.005438967	-0.018666586
-0.027167454	0.019905701	0.0365796	0.008629001	-0.011529995	0.035425436	0.03835616	0.023501614	-0.009204715	-0.030589025
-0.022680445	-0.042705346	0.014293969	-0.03759772	-0.053280614	0.0064548557	0.013163173	0.037796196	-0.0046302034	0.050095666
0.02367305	0.0011381333	0.0017487936	-0.06440337	0.013609759	-0.055272676	-0.0013222354	-0.012946617	-0.011759442	0.020496992
-0.021110775	-0.030446902	0.02244006	-0.03992868	0.013811284	-0.0044136047	-0.019902509	0.027607774	0.0063269343	-0.03258945
-0.016434936	-0.030889783	-0.03430573	-0.047935758	-0.027026696	0.013461407	-0.03544993	0.004360325	-0.011006915	-0.02299263
-0.0109300725	-0.03394622	0.054859173	0.02988428	0.0075416965	0.029246323	0.011087896	0.006716349	0.020070493	0.04839163
0.018182477	0.041513998	-0.055216983	0.010125891	0.05116201	0.046663813	-0.053806745	-0.0024414714	0.021248102	-0.05005401
0.015230859	0.042298157	0.044827037	0.01982603	0.021311598	0.012767697	-0.017216315	-0.04388849	0.04847163	0.0027219253
0.016378285	-0.014168432	-0.07159507	-0.022065595	0.038327694	0.009145204	0.011188181	-0.008793069	-0.0075544068	0.015408907
-0.020625345	-0.042191226	-0.043811698	0.018430166	-0.002041857	0.019885598	0.037406255	0.024248805	-0.014888189	-0.05074636
0.04151594	-0.052941278	0.05262127	-0.03332275	0.007918108	-0.05407584	0.043525748	0.004929971	0.011078887	-0.020496873
0.04000227	-0.020476595	0.020812111	0.050934754	0.006260454	0.05331772	-0.026710277	-0.023094201	-0.009112052	-0.060585514
-0.04678191	0.00972284	0.02048694	0.006292021	-0.009952471	-0.039391223	-0.040320363	-0.034908168	0.04329043	0.013579366
0.007318515	0.0016866825	-0.060409658	-0.0375542	-0.0096590305	-0.030238261	-0.011166585	0.0086116595	0.057286635	-0.050276335
0.03424783	-0.048440687	0.029592907	0.029119013	-0.010542884	0.024781235	-0.013315571	-0.028151551	-0.031472147	-0.0058562527
0.024990922	0.038863037	0.04691833	0.0067251036	-0.031626474	-0.016617829	-0.035846747	-0.036993027	-0.045410067	-0.0044004847
0.051827196	0.031146191	-0.023784138	-0.017143946	-0.013090934	0.0576144	-0.020741712	0.024771655	0.01745126	0.026727203
0.041375246	-0.03249949	0.008031151	-0.03904031	0.0005803882	0.030560613	-0.030358784	-0.043840967	0.011157817	-0.04600607
-0.024190333	-0.034333322	0.06277303	0.0057980698	-0.06680923	0.0052253096	-0.0036436985	0.027566515	-0.059433647	-0.0036254332
-0.04608125	-0.040255666	-0.034884695	0.0046236548	-0.013667129	-0.029740402	-0.026426494	0.006477233	0.028551482	0.056459595
0.00035589695	0.041061785	0.044356067	0.048631866	-0.008183267	0.022613326	-0.03170111	-0.0044949306	0.0376443	0.0008036345
-0.036373366	-0.030022109	0.028779106	0.006007524	-0.05141153	-0.049015153	0.023857094	-0.006283021	-0.069043286	0.021745231
0.09560296	0.099487975	-0.032808833	0.10126715	0.027101748	0.08689631	-0.075471774	-0.051020116	0.07164534	-0.07282091
-0.03166779	0.027538234	0.008680434	0.032143906	0.036734406	0.034047026	0.0369874	-0.018658461	0.049370207	0.0021816907
0.020416165	0.025893956	-0.0540661	0.04977824	0.0042378334	-0.026245428	0.007080803	-0.033423677	0.015090697	-0.0104772365
0.02309799	-0.005740152	0.011059815	-0.05949866	-0.0038642872	-0.038894866	0.026017835	0.0014327773	-0.048492074	0.033767942
0.044312824	0.050263673	-0.03495543	-0.021907322	-0.0073003075	0.034884103	0.0018459072	0.014361984	0.0034038797	0.044178337
-0.021046976	-0.022812359	-0.029865408	-0.029051077	-0.031162037	-0.008136048	-0.041203037	0.0019827979	-0.008554368	-0.04577279
-0.0029719896	0.03326902	0.020236136	-0.0052393707	-0.017611885	-0.014963529	-0.055508837	-0.025593998	0.012508885	0.015911588
-0.0142256785	-0.015451228	0.058704656	-0.015105607	-0.023819152	0.003027474	-0.005134922	0.010621699	0.029757636	-0.027353438
-0.024324087	0.022493389	-0.009513826	0.00509897	0.01748968	0.041097894	-0.032397848	-0.0012697896	0.037130456	0.016998045
0.046447113	0.032483835	-0.022764103	0.05394919	0.022145066	0.009848798	-0.030615242	-0.0044482364	0.052642144	-0.017626567
0.0070522404	-0.023629049	-0.007034721	-0.018891765	0.033488024	-0.042757746	0.040232964	-0.027855657	0.026663987	0.022306398
-0.032594856	0.03675299	-0.016699946	-0.036765475	-0.04428291	-0.05576916	0.0026537979	0.03240699	-0.02017984	-0.01912762
-0.048118364	-0.091535114	0.0142773315	-0.013676976	-0.021360323	-0.013358675	0.052685007	0.08763787	-0.003077969	0.025791505
0.03944742	-0.00580035	-0.021371128	-0.019330762	0.0061334562	-0.041465014	0.006105408	-0.04935938	-0.022524262	0.031436034
0.01570414	-0.048081752	0.031526715	-0.017069548	0.028436668	0.043517567	-0.040410217	0.018826032	-0.036198642	0.0015035538
-0.03586373	-0.030838784	-0.04311535	-0.014619777	0.018352611	-0.020243412	-0.0045214845	-0.039178044	0.0010553517	0.026800605
-0.0026776963	-0.061240736	-0.029392453	-0.063201815	0.02774018	0.010489517	0.046675388	-0.0056734174	-0.009827127	0.036707688
-0.032324705	-0.046506103	-0.030851262	-0.026583197	-0.0006536377	0.008694821	-0.0067683016	0.022555968	0.038544007	-0.040328108
-0.0049460656	-0.06198707	0.00014036724	-0.038638327	-0.0032466326	-0.03415133	0.05598237	-0.010117328	-0.03575663	0.007833681
-0.0009624708	0.021045065	0.04787845	-0.0035681026	-0.020459535	-0.046877053	0.03811106	0.041838028	-0.012433057	0.018109653
-0.047366768	-0.060622115	0.020909576	-0.06996194	0.017112846	-0.028210334	0.044033222	-0.006112862	0.002996411	-0.0264335
-0.0024443008	-0.044961415	0.03879958	0.02241773	0.0122452965	-0.028729837	0.0007388139	0.038097925	0.01794247	-0.041675515
-0.008751387	-0.017428758	-0.045423407	0.008695	-0.03140483	0.025681857	-0.007855233	0.039627332	-0.025639359	-0.034640476
-0.037731152	-0.045471683	0.025932148	0.021102952	0.013285143	0.01949275	0.035273015	0.017864466	-0.029959224	0.024840804
-0.017403906	-0.024550071	0.011598062	0.008028148	0.0354773	-0.017761484	-0.042828318	-0.017973354	0.05761475	-0.04723149
0.0063209687	0.041457318	0.029747486	0.017988542	-0.03309683	0.047218755	0.0012713561	0.011168479	-0.027344238	-0.061209515
-0.07193297	-0.016433014	0.045114882	-0.018453507	-0.018762834	-0.06620528	0.053324543	0.03419179	-0.016638141	-0.020368626
0.066094324	0.011196035	-0.012834711	-0.009719859	0.067926005	0.038453374	-0.024740677	-0.0034734036	-0.003673229	0.008378348
0.0031150833	0.016603114	0.027490433	-0.029273061	0.021455191	0.024990795	-0.040446814	-0.005103765	0.025886979	-0.012232274
-0.005537684	-0.00900044	0.06832082	0.002712541	-0.009685352	-0.051151477	0.0020234028	0.04199899	-0.02426796	-0.0232419
-0.0018346322	-0.0056078485	-0.033731226	-0.019938543	0.05494154	0.021283874	0.012919187	-0.051831543	0.043511238	-0.011962309
-0.0026217878	0.02469462	-0.005666311	-0.0063315136	-0.03227522	0.02715943	0.030307684	-0.0057318374	-0.0105368905	-0.04653309
-0.026891679	-0.030230956	-0.040902644	-0.020185528	0.049247537	-0.012638455	-0.05363232	0.03043479	0.021869432	0.0033831263
-0.06359523	-0.030454192	0.0066166595	0.024476103	0.0008788687	-0.023651328	0.024672702	0.0075681363	-0.0058662244	-0.035850253
-0.006677045	0.05293252	-0.063633986	0.009299803	0.048700888	-0.009792271	-0.052389253	-0.03777524	0.041867524	-0.016756069
-0.057887264	-0.048943844	0.014868164	-0.05007145	-0.03917032	-0.059028525	0.032395516	0.03466987	-0.033551764	0.03810343
-0.06335545	0.007683657	-0.013586829	-0.03373884	0.0036736624	0.008622244	0.006472957	0.0027026227	-0.067661606	0.019178657
0.04239263	0.0598618	0.032766264	0.03057136	0.056882046	-0.034892328	-0.031024655	-0.03892458	0.021037588	0.0126342205
-0.022174459	-0.04331654	0.040822286	0.010621182	-0.0057329684	0.039587468	0.01779148	0.003286719	0.03786826	0.026752084
0.03622416	0.022076521	-0.06764036	0.060254507	0.0068459488	0.018323889	0.04019487	-0.052321646	0.049771845	0.023089357
-0.034849852	-0.014469015	0.033223256	-0.067510135	-0.03261836	-0.059642084	0.06927678	0.052002937	-0.07250277	0.06371559
0.018282697	0.018198851	-0.0077432315	-0.02362606	-0.024751162	-0.010081879	-0.009823775	0.0029256348	-0.03248335	0.040538266
0.046109576	0.06704521	-0.059646524	-0.020438047	0.034557804	-0.006203205	-0.048204403	-0.03547157	-0.030844945	0.022399379
0.059989654	0.052123796	-0.0064211194	0.020391382	-0.0021992968	0.0020718237	0.025105312	-0.047588795	-0.0014113087	-0.0037690967
0.062228065	0.006892719	0.013644129	0.036767364	0.016448783	0.072233446	0.0023923134	-0.008963814	0.04006081	0.008271314
-0.05063647	-0.071930915	0.063457645	-0.046934314	-0.065846555	-0.04784889	0.014134778	0.02286472	0.008902451	0.03076898
0.041660912	0.044024374	0.0056618527	0.004670786	-0.016201738	0.025906598	0.038850877	0.008848472	0.025655076	0.06444049
-0.0132886795	-0.063550174	-0.027194869	-0.053758625	-0.034999784	-0.044700783	-0.042880412	0.038668677	0.02801782	-0.029680168
0.011302981	-0.013759504	-0.069905914	-0.014615482	-0.0055473433	-0.024410045	0.017513542	0.0070293625	-0.015954822	-0.020142972
0.015957028	0.0336301	-0.052460354	0.0149537325	0.063238494	0.012868692	-0.020440344	-0.039416585	0.03292355	-0.006311341
-0.034682155	-0.08566185	0.08382255	-0.020474756	-0.03156802	-0.060185716	0.0054142177	0.025094246	-0.08477155	0.008905705
-0.02048396	-0.014733949	0.033619095	0.001994361	0.05752323	0.024399567	0.019464945	0.011130727	0.014245189	-0.039627742
-0.027659478	-0.0033365155	0.029698547	0.006593873	-0.013623068	0.010696832	0.0061205695	-0.03341279	-0.014887195	0.03450796
0.039904296	0.093495324	-0.027783914	0.038090702	0.054063093	0.08556772	-0.02264496	-0.05851659	0.02647694	-0.100474566
-0.014960876	0.0046665566	0.025261354	0.035533387	-0.020835534	0.017715978	-0.0027363081	-0.0384198	-0.010196616	-0.0059671737
-0.014732414	-0.03226251	-0.047956154	-0.024908682	-0.016910672	0.018005343	-0.013016687	-0.007997255	-0.006086532	0.020807931
0.014414484	0.043900702	-0.024874952	0.058546264	-0.014507812	-0.009099661	0.02472826	0.005693872	0.020354412	-0.03609751
0.047942244	0.038385212	-0.057166044	-0.010473277	-0.014004491	-0.008984851	0.028590802	-0.011425368	-0.00016330334	-0.04344937
-0.0036255005	-0.05823651	0.02273164	-0.037445046	-0.029295165	0.016031269	0.072541215	0.040826056	-0.003930611	0.030030325
-0.012409412	-0.037508987	0.011579252	-0.03217075	0.012415244	0.05163435	-0.0060347905	0.014796219	-0.00048418698	-0.0243489
-0.01852027	-0.043210667	0.04925489	-0.046301793	-0.053229913	-0.028976869	0.02044677	0.050112087	0.014403915	0.05277385
0.038140498	-0.023767326	-0.05703841	0.020842746	0.0043766405	-0.031460542	-0.044949733	0.0061014583	0.05010208	0.04059585
0.022905724	-0.002110426	-0.016350618	0.034756925	-0.040223688	-0.019195179	0.014337591	-0.021908011	-0.018293325	0.029133439
-0.016063876	0.01048901	-0.059002727	0.01368326	0.007140551	-0.018811708	-0.05198713	-0.015192491	-0.0144117605	-0.0057901028
-0.005883328	0.008544507	0.03973188	-0.016670072	-0.020887582	0.03129909	-0.05847797	-0.014724305	-0.032211367	0.026530754
0.020690676	0.0065628653	0.009957123	-0.008066965	0.039070405	-0.01575794	-0.03743526	0.039230697	-0.025231056	-0.029304452
-0.029762791	0.00403211	0.04196878	-0.0002163553	0.028294701	-0.023925796	0.034329075	-0.03735981	-0.02228089	0.032897532
0.048224356	-0.010120937	-0.0068694763	0.048925377	0.056675915	-0.0142527325	-0.002789048	0.0039502783	-0.010657213	-0.019754473
0.023931406	-0.0037551213	-0.03922112	0.04039157	-0.028624874	-0.001484284	0.004729677	0.015880842	0.03637886	-0.047277298
0.020111993	0.0054962453	-0.046024207	0.005763731	0.024556052	0.043031354	0.017074013	0.007475875	0.02556437	0.014149171
0.028901061	0.010808376	0.044878144	0.017256727	0.030000467	-0.015021013	-0.02805656	-0.043238252	-0.038172062	0.018958542
-0.040065736	0.047568392	-0.03591138	-0.012315176	0.040540513	0.039687097	-0.044553585	0.0024013338	0.020323148	-0.012638295
-0.043257136	0.018455666	0.002130336	0.0016877431	-0.0003135314	-0.0021736736	0.050987054	0.054379094	-0.059859823	0.06763042
-0.02676683	-0.024379684	0.019290451	-0.022592975	0.0019688604	0.00043171685	-0.011922455	0.021249494	0.03668939	-0.053285155
-0.03365354	-0.006862205	0.011685456	0.039009057	-0.012683767	0.048550725	0.028120913	-0.038388178	-0.012590937	-0.017634789
-0.09749131	-0.08519411	0.024870759	-0.08844083	-0.069194384	-0.019301215	-0.004701161	0.06813137	-0.03227587	0.059396822
0.036387112	0.0012235967	0.030348837	-0.05599366	-0.03194699	-0.04026288	-0.015728833	-0.008389804	-0.01037772	-0.03385621
-0.010845978	0.01177	0.018576248	0.0033031714	0.052301463	-0.0054953103	0.012224825	-0.043741584	-0.015008687	0.010167075
-0.0054812618	0.033965662	-0.04657497	0.033082556	-0.0031215881	0.011777973	-0.013284282	0.010075753	0.047965847	0.027352486
0.039960526	-0.015390252	-0.03394198	0.013888261	0.06766509	0.033202738	-0.032844502	-0.007955057	0.008148047	0.014049932
-0.04389751	-0.021051334	0.0009082585	-0.01325396	-0.040491186	-0.012599371	0.056902017	-0.009698931	0.013780795	0.0020177248
-0.052001968	-0.08918338	0.0038876175	-0.012520585	-0.026901817	-0.0229793	0.036781494	0.03204663	-0.029381989	0.007361331
0.026709521	-0.004602474	-0.033961385	0.055716	0.0312838	0.049519885	-0.01321434	-0.015338943	0.019770661	-0.050429944
-0.033415798	0.000391725	0.009364783	-0.009764944	-0.020287102	0.024356449	-0.02929014	0.01066438	-0.022467071	0.0009604336
0.0680973	0.0209328	-0.04521855	-0.024802774	-0.028861174	0.015266273	-0.0007752408	-0.05332437	-0.027305162	-0.027174797
0.041517824	-0.0360871	0.0038636154	-0.027482621	-0.019659206	0.001743379	0.032584626	-0.02628669	0.00055433146	-0.023396524
-0.06667437	-0.0104087	0.018134283	-0.0045899386	0.01634218	0.016740471	0.012754585	0.028032985	-0.024874765	-0.0024433085
0.023229722	0.00012392846	0.04772793	0.03495316	-0.039209202	0.011862015	-0.020607986	-0.0029276838	-0.020127237	-0.013713186
0.0006872983	-0.06972897	-0.0036863973	-0.07583358	-0.00420483	-0.02240351	0.035869732	-0.01933332	-0.051101103	-0.020506054
-0.052462287	0.012306823	0.020031493	-0.0006336879	0.0031957182	-0.038588323	0.042894766	-0.032458067	-0.003932152	0.037636075
-0.0019106106	-0.0035033482	-0.031507317	0.029202374	-0.034271605	-0.0145080965	0.018781794	-0.059770204	0.0224395	0.018711329
-0.033526514	0.02317451	0.009830116	-0.055354193	0.008158102	-0.0155646205	-0.010904788	-0.0039582807	-0.002495823	-0.0007945978
-0.02005254	-0.04558133	-0.037495025	0.03411757	0.0075772894	-0.042674918	0.019994928	0.015167842	0.002068359	0.04195436
-0.014859445	0.022422623	0.023799127	0.033468317	0.010185327	-0.011205077	-0.022447368	-0.01301811	-0.0042924904	0.06168436
-0.035003573	-0.011774604	0.011992714	0.017606901	0.034418005	0.03972371	-0.0067566936	0.0143900085	-0.0075730067	-0.042847257
0.015572541	-0.013514959	0.03979261	0.0051746643	0.044763517	-0.035804775	-0.015792357	0.031133479	-0.0059930068	-0.043721978
0.014693041	-0.011041409	-0.020733839	-0.063177556	-0.026022336	-0.03060348	-0.0043636016	-0.008796344	0.0017728608	0.0013663542
0.005772659	-0.0335532	0.030740313	0.05401306	0.05339724	0.016962003	0.021547617	0.0029508814	0.020752186	-0.049096096
-0.061803296	-0.028333269	0.00014546534	-0.0029039166	-0.017688377	-0.05684469	0.06037356	-0.0106128035	-0.05075108	0.04666189
-0.042884283	-0.024108721	0.02749482	0.0020048155	-0.010470258	-0.03081504	-0.011865437	0.04176007	0.01704887	-0.02697766
0.007385797	0.02841768	0.0062350724	-0.024345495	0.033770632	0.018033652	0.056365244	0.01635347	-0.017680425	-0.017360352
0.015420492	-0.018874692	0.003197849	-0.019002728	-0.021940788	-0.02377859	-0.030184373	-0.0024441294	-0.025074538	-0.0048815804
0.05068121	-0.023370238	-0.029474769	-0.040865738	-0.02340045	-0.032691866	-0.042430975	0.017187022	-0.032680713	0.042019904
-0.03755282	-0.009146158	0.04056572	-0.012431444	-0.029137846	0.03807629	0.04834481	-0.038779803	-0.04348891	0.05631114
-0.03515192	-0.036610197	-0.006403602	0.016139751	-0.054496665	-0.059902508	0.04654641	0.032113664	-0.010802015	0.0009803759
0.059520703	0.014485335	-0.025179483	0.04023014	-0.011262223	0.03274434	-0.06618755	0.014208125	0.051771097	0.01431753
0.03622761	0.008317907	0.05443622	-0.031674124	0.008619086	0.012773248	-0.0048383675	0.008090345	-0.05256055	0.011622891
0.0026676152	-0.020867374	0.033006087	0.02418248	0.034207806	-0.012436701	0.004814952	-0.014719118	-0.03568239	0.035922207
0.04241135	0.054020733	-0.058605317	0.04198544	-0.014324491	-0.017693494	0.002514995	-0.03179723	0.07922893	-0.04240183
0.0553195	0.010282506	-0.014742959	0.09621561	0.080200076	0.09096367	-0.01724434	-0.06884098	0.05382792	-0.012704836
-0.031383675	0.05784454	-0.043938812	-0.013057284	-0.026479404	-0.017199276	0.0093712015	0.015354374	-0.023128655	0.029520776
-0.018046366	0.002115435	0.033320993	0.03138276	-0.03523939	-0.010514313	0.035982378	-0.013585173	0.023628928	0.0044353097
0.016138354	-0.030848121	-0.02428312	-0.02546703	0.018196158	1.9700656e-05	-0.0030164602	0.036978874	-0.056800902	0.03190594
0.018754594	0.027248478	-0.03742078	-0.01354605	-0.026440686	0.03016731	-0.011480034	0.024007218	0.0069517223	0.031618685
-0.009102925	0.013183408	-0.0047961213	-0.01872692	0.029848514	-0.01786092	0.036793977	-0.037117478	0.026144775	-0.021604639
-0.020503962	-0.023843609	-0.019744104	-0.019680979	-0.068249814	-0.00230381	0.04874373	-0.017481595	0.026563505	-0.0190715
-0.036375836	0.035502367	0.041599892	-0.043613084	-0.009229032	-0.046168108	-0.031018447	0.04771922	0.020580165	-0.00599577
-0.036943972	-0.05722944	0.016392395	0.0037390627	-0.06782968	-0.01025402	0.04563942	0.0539208	0.016398815	-0.028595656
-0.0024511924	0.003563777	-0.06978746	0.038532577	-0.005257699	0.0446017	-0.014731433	-0.027798561	0.0051624356	-0.049612865
-0.043889053	-0.035020117	0.06454519	-0.0856819	-0.09823955	-0.055345092	0.015258657	0.09643119	-0.02412897	0.045343507
-0.057856284	-0.021258673	0.04024029	-0.07557348	0.0027850869	-0.068502344	0.022147015	0.06683377	-0.023369038	-0.016035125
0.01611023	-0.04011112	-0.048213247	0.027791243	0.04815694	0.02203523	0.006365482	0.028376192	0.023103774	-0.0069487216
0.026515044	0.04023212	-0.01312699	-0.012578379	-0.0386039	-0.04679276	0.030623412	0.040909313	-0.04390854	0.024339013
0.04152552	-0.03265937	-0.05452735	0.052246284	0.026527677	0.032010637	0.0024982523	-0.0009974663	0.00043407906	-0.052043345
0.032635137	0.006646806	-0.0015701811	-0.042615417	-0.04434965	-0.0465074	-0.022677911	0.067082144	0.02561682	0.05116695
-0.0053301123	-0.01662595	-0.008657283	0.0029165342	-0.01650421	9.1472364e-05	0.01773383	-0.03979817	0.008630861	-0.008891667
0.026224757	0.008583949	0.043305483	0.029491965	-0.0031201784	-0.01299966	-0.027447205	0.0031847646	-0.00054046034	-0.01787282
-0.020181302	0.046696972	-0.0061640777	-0.0092024	-0.026182404	0.03570775	-0.053373586	-0.04554418	-0.014110278	-0.04957365
0.063819215	0.025436716	0.013034485	0.0014195342	0.020809995	0.06415624	0.05401057	-0.057731938	0.0015280916	0.050141357
-0.058992118	-0.046834845	0.053442348	-0.03524639	-0.03279004	-0.048335694	0.02423356	-0.014961885	-0.016811967	0.043950062
-0.05686233	0.015203039	0.04765272	0.015483702	-0.06717889	-0.06759245	0.01555971	0.048782934	-0.00083238	-0.04219232
-0.06636419	-0.0734387	0.04344552	-0.07221505	-0.041568454	-0.03933409	0.0072734607	0.08788129	-0.07186359	0.077441
0.010491684	0.034360867	-0.0298743	0.04838885	-0.021076312	-0.0038988334	0.018238708	0.00063140935	-0.04322447	0.027057614
0.037984107	-0.0016114289	-0.009362909	0.033456184	-0.021126354	0.004277696	-0.05384879	-0.030248206	0.040726	-0.05636285
0.030954866	-0.021225438	-0.03243485	-0.009507117	-0.0068129925	-0.035433248	0.030129982	0.013857348	0.03203885	0.027490959
-0.023543175	-0.034337338	-0.03341896	0.003296995	-0.051705215	-0.02143649	-0.039486457	-0.0034334012	0.006459349	-0.009277429
0.033248145	0.017699499	0.04517655	0.014996958	-0.043075837	-0.03459839	0.054321337	0.04235472	-0.048704524	0.006882502
0.042617694	-0.019965645	0.004691393	-0.0063960575	-0.037602194	-0.046340436	-0.015381082	0.04532229	0.03875757	-0.023464365
-0.035395265	-0.090171166	0.07355839	-0.026691325	-0.047265526	-0.014457639	0.06721824	0.07376961	-0.077909	0.10141099
-0.016090782	-0.043767925	-0.02481088	-0.03664662	-0.06590495	-0.02777371	0.02224038	0.005769702	0.0023414283	-0.022180332
0.008914591	0.007703242	-0.032631937	0.017296577	0.009846101	0.013303685	-0.021072477	-0.023987966	0.060076103	0.03299046
0.022912413	-0.018418495	-0.015374828	0.0015154964	-0.030602537	-0.062206097	-0.005370014	0.05413135	0.017039288	0.03395348
-0.08584904	-0.016501859	0.028920095	-0.029524304	-0.02814158	-0.079382956	0.019963117	0.05896851	-0.09336725	0.043963943
0.021571761	0.016535359	-0.018264929	-0.039639432	-0.040502038	-0.007804318	0.0034283383	0.017821237	-0.030081647	0.04341738
0.02163499	-0.023586923	0.040214125	-0.008607134	-0.017132416	0.04551228	0.03982019	0.029500572	0.014337825	0.0193075
0.041110944	0.026606865	0.050319858	0.023042297	0.014461801	-0.008940562	-0.0034636206	0.0404525	0.0060045556	-0.020588778
-0.0033030098	-0.053247314	-0.019984312	0.0037153154	-0.005262371	-0.033972006	-0.0026470493	0.0055349353	-0.041067235	0.009832245
-0.0043794224	-0.060048655	0.008664596	0.016816607	0.006700911	0.018944934	0.00090651127	-0.006130565	-0.004874395	-0.027250625
-0.010174126	0.039690338	-0.032236844	-0.046031434	-0.022248976	0.020337477	-0.015647713	0.0054577957	0.03559731	-0.00199275
-0.062203564	-0.01883398	0.08123707	-0.004819006	-0.047565334	-0.01867814	0.024275875	0.09077451	-0.0017876698	0.06920431
-0.094656594	-0.041913502	0.034805205	-0.080940194	-0.06847783	-0.02951698	0.041800294	0.08516966	-0.064103134	0.05485807
-0.0024951121	0.053978704	-0.06654273	0.081379265	0.05743051	0.03323766	-0.0318004	0.0016840913	0.00053043966	-0.086294845
0.054111864	0.055026203	-0.0019512705	0.063790776	0.02613714	-0.005615921	-0.011238453	0.0212825	0.048016492	-0.0034050343
-0.03952893	0.030106505	-0.032420594	-0.0039088386	0.03352695	-0.017207824	-0.0118666515	-0.019965649	-0.02875201	-0.023927867
0.068384826	0.02341624	-0.0065242997	0.0065761553	0.0699971	0.0020471993	-0.045969345	0.0135969175	-0.017733477	-0.034226667
0.061244108	0.058233563	-0.04831083	0.033500254	-0.021918442	0.0027131848	-0.004128373	-0.019480173	0.026407469	-0.03468444
-0.08862518	-0.0957866	0.06304107	-0.02980888	-0.009641479	-0.03196347	0.010013567	0.022471398	-0.05795074	0.04379345
-0.037536994	-0.046819415	0.03181835	0.013259912	-0.033542175	-0.033923365	0.042012155	0.05094571	-0.03586324	0.04344417
0.026559992	0.046873145	-0.010570456	0.007884114	0.047906067	0.014150986	-0.062251545	-0.034087148	0.03410237	-0.0539627
-0.011795762	-0.046998087	0.050452404	-0.021913076	-0.067909196	0.017659547	0.025792895	-0.003355315	-0.071991324	0.04429202
-0.03299492	0.010829028	0.027351838	0.045042973	0.011227531	-0.03758626	0.036933128	0.029955935	0.03231708	-0.040722433
0.0073912274	0.030506808	-0.060760744	-0.0250514	0.025718523	-0.017702289	-0.015453391	-0.06084921	-0.00075324625	-0.035242666
0.05510062	0.010121134	-0.031242339	0.017251978	-0.0024207323	0.006215472	0.029909268	-0.03771403	-0.010751793	-0.004074389
-0.044492416	-0.042503893	0.01703894	0.030144546	-0.045999344	-0.016606864	-0.015827918	-0.039147086	-0.054250963	-0.032896116
0.010980413	-0.054044534	0.060444	-0.049250633	0.0048836875	-0.030786345	0.00974021	-0.03584586	-0.04843747	-0.039032154
0.024021529	0.04031251	0.036811747	-0.015598657	0.013595202	0.012765348	0.024294306	0.03378219	0.018343663	0.038564555
0.034647815	-0.001960883	-0.016619025	0.04160092	-0.02497158	-0.027636444	-0.025672842	-0.03934275	-0.00989429	-0.0642174
0.037194595	0.030308252	-0.017717972	0.050004818	0.06589493	-0.021254785	-0.038737353	1.1667365e-05	0.04438844	-0.011669151
-0.044053726	-0.03627712	0.027480079	-0.05582316	-0.0015796074	-0.0024075918	0.02127396	-0.020597542	0.0071995314	-0.00801316
-0.0065072975	0.025988102	0.023721537	-0.011120788	0.07618825	0.032201786	-0.015289673	-0.0058513265	0.07251386	-0.03184594
0.027800797	0.0020074008	0.0300853	-0.034062102	0.042129386	-0.01807715	-0.043931916	-0.04904632	0.009799918	0.029356223
0.037195887	-0.021570345	-0.032458544	-0.009806069	0.03221312	0.02610841	0.008712507	0.016393071	-0.016408244	0.028504992
0.01987549	-0.0733645	-0.020480873	-0.013677138	-0.013013508	-0.03695696	0.080627166	0.07434724	-0.07190927	0.0022288663
0.045933932	0.043974448	-0.044116754	0.052520357	0.043712966	0.008585689	-0.025269732	-0.013296856	0.02715275	0.032303017
-0.0118939625	-0.025927488	-0.05219089	-0.024412474	-0.0022284475	0.053808708	-0.025492165	-0.004123166	0.013995779	-0.031846073
0.007370247	-0.0076151188	0.03497077	-0.052288562	-0.056728657	-0.015006257	0.065405324	-0.003551639	-0.014634114	0.073309
0.004001693	0.016775763	0.01636097	0.040046316	0.0145169785	0.025721764	-0.047064897	-0.030008726	-0.009944247	-0.001604105
-0.012727674	0.012432081	0.008080419	0.045117307	0.054750785	-0.0154078305	-0.02609968	-0.00744415	-0.008554059	-0.05908744
-0.04185935	-0.044474248	-0.039192848	-0.054926254	0.010389195	-0.012008782	-0.018878594	0.015873492	0.031850953	0.053671915
-0.007998312	0.012865493	-0.008577944	-0.05261094	-0.021325987	0.018488128	-0.0120674325	0.008541162	-0.030541552	-0.0009711343
0.038309652	0.040513776	0.038414568	-0.031223465	0.044929378	-0.020029608	0.036105786	-0.039763078	-0.042103335	0.021594565
0.023613608	-0.035458498	0.015134507	-0.028168146	-0.0028957808	-0.028185928	0.055099223	0.039770026	-0.057631664	0.0016893724
0.02363094	0.012025294	-0.025003836	-0.043233205	-0.004549376	-0.0061582066	-0.026550403	-0.02673994	-0.037781067	-0.0009824003
0.011318669	0.03649302	-0.017315518	0.004425231	0.060175803	0.04437571	0.03223435	-0.011401545	0.004601673	-0.06716962
-0.03667258	0.037997674	-0.05049159	-0.004076719	0.021268718	0.0022763931	0.03382909	0.017071836	-0.031963907	0.019203322
-0.03679339	-0.031563975	-0.005638344	0.005858346	-0.0008711968	0.009644684	0.006842128	-0.0060791057	-0.028277712	0.0202969
0.04339302	-0.009708116	0.047986213	-0.025403803	0.033728674	-0.025599707	0.042410847	0.05001513	-0.008421187	0.012409265
0.075424515	0.015782991	-0.039033644	0.0042276196	-0.016043581	0.057992645	-0.010916869	0.013188823	-0.01117519	0.014332924
0.0088058915	-0.0035309468	0.0095328465	-0.024136648	0.06581647	0.033798836	0.015425236	-0.05801913	0.024496589	0.028975707
-0.0057286704	0.065901265	-0.049837172	0.04279459	0.059772555	0.019028356	-0.082261324	-0.015243598	-0.0007189551	-0.08635102
-0.0021691117	0.0211969	0.015263831	0.026269741	0.047527008	0.05016958	-0.03888509	-0.05523505	-0.017789349	0.04040058
-0.036070507	-0.014489694	0.020652084	-0.024994424	-0.055152286	-0.06804744	0.01265431	0.04652416	-0.0691549	0.07207015
-0.09285067	-0.07433926	0.04914916	-0.011539936	-0.018991238	-0.097495005	-0.029542323	0.047653206	-0.09556725	0.015261747
-0.031784248	0.018552566	0.044914532	0.040546488	-0.013163391	0.019246811	-0.026752658	0.03017069	0.012555222	-0.0059695877
-0.026495475	0.01607291	0.01933605	-0.04634121	-0.03174651	-0.024784446	0.024584444	0.031233756	-0.032661766	0.029225564
-0.026765784	0.03204714	-0.020552464	0.03228956	-0.009327757	0.017546665	-0.023699231	-0.026764212	0.05050471	0.007270291
0.07935021	0.07773746	-0.026699407	0.01478055	0.09635115	0.05110874	-0.008858655	-0.10209203	0.018508602	-0.048892014
0.044527825	-0.017373534	-0.0017985216	0.0043760864	0.062196832	0.033638977	-0.013475295	-0.031095209	0.0070858565	-0.055112224
-0.061848763	0.029052535	0.016815567	-0.002834998	-0.008404729	0.011208927	0.016784018	-0.025005976	-0.048787005	-0.02017005
-0.006526462	0.008332904	0.020219035	0.008855093	0.051103976	-0.025507381	-0.04642489	0.0037279213	-0.017078731	-0.0314042
0.021865787	-0.02488473	0.027470993	0.008452126	0.013585338	0.0018679204	-0.0015386643	0.050602116	0.012738109	0.008777752
-0.017262418	-0.013092511	0.019091079	-0.05088751	-0.09158355	-0.06831946	0.0654466	0.08071364	-0.012437678	0.048873194
-0.016922306	-0.06919722	0.009963464	0.00052850664	-0.04835171	-0.06349975	0.00033570084	0.03819111	-0.0067108716	0.05442293
0.010789283	0.01782997	0.050880894	-0.0015316862	-0.050511565	0.03697356	-0.01095999	-0.04432624	0.038633157	0.031433746
-0.039969377	-0.014988273	0.03154491	0.00052258675	0.01517292	0.015761837	0.041126665	-0.0047349883	-0.062356535	-0.0004055951
-0.046911813	0.008433721	0.00032420523	-0.03837781	-0.04555776	-0.055673864	0.008848003	0.029793981	0.0033246423	-0.03080766
0.05879294	-0.009293367	0.00018192826	0.08043786	0.07829795	0.022866556	-0.0022764252	-0.021434683	0.015016768	-0.00587023
-0.030539155	-0.0130026145	0.06495619	-0.050127476	-0.015688475	-0.06360344	-0.039086472	0.008981295	-1.2870142e-05	-0.009684055
-0.02552219	0.032627635	-0.003621121	-0.05443018	-0.054910738	-0.04176439	0.02815865	0.011558088	-0.024793096	-0.021848543
-0.014179528	-0.004206371	0.056413632	-0.0025774902	0.0077554407	-0.028192481	0.038416233	-0.010300858	-0.04561693	-0.003596773
-0.017236954	-0.042470388	0.03903003	-0.031432115	0.032369375	-0.011363914	0.013409166	0.006122638	-0.010517334	0.0041587707
-0.0408284	0.032627724	0.023157958	-0.04498841	-0.029256912	-0.021263326	0.04924802	-0.024210181	-0.02089063	-0.002025282
-0.042628672	0.02945136	0.012891865	-0.05320762	0.04116997	-0.033257447	-0.03707757	-0.036779054	0.027660051	-0.0047115437
-0.034045577	-0.07054495	0.0034523683	-0.058126878	-0.070148125	-0.033925947	0.053164337	0.048669025	-0.0058698226	-0.0028298043
0.018957598	-0.030182604	-0.031388365	0.023498233	0.01166636	0.0072029517	-0.006559793	-0.04776626	-0.015735326	0.035663035
0.023426306	0.016898828	0.009836905	-0.015301888	0.06112408	0.04080869	0.027354125	-0.0509562	0.033980254	0.02685683
0.02997022	-0.023282638	-0.019565007	0.01172485	-0.03657019	0.03414659	-0.0073540756	0.039132003	0.007385186	-0.029872868
-0.026026316	0.0038967908	0.039515894	0.020274717	-0.029956076	0.026226673	-0.00674523	-0.03814175	0.04979901	-0.033914845
-0.06219194	0.026780967	0.0618264	-0.010993175	-0.03588803	-0.0023034445	0.045217562	0.04301611	-0.030486101	0.042754624
-0.005103964	-0.057838824	0.022127502	0.0010642263	0.0246536	-0.042213768	0.06676205	-0.017023902	0.010241077	-0.0022646892
0.02022115	0.025711216	0.032057352	-0.06895954	0.02104682	-0.054820936	0.033963934	0.011371714	-0.067719944	0.023545822
-0.058186684	0.033185944	-0.028303687	-0.008774576	-0.046600338	0.028583422	0.0041255765	0.038922854	-0.030382263	0.03271108
0.040189575	-0.037654243	-0.0031526233	-0.0011293545	-0.018063929	0.00662429	0.03464852	-0.039009217	-0.008314222	0.03771732
0.0025177458	-0.05309702	0.040284134	-0.049263652	-0.076052874	-0.09158412	-0.009416563	-0.007597522	-0.0781793	0.00022905145
-0.01144838	-0.011989844	-0.009144755	0.008971165	0.0021072933	-0.025315138	-0.01370234	0.013558442	-0.017715048	0.06293877
-0.014508363	-0.019512935	0.0114562875	0.028542263	0.027164964	0.042583387	0.017867366	0.018918298	0.0008384076	0.018706027
-0.016685653	-0.0561904	0.026136741	0.021703526	0.0043705595	-0.02250805	-0.012699495	-0.013236731	-0.029650195	-0.043320626
0.031172156	0.045982085	0.019214943	0.00040871496	-0.040673967	0.003728884	0.043164622	-0.044175208	0.042792663	-0.041740764
0.019334456	0.015224656	-0.020152654	-0.020404292	-0.012740506	-0.033876628	-0.013715086	0.042047434	0.008864689	-0.038840033
-0.019547507	0.016087059	-0.06189272	0.031253017	-0.013799984	-0.017618708	-0.02479598	0.02576504	0.0062220707	-0.016094003
-0.01694808	0.0162872	0.018946039	-0.0033120257	-0.046209693	-0.042204037	-0.044328086	0.041881137	0.02842263	-0.038594812
-0.014641408	-0.028317304	0.008012227	0.004034593	-0.054824647	0.0072692437	0.051805105	0.05240001	-0.05861811	-0.007609088
0.047741562	-0.03268275	0.0051300963	-0.018372225	-0.0010512829	-0.022622997	-0.044179842	-0.028141452	-0.04297421	-0.025767285
0.0072790044	-0.062409077	0.024839856	-0.06957876	0.011444337	-0.009350729	-0.030588172	-0.0002328747	-0.057089027	-0.032166917
-0.006797734	0.0063865776	-0.03373046	-0.021777114	-0.0105156405	-0.020909218	-0.03117361	-0.040523455	-0.030536626	-0.03028452
0.02518487	0.059834	-0.018309282	0.056792885	-0.038807493	0.01117321	4.6546047e-06	-0.03773004	0.0037700213	-0.033036727
0.042893652	0.05197122	-0.030418295	-0.0065742857	0.017086279	0.026434306	-0.032088526	-0.040994707	0.028672833	-0.06724225
0.00053811836	-0.047274414	-0.042197812	0.041012473	0.034547005	-0.020086091	-0.016458808	0.032175113	-0.020766195	0.036256306
-0.0043446547	0.051334843	-0.039114162	0.036022358	0.03681663	0.045734327	-0.025107417	-0.030887976	0.010423293	-0.0017202441
0.019661251	0.044939913	0.020781029	0.034733612	0.027299756	-0.044091955	0.003380943	0.027805759	0.0066575105	-0.021863643
-0.030468088	-0.014110522	-0.046236917	-0.016650584	0.059528444	-0.02033745	-0.059147686	-0.012994097	0.049358923	-0.023809718
-0.037615817	0.054107957	-0.010119963	0.03401092	0.025196066	0.028707543	-0.043650173	-0.0039261486	-0.03215586	0.040526133
-0.03297581	0.03865827	-0.00017516347	-0.029486557	0.03961794	-0.030292746	0.03195084	-0.041056935	0.04335966	-0.05435778
0.029256305	-0.00036557726	-0.004424891	0.014927718	0.015136576	0.025577012	0.015768085	-0.047675658	0.049638387	0.046553355
-0.05774365	-0.0089786835	0.0162121	-0.06115836	0.03423898	-0.01825906	-0.03293026	-0.0060037007	-0.047051955	-0.0043584155
0.034048937	-0.014029082	0.041732114	-0.0028013592	0.0075652404	-0.049350314	-0.0075696977	-0.008728294	-0.010346562	-0.025116887
0.0034525383	-0.017001443	-0.009146683	0.025600681	-0.01246162	-0.019825052	0.007053095	0.060501724	-0.036577065	0.016100679
-0.029551385	-0.0064193476	-0.018722946	-0.018980954	0.059579946	-0.021071011	-0.05732069	-0.057123724	0.034292184	-0.0642557
-0.02561649	0.0413406	0.025173623	0.01843719	-0.009321759	0.012292123	0.032678388	0.036614828	-0.019510746	-0.008587167
0.015967073	0.033079233	-0.025866944	0.0542484	0.0053749443	0.09967678	-0.011821158	-0.022842547	0.039543662	-0.027310986
-0.01697342	0.054298226	-0.044787083	0.021925505	0.04764719	0.00013787564	0.020063696	-0.022824468	-0.0070392573	0.033288456
0.032404188	0.048573967	0.031590234	-0.044346705	-0.043977864	0.028861312	0.023348756	-0.013760326	-0.016878594	0.012536683
0.006342741	-0.049589578	0.014474496	-0.014869589	-0.016089527	-0.035853036	0.044430077	0.07352767	-0.06434082	0.011674611
-0.0348377	-0.058986384	0.04111987	-0.045932923	-0.039291836	0.004762512	0.007560535	-0.026732476	-0.05023919	0.068278655
-0.03894393	0.01815762	-0.033535615	0.01563929	-0.032848533	-0.029437803	0.026585592	0.03367069	0.016576013	0.023213955
0.060536012	-0.015488917	-0.031866025	0.036159858	0.04217773	0.029985076	-0.013634343	-0.013796638	0.0061164075	-0.017565776
0.014054303	0.017237728	-0.066670984	0.06557742	0.029837813	0.013210027	-0.0036508401	-0.012892051	0.0183235	0.021064984
0.004973039	0.06809403	-0.07178433	0.06197735	0.076592125	0.012267847	-0.067608975	-0.022244427	-0.0011153303	-0.012028011
0.06019466	-0.019974964	-0.0038338979	-0.022762196	-0.0029826872	-0.013563955	-0.021541156	-0.011663627	-0.009182388	-0.024072858
-0.009263024	0.026368095	-0.028920095	-0.050890602	-0.028677303	-0.016728561	0.058434997	0.0016649796	-0.051024668	-0.0004221502
-0.010399294	-0.0071851355	-0.01140015	-0.043056834	-0.008957564	-0.014527939	-0.024951952	0.014462898	-0.0018874775	0.025775876
-0.00024375608	0.002987461	0.07116327	-0.06115896	-2.0762855e-08	-0.0050838646	0.001062083	0.030661745	-0.037471067	-0.004873683
-0.032397743	0.024735287	-0.042207778	0.015832247	-0.04440227	0.00870467	-0.01871557	-0.026292639	0.02459097	0.029855229
0.03546879	0.03353596	-0.020950386	0.01658933	0.0076081958	0.045416974	0.035849065	0.014640209	0.040717266	0.03379043
-0.04225064	-0.05506362	-0.0033324768	-0.010023251	0.0029744839	-0.061068274	-0.029545128	0.044544797	-0.02672467	0.0488156
-0.036632817	-0.041254006	0.040234566	-0.080035895	-0.010828278	-0.017310921	0.035070464	0.029031945	-0.03213211	0.03421697
0.0015530979	-0.054266874	0.048283774	-0.058701072	-0.031280655	0.010863426	0.01965518	-0.02847081	0.02060681	0.028055413
0.029292736	0.0014867189	0.010560418	0.05893153	0.04245716	0.06295188	0.0061165183	-0.05693968	-0.010522203	-0.04330439
0.056149587	0.008542877	-0.021225655	-0.008881848	-0.033315994	-0.0014492559	-0.04028025	-0.027898205	0.04645412	0.0051609017
0.03359498	0.023665398	-0.04047202	-0.026241919	0.043683127	-0.010043039	0.001019967	0.025964385	0.033199925	-0.042027425
0.015380251	0.0077685886	0.024381643	-0.0020439164	0.044943307	0.055513848	-0.01553239	-0.02992108	-0.00025665492	-0.01909425
0.037279736	0.08555068	-0.023594974	0.066771016	0.08565384	0.09162099	-0.061418183	-0.013844256	0.012283708	-0.022427524
0.008924205	0.035644572	0.028014617	0.05058542	0.03666979	-0.039434142	0.00875666	0.010016433	0.017154802	-0.015833879
0.022910591	-0.04112657	0.044434253	-0.029568577	-0.018588815	0.0023068637	0.001721473	-0.024222787	0.014876155	-0.020663148
-0.08263761	-0.06139512	0.04213061	-0.03728305	-0.03505577	-0.052344255	0.039753478	0.05887083	-0.080573425	0.06699323
-0.027978705	-0.005834472	-0.02156152	0.024588542	0.034165647	0.056144692	-0.000759221	0.00961231	0.055323396	-0.04126119
-0.009526698	0.010502071	-0.053634997	0.056655988	-0.036187697	-0.029610895	-0.004169845	-0.020226877	0.026310245	-0.034885816
0.034614813	-0.009257985	0.025803257	-0.029136565	0.04775102	-0.0029557932	-0.013392235	-0.0024472831	0.02824466	0.030463262
0.055320457	0.023171233	-0.005289085	0.07152725	-0.020706892	0.024134232	0.038652714	-0.013802954	0.003911867	0.032237295
0.0036012123	0.0015802558	-0.024164828	-0.017067214	-0.052679814	-0.052853532	0.022522472	-0.032277875	-0.042038705	0.022824893
-0.029514104	-0.016993301	-0.004911492	-0.028023329	-0.023982376	-0.050096657	-0.013235718	0.027039176	-0.04697969	0.047184166
0.0028340502	0.022031382	0.040403076	0.016525805	0.03814028	-0.035270277	0.01899673	-0.031203084	0.008329709	-0.0053849733
0.011149072	0.011288796	0.03826267	-0.05298863	0.044142473	-0.008745969	0.010844638	-0.015685877	-0.04583817	-0.00095497543
-0.045120552	-0.012764022	0.020639693	0.0022086038	0.034436595	0.013471822	0.005064746	-0.026484665	-0.013583992	0.00902307
0.016935628	-0.027772281	0.006070514	-0.025828509	-0.05656839	0.030601311	0.024650512	0.028894724	0.007653745	0.033872455
0.007460398	-0.028501587	-0.007828173	-0.06357102	0.0062187365	-0.0309033	-0.003427463	0.061453726	-0.05904195	0.018056903
0.01187745	-0.027754264	-0.023923727	0.022995904	-0.0028116163	-0.013154601	-0.020492662	-0.048144516	-0.005295872	0.01031881
-0.01590087	-0.0008321481	0.031241208	-0.002069068	-0.0013909391	0.039689653	-0.057395644	0.00080022425	-0.020737544	0.0053769103
0.0018062004	-0.054693192	-0.004878399	0.0073254467	0.010253978	-0.044495273	-0.018989962	-0.0387587	-0.05126551	-0.0013235891
-0.035318453	-0.060366828	0.03543343	-0.02331949	-0.051881183	-0.046151284	0.06107769	-0.024542604	-0.04042653	0.031710643
0.026833976	-0.0034160698	0.017909108	-0.0049658734	0.05265796	-0.0022176888	-0.012158831	0.0020091776	-0.0217724	-0.04560354
-0.06754042	0.028729962	0.010605344	0.028840387	0.0020461166	0.02488138	-0.006361789	-0.026846992	0.015622599	0.029250484
-0.021759935	0.03564262	0.035560794	0.016232219	0.00064264244	-0.026306156	-0.011098871	0.021909017	0.0323907	0.014877281
-0.040136497	-0.018940708	-0.012305673	0.015486923	-0.016256586	0.02092402	-0.008700381	0.015575648	0.0084007075	0.04348701
0.00027501563	2.5725614e-05	0.043483756	0.01144777	-0.008818624	-0.019638367	0.02604649	-0.0043834113	0.012465064	0.041831903
0.05220768	0.040154174	-0.020517735	-0.003307957	-0.0040140124	0.030554952	-0.06830848	-0.056807365	0.07865134	-0.0010320528
0.006922481	-0.007554136	-0.013113794	0.037555467	-0.015393047	0.046035003	0.009613599	-0.03951897	0.02245724	-0.0056879874
0.057331342	0.027006403	0.030609502	0.02081831	-0.020509066	0.05493171	-0.031449065	-0.054967318	-0.021538137	-0.046348162
0.054488506	0.030219207	0.01483506	0.01569974	-0.0114381835	0.06256875	-0.03464994	0.033155706	0.044842895	-0.032483775
0.010414777	-0.059045274	0.013377922	0.03648142	-0.02944103	0.0026117407	0.04459056	0.03541523	0.008560704	-0.0074861716
0.0133809475	0.034123454	0.01850995	0.0180241	-0.0011646466	-0.03284457	-0.013875747	-0.028130751	-0.047435287	-0.04356071
-0.06311801	-0.0028584083	0.02231699	0.00041022128	0.0069352314	0.01448838	-0.023595214	0.05672743	-0.043392163	0.019775284
0.037143037	0.010034914	0.036210112	-0.037932403	-0.0037868689	-0.034252755	0.011925221	-0.04418872	-0.03540691	-0.03868671
0.042928636	-0.028025376	-0.0005648888	0.048596267	0.009681422	0.0536759	1.0202859e-06	-0.022101972	0.028351389	-0.05080541
0.0076148775	0.013473737	0.014119296	0.016652456	-0.031807594	-0.029897554	0.04445831	0.053020064	0.01910393	0.016360905
-0.008677208	-0.019155394	0.003003563	0.012235483	-0.007144248	-0.042708553	-0.03197593	0.046970878	-0.025610417	-0.004592736
0.03521361	0.03092377	-0.009728828	0.03305332	0.000691659	-0.0091554765	-0.027136518	-0.07958332	0.076487586	0.0135947615
-0.0148273725	0.028413547	-0.035873715	-0.031048309	-0.032774504	-0.053653177	0.037698846	-0.01883218	0.015581191	-0.014473397
0.048828974	0.0060153105	-0.033923216	0.060013674	0.047069337	-0.030747216	-0.054252252	0.010772034	0.00097290473	-0.027398294
-0.03585393	-0.06932285	0.08092017	-0.04639825	-0.017226486	-0.05525969	0.004918821	0.0873341	-0.029274689	0.08432566
-0.008175993	-0.01635601	0.0032892008	-0.037147537	-0.014307107	0.027351448	-0.010372013	0.056319397	-0.049769532	-0.0056011737
0.002033068	0.030292394	-0.011636898	0.01613797	0.033250034	-0.059817895	-0.029029613	-0.020705856	-0.032982796	-0.044016182
0.0062433393	0.00011073275	0.021161484	0.031858377	-0.043810952	0.050629754	0.03159619	0.0035385436	-0.046512526	0.025177823
-0.004972168	0.0037317222	-0.040132906	-0.048466682	-0.04132566	0.042500056	-0.026581496	0.00731458	0.038751442	0.0107295355
0.0034933744	-0.038863346	0.031262964	-0.020850034	0.009306574	-0.009596195	0.0072235046	-0.0070069055	-0.02807257	0.016905868
-0.019657169	0.01413612	-0.052824676	0.027312258	0.040129427	0.010058319	-0.012769109	0.0026386438	0.006403054	-0.021131763
0.03506072	0.0019770018	0.0065754973	-0.038858846	-0.013264142	0.024789855	-0.018623522	0.019284463	-0.0379865	-0.025160594
0.014580298	-0.044250872	-0.0029105747	-0.017203318	0.023631327	0.021538036	0.027391603	0.007106815	-0.053041775	-0.012569097
0.050806332	0.03593792	-0.02883292	0.02272986	-0.034045577	-0.022424571	-0.009454246	0.029341927	-0.0031243125	0.0039572334
-0.07726704	-0.04797361	0.017527295	-0.008553174	-0.027170781	-0.058686413	0.0660639	0.090839654	-0.04227013	0.07648355
-0.0018494439	0.01929202	0.008411484	-0.0459703	0.0042202156	-0.03489489	0.06723973	-0.011372099	-0.0027905863	0.011292899
0.022778187	0.063536726	0.015000694	0.06592386	-0.014241896	0.025919676	-0.04857681	-0.04050777	-0.0128032565	0.0384595
-0.016242031	-0.02275919	0.014043572	-0.039186716	-0.009924339	-0.030737583	0.07081937	0.053010784	0.016911767	-0.009284519
-0.01752633	0.02896429	0.05095512	-0.032450747	-0.05455135	-0.055522393	0.011192644	0.043342415	-0.055649936	0.058583543
-0.036862697	0.041538138	0.036238	-0.045717113	-0.038180415	0.039928332	-0.014035894	-0.013833577	0.027008679	-0.03203102
0.039254628	0.064442255	-0.04925108	0.060004506	0.03429251	0.06697352	0.0148552405	-0.044095423	0.05106852	-0.014142336
-0.025354771	-0.05089175	0.013091848	-0.050992113	-0.020725286	-0.015777953	0.04623586	0.0007914379	-0.0101847565	0.04547827
-0.02987884	0.0031170049	0.0019600801	-0.036873054	0.032799307	0.017883379	0.021344814	-0.015504819	0.029730124	0.021955388
-0.054747887	-0.0102737835	0.00070349395	0.033431992	-0.017275777	0.032355394	-0.04263412	0.018480921	-0.015271502	-0.0053905533
-0.0055702305	-0.006075688	0.0037250274	-0.08267888	-0.04506075	-0.08694918	0.019129163	0.021603413	-0.03936083	0.0073774117
0.0741806	0.07221048	-0.07597943	0.011729438	0.03384242	0.019095508	-0.04116349	0.00029856781	0.0037857506	-0.07653534
-0.059301186	0.0025605138	0.03388333	-0.006597345	-0.009782851	0.0013786464	0.03793798	-0.025951162	0.00528377	0.017907575
-0.057594933	0.009134777	-0.01666138	-0.00597023	-0.040609855	0.021455638	0.053204466	0.015918523	-0.039925072	0.024895722
-0.047280673	0.014812456	0.01079101	-0.0024765674	-0.0198034	-0.018113296	0.047074318	-0.024668405	-0.04726596	-0.018783016
0.021974087	0.033671286	-0.04886178	0.08107986	0.061288573	0.0550778	-0.0015872003	-0.08589117	0.07029664	-0.01913121
0.03624593	-0.025744868	0.025952142	-0.00055376254	-0.041975155	0.014454437	0.031705774	0.019964723	0.032184955	-0.038977444
0.029199738	-0.046497226	0.019172251	0.025323067	0.042766966	0.012567426	0.05867164	0.036384262	0.0007233563	0.005077751
-0.087778024	-0.08422953	0.06339527	-0.010785787	-0.04047933	-0.10435351	-0.052935626	0.09559578	-0.093722686	0.0325488
-0.032431897	-0.011246705	0.011759001	-0.027031941	-0.0017809167	0.0035170866	0.032312237	-0.046252817	-0.03832119	-0.047843214
0.03490382	-0.034979377	-0.035387065	-0.026962392	0.00042535798	0.010051441	0.008563879	-0.020158313	-0.037343822	-0.003218803
-0.021477727	0.03745698	0.008860475	-0.007137668	0.016218254	0.016881598	0.015438057	3.7590937e-05	-0.0056764344	-0.023874044
0.02355011	-0.05136602	0.0028147362	-0.00023649728	0.04035652	0.032821212	-0.031487983	0.033495575	-0.03751588	0.056173686
0.00691065	-0.030629193	-0.005297485	0.011180842	-0.016619155	-0.04518451	-0.016571114	-0.01887519	-0.044718515	0.033464618
-0.02282301	-0.03375222	0.07143095	-0.019143531	0.007912053	-0.04941707	0.04303006	0.054368455	-0.07947367	0.047067817
-0.015448278	0.02155907	0.03329158	0.014606622	-0.02893876	0.028614014	0.0499295	-0.021501208	-0.023040667	-0.041195214
-0.04391281	-0.038509537	0.045892518	0.030445483	-0.04234883	-0.029653862	0.029090095	0.010160405	-0.032519557	0.03267604
-0.0069767158	0.0012028345	0.017750895	-0.0740491	-0.0037628221	-0.020025363	0.0075238366	0.022098426	-0.03601106	0.044763986
-0.042341992	-0.050822884	-0.009087865	-0.051833466	-0.02848959	0.021775886	0.0009876958	0.064555384	-0.013569228	0.023922974
-0.03392555	-0.035351984	-0.007286399	-0.005458148	0.026550315	0.039823193	0.0065693744	-0.055948388	0.008559592	-0.033087384
0.044322044	0.006720349	0.0030740085	-0.0141323665	-0.0056741326	-0.015741793	-0.008914552	-0.0051006167	0.0071426416	-0.018965157
-0.04586045	-0.04487101	0.005971027	0.0054952726	-0.02030443	0.036822964	0.037462328	-0.0008168747	0.047573946	0.037087377
0.079418674	0.07803974	0.008235817	-0.015207001	0.002725569	0.037970282	0.030926418	-0.012797968	-0.00825664	-0.016998341
0.008517264	0.011324627	0.0054403343	-0.007549377	0.00052272266	-0.009859368	-0.05848046	-0.07149582	0.06943345	-0.0097316215
0.050737496	-0.01153503	-0.0629679	0.056295566	0.046347104	0.037469648	0.026418371	-0.022956988	0.02854426	-0.003231426
0.044922646	0.03095493	0.019400746	0.011607341	0.031165747	-0.0036560723	-0.0054681306	-0.014871094	-0.013535798	-0.030391516
0.0016735559	0.0006176983	-0.016079025	-0.015545981	-0.007498301	-0.038637538	0.018671539	-0.02323207	0.00734379	-0.029319758
-0.040898744	-0.030325394	-0.026589066	0.03901144	-0.030175885	-0.013033192	0.024731169	0.038805634	-0.009484899	-0.050352316
-0.0033504933	-0.05745321	0.072774954	0.016882228	-0.049434144	0.013000779	0.015618221	0.0020853754	-0.039477307	0.04707185
0.017441867	-0.024580741	0.040297974	-0.044853147	-0.05742419	-0.053122744	-0.032242373	0.037743747	0.02987369	-0.008600815
0.019085897	-0.02973259	-0.011389803	-0.0534141	-0.052663792	-0.027200311	-0.025890155	0.022713725	-0.015207304	0.018678708
0.046894163	0.010759185	0.028402276	-0.0070690583	0.054182667	0.0059361295	-0.004417863	-0.055035245	0.021015933	0.033850215
-0.059326265	-0.012858597	-0.018182302	-0.067352824	-0.019680291	-0.062855944	0.06966146	0.022077331	0.025253976	-0.0051468736
-0.0017587994	-0.020104188	-0.017266177	0.029901333	0.013048683	0.020771522	-0.038709406	-0.03741501	0.027939599	0.036849275
0.016016379	-0.035486724	-0.010955264	-0.028732575	-0.024230935	0.0031792554	0.031313706	0.0783747	-0.040642504	0.024675902
0.06678454	0.061758265	-0.09197332	0.016985008	0.00869116	0.018587207	-0.017358514	-0.018157827	0.07871512	-0.02353999
0.0013890674	0.022936698	-0.03226542	-0.03584533	0.044101093	-0.031597067	0.008702784	-0.059959713	-0.018113011	0.025094824
0.08579729	0.009892716	-0.065169856	0.008800925	0.033456232	0.046800647	0.023394052	-0.0017918306	0.09076302	-0.07113012
-0.05690796	0.0030720811	-0.0088905925	-0.03224134	-0.058462724	0.0029392706	0.0077779316	0.021524487	-0.06939141	-0.0025581403
0.044865333	-0.037685443	0.02490885	0.047173336	-0.0030351474	-0.009360855	-0.05674584	-0.030111698	0.039441515	-0.005797759
-0.013112544	-0.012665701	0.013780242	0.042968262	0.022555346	-0.010089969	-0.036442507	-0.04558023	0.037353374	0.009935154
0.056159027	0.0658926	-0.049019426	0.07535556	0.0043269866	0.00225631	-0.04151241	-0.050387286	0.043634564	-0.007267182
-0.07832941	-0.06468133	-0.0076261284	-0.029079523	-0.05362465	-0.03660478	-0.022436248	0.013939124	-0.0013316835	0.07314466
-0.033213235	-0.051368117	-0.019761568	-0.014277501	-0.03942941	-0.022453291	0.027561545	-0.024501197	-0.0468738	-0.02790127
-0.010136743	-0.013376557	0.031212166	-0.0019847995	-0.013736709	0.04107501	0.008685146	0.010112822	0.029786997	0.03490163
0.047884244	0.041493148	-0.04166963	0.040911682	-0.034257066	-0.008722042	-0.021991046	-0.034905955	-0.0011896134	0.041814096
0.03296743	0.060576513	0.006278967	0.071811214	0.0077205575	-0.0022029704	-0.06432525	-0.002099809	0.05308656	0.00974122
0.000926056	-0.004950169	0.012607286	-0.06311115	-0.03179963	0.0032423732	0.010492859	0.052980725	-0.04486029	0.03997317
-0.09520462	-0.093381725	0.026211405	-0.058450766	-0.017114239	-0.070258014	0.028140428	0.04667994	-0.071824364	0.013654291
-0.014602686	0.035673752	0.055917416	0.03284371	-0.057223976	-0.02669605	0.036928404	0.034584936	-0.024888413	0.030104578
0.00042639824	0.008335359	-0.04306555	0.013163141	0.04334623	0.045638278	-0.034340058	-0.0022725826	0.015395384	0.007854143
0.017298525	0.014895033	-0.027521322	0.021767609	-0.013707329	0.006357053	0.041503638	0.020934017	0.0017681888	-0.046590928
-0.048815206	-0.026060965	-0.045452297	-0.0042476207	-0.0064785318	-0.021263689	-0.05043136	-0.0016584332	-0.017340632	-0.039847996
0.022061985	0.057357516	-0.06675447	-0.0010911685	-0.0015364633	-0.019625248	-0.07127473	-0.080727346	0.07235757	-0.04289259
0.067029305	0.03379431	-0.007878159	0.07147269	-0.013121143	0.006750306	0.010842442	-0.040988322	0.07449915	-0.011093624
0.047138635	0.06598728	-0.018364068	0.05852113	0.0662012	-0.013253039	-0.042158887	-0.04324947	0.030900896	-0.024718048
0.009059635	0.03763191	0.019376893	0.009143372	-0.015798343	-0.03852442	0.020491593	-0.0397199	0.030552695	0.0070635746
0.014558905	-0.021003135	-0.019041087	0.014441228	-0.04457384	-0.030239522	0.041355528	0.012498524	-0.0763525	-0.013541465
0.0033122802	-0.029178193	0.045814622	0.012930192	-0.044733334	-0.008383089	-0.0107480325	-0.025810793	-0.025063707	-0.048525453
-0.029464921	0.022845587	-0.0017488635	-0.01260131	0.042059477	0.020501066	0.03215672	-0.018508144	0.017041357	0.013088934
-0.01827286	0.015843457	0.018466912	0.039466534	0.020849958	0.06360735	-0.014092114	0.0024690682	-0.016924849	0.0065605463
-0.01384926	-0.03721208	-0.030202975	-0.045607135	-0.049159024	0.030818764	-0.011349351	0.053455837	-0.008481064	0.055979483
0.045391466	0.034604844	-0.0025312214	0.018076232	0.011373982	-0.0300001	-0.032262057	0.01558672	0.019801121	-0.021042306
0.023985567	0.029556658	0.0068561784	-0.023166817	0.025709398	-0.02891521	-0.041299183	-0.050608635	0.02214844	0.03753724
-0.018845564	0.0051408294	-0.07325699	0.057444558	0.05723617	0.047019728	-0.055919643	0.010833983	-0.016532922	-0.06939788
-0.040410783	-0.074212015	0.013249619	-0.051481973	0.003737948	-0.008749037	0.026906662	0.080251984	0.001675716	0.08332891
-0.012936099	0.036092907	-0.0413815	0.010147527	-0.050817657	0.01033716	-0.013403622	-0.010009289	-0.011295909	-0.042830203
-0.036225352	-0.023380585	0.042329226	0.015730236	-0.06196733	-0.0030585916	0.02540495	-0.021308277	0.013959385	-0.019751852
0.029026827	0.032650277	0.029900683	-0.010812112	0.059647918	0.007963551	0.046260513	-0.05522667	-0.0058181193	-0.019722749
-0.045070514	-0.05131081	0.0609021	-0.049911935	0.00061609165	-0.013717088	0.046959076	-0.0029112468	0.005245928	0.026875012
-0.047978286	-0.006342407	-0.031870544	0.011363682	0.042037	-0.03829657	0.00073809666	0.014613448	0.016437892	0.052957118
-0.02162508	0.059113022	-0.003881292	0.055909008	0.054523144	0.050371505	-0.013083704	-0.04939051	-0.013312393	-0.013700167
0.025860088	0.011847908	0.010013664	-0.02982977	-0.020795856	0.03470463	-0.015795387	-0.046565186	0.041727167	-0.032827143
-0.0023308177	-0.016324352	0.04113776	0.037909847	-0.005508313	-0.042663127	-0.015820863	-0.040562365	-0.05308663	0.009259713
0.065494195	0.017210592	-0.005211805	0.0442212	0.010562971	0.021553904	-0.038479216	-0.0147674	-0.030799419	-0.007898244
-0.0061167744	-0.0035225456	-0.051558092	-0.043158486	0.018647265	0.024745043	-0.036499146	0.028599648	0.03609102	-0.058583383
-0.0012880514	0.0010840704	-0.03495639	-0.04173454	-0.047096267	-0.0383655	0.014764585	0.014730928	-0.036293846	0.0482955
0.0073786876	0.0049119485	0.046757195	0.022718828	0.023928978	-0.05422578	-0.006268974	0.038833514	-0.0026894587	-0.016998554
0.05327929	0.016785715	0.01531715	-0.02246217	-0.009434417	-5.5390992e-05	-0.03612242	0.018863376	0.002550049	-0.05196744
-0.014536133	-0.054695077	0.045126118	-0.037863914	0.0072423257	-0.06301641	-0.020266468	-0.035564695	-0.015514474	0.023246925
0.037879556	0.02428474	0.0028099096	0.0476782	-0.040527005	-0.02339685	0.04918974	0.025299117	-0.0083251055	0.04381289
-0.03571715	-0.019631	0.0008176315	0.02622833	0.02207302	0.042976644	0.03403458	-0.03290161	0.037702702	0.041933138
0.032530226	-0.023931224	0.007095654	0.012371211	0.028233714	-0.015117418	0.0041648005	0.026883444	-0.050103173	0.016928267
-0.02497642	-0.04255583	0.010197611	-0.032377962	0.028251493	0.015986921	-0.03671706	-0.023815552	-0.046796273	-0.03365257
-0.011766219	-0.06036216	-0.0061979275	-0.056640215	-0.047805242	0.024606934	-0.017158592	-0.022585364	-0.053340927	-0.022371203
0.059925072	0.0053471033	-0.00083941995	0.022024395	-0.0039135073	0.06552032	-0.006198239	0.023324266	-0.0016521082	-0.043315973
-0.014518672	0.0027944136	0.05452492	0.030023571	-0.022097426	-0.01820391	-0.027765134	0.03974746	0.013447513	-0.020347498
-0.013269517	0.004397255	0.0060633305	-0.008288011	-0.070087016	-0.07449449	0.029463243	0.038785115	0.004472214	0.03030065
0.035207085	-0.016598694	-0.002839993	0.009105978	0.026060386	-0.0063344594	0.031060385	-0.009624977	-0.039180223	-0.032775447
-0.0009405641	-0.031054592	-0.0037068147	-0.014834677	0.016334947	-0.005129766	0.05445685	0.0731025	-0.068251885	0.0453836
0.034463353	-0.032608572	-0.037739933	-0.03336355	-0.02991956	0.03257836	0.004803186	0.03033625	0.014714786	-0.056998357
-0.041423064	-0.0362101	-0.0021537626	-0.05367216	-0.019228483	0.026952676	0.02490924	-0.030704513	-0.039521176	-0.0389106
-0.017150557	0.0085641565	0.06571979	-0.06330484	-0.013874947	-0.08286354	-0.020047287	0.047166247	-0.017404912	0.012977468
-0.056604963	-0.038649764	0.032395944	0.034509555	0.03389589	0.011438081	-0.006255714	0.0002095514	0.017121382	0.042793203
0.05456033	-0.030866807	0.022304969	0.012426454	0.03884566	-0.042012434	0.044534788	-0.0036836881	-0.022350904	0.031176835
-0.040404923	0.031547565	0.038658794	0.0016286769	-0.048424684	-0.042070664	-0.013329751	-0.021755733	-0.056792427	0.0049404316
0.020482946	-0.0034752977	0.023700377	0.051254034	0.020884976	0.04999456	-0.013943861	-0.06465232	0.0076734326	-0.017401377
-0.013643871	-0.038208116	-0.020038288	-0.027423393	0.024344398	-0.0051517515	0.04492063	0.02632285	0.045074034	0.037169382
0.074198216	0.03387322	-0.064920545	0.0133827645	0.029749237	0.05054509	0.02519669	-0.026284205	0.024209093	0.042929392
0.0020198	0.0309377	-0.0069262143	0.046530046	0.06133943	0.0020081564	-0.06848816	-0.07367906	0.059420776	0.015327608
-0.060130253	-0.06466609	0.015074059	-0.005983343	-0.01094151	-0.011280379	-0.044763338	0.07072075	-0.026796341	0.02567836
-0.056413256	0.02413177	0.023111228	-0.066830814	-0.04068575	-0.034081396	-0.02205208	-0.02398724	-0.0642549	0.037252706
-0.030716587	0.022555718	-0.017493263	-0.033504732	-0.058602396	-0.05897212	-0.024576442	0.027809998	-0.05414155	0.03271951
-0.08889645	-0.039772864	0.058604162	-0.061181046	-0.090555355	-0.078740925	0.027112149	0.05933458	-0.05413202	0.02070282
0.056908123	0.04646316	-0.003866611	0.001427343	0.050490633	0.026207875	0.009733358	-0.06217555	0.026600739	-0.01466227
-0.030790722	0.022685545	-0.034623135	-0.054586384	0.030071985	0.011350156	-0.019188268	0.03517075	0.004694758	-0.0121669965
-0.023032293	0.02550604	-0.00761337	0.00882024	-0.031787504	-0.040896446	-0.05822761	-0.008790773	-0.03830227	0.030275062
0.010224593	-0.015399326	0.050430875	0.025415273	0.032082345	-0.03937794	-0.0040264293	0.06520861	-0.01702284	0.058153786
0.013720695	0.019244367	-0.0044245855	0.0038775946	0.045008723	0.019482931	-0.034626216	0.018890623	-0.018850572	0.027121525
0.01372797	-0.034305602	0.01884962	0.024984207	-0.046723507	-0.0037320717	-0.003586886	0.040087916	0.010238248	0.02672945
0.049249016	-0.025459856	0.02040223	-0.043909412	-0.04000012	0.044508256	0.007832388	-0.0046693576	-0.030618683	-0.014588586
-0.017570186	-0.036791887	-0.0020131057	-0.00038073157	0.023747485	-0.040877737	0.013939937	0.03931156	-0.040618222	-0.02413027
-0.040269926	0.01784469	0.016408127	-0.036418818	-0.0489252	-0.027229708	0.055315703	0.057552423	0.0103405975	-0.0010666681
-0.035295423	-0.016986316	-0.016721437	0.026264828	-0.025922824	-0.0070506684	0.047734667	0.06912617	0.001315027	0.059426256
-0.022625064	0.04384172	0.03415338	0.049508415	-0.037531674	-0.010113838	-0.014825853	0.008811786	-0.01404205	0.025712797
0.01483099	-0.020737933	0.042652655	-0.053320512	0.024170991	0.00914256	0.03477673	0.037935704	-0.04406888	0.010000527
0.0101996	0.029958248	0.0030603814	-0.018753417	0.063314535	0.06463413	0.021713495	-0.001451905	0.04565865	-0.059628803
-0.057152353	-0.02066812	0.040303625	-0.063248	-0.01215365	-0.05804682	0.054106906	0.048147604	-0.036617305	-0.015234457
0.025980135	0.031222554	-0.040919695	0.008884784	-0.03349487	-0.020048318	-0.004803416	-0.037812985	-0.029974839	0.011846919
-0.017697345	-0.045228366	0.0042302664	-0.0054660975	-0.07389316	-0.015678471	-0.0005871277	0.03879188	-0.0047583296	0.0015005027
0.058757566	-0.025174806	0.0022828348	0.029859113	0.04968573	0.04638342	0.047452822	0.020595543	0.011955261	-0.035241727
-0.054321077	-0.053934835	0.010363343	0.01547809	0.023889098	0.014687497	-0.013398685	0.011907025	-0.049079537	0.0019355679
0.0048380983	0.02751455	-0.017453775	0.015558471	0.02403542	0.049499404	-0.03488965	-0.015490393	0.056221806	0.02719367
-0.014605093	0.032029506	-0.015438143	0.020999301	0.049665924	0.010380796	-0.05165071	-0.012417137	0.05189831	0.030907372
-0.054939546	-0.021496557	-0.015934492	-0.043094408	-0.0179331	0.02382142	0.007098147	-0.016249845	-0.01932129	-0.029932758
0.036988508	0.023389159	-0.026994172	-0.04355366	-0.030006522	-0.016778003	-0.003837472	0.01618131	-0.03413182	0.033366583
-0.008658103	-0.029167462	0.023228105	-0.00244468	0.01589582	-0.041042477	0.03415012	0.04540303	-0.009205955	0.043527823
-0.0025070007	0.0063218665	-0.0023767522	-0.029529965	0.024697931	0.0357724	-0.019281024	0.00039625945	0.0038894636	0.042689413
-0.05013472	-0.016910553	0.05158731	-0.017649723	-0.028188048	-0.088603705	0.027225334	0.069092125	-0.056705154	0.06294124
-0.04420211	0.021569718	-0.026161721	0.0046979436	0.0033438518	-0.040416703	-0.00947839	0.015490056	-0.019179981	-0.018821193
-0.024201166	-0.04624881	0.043350745	-0.04943581	0.025221303	-0.048642818	-0.033881634	-0.046538923	0.03110982	0.03480013
0.01526539	0.002743009	0.037017297	-0.030932762	-0.0045831716	0.0155280065	-0.017109979	0.04440339	0.010361794	-0.0040656277
-0.058276203	0.026032839	0.019241195	-0.012647272	0.017273663	-0.055323325	-0.021619076	-0.008041549	-0.0018752962	-0.018847516
0.027362037	0.069176756	-0.05689897	0.09359079	0.041341726	0.079918005	-0.03271716	-0.0009231396	0.09686046	-0.062299423
0.02654333	-0.01668911	-0.0372773	-0.04047198	0.040532086	0.0015865819	0.0025232413	0.020405937	0.030966654	0.0026449244
0.028965615	0.017960023	0.0104575325	-0.0065744184	0.07724359	0.040254842	-0.012835077	-0.06201568	0.030875713	-0.05689724
0.0053724023	-0.051363263	0.04094571	0.0103017315	-0.035235744	-0.05036054	0.03625201	0.016340014	-0.034738902	-0.015993845
-0.069853604	-0.03529395	-0.02021647	-0.02636696	-0.0074326824	-0.020268042	0.010021893	0.044334587	0.0009120786	0.042993303
-0.014991336	-0.004811045	-0.03758917	0.0041619497	-0.03997783	-0.013183997	-0.009108457	-0.031822056	-0.00089194975	0.010953995
-0.06702116	-0.0407269	0.064263366	-0.063679695	-0.07348062	0.0031362334	-0.026627116	0.013127393	-0.029667433	0.05832478
-0.0002794676	0.038285702	0.013608247	0.023306374	-0.0015803907	-0.01889702	-0.05645073	-0.010441692	0.031502794	-0.034728114
-0.009800774	0.030745238	-0.0049174926	0.029251328	-0.0075017815	0.015489497	0.0514196	0.02598483	-0.05461389	-0.0121910395
-0.03384493	0.025613336	0.04999503	0.010334276	0.03988218	0.027763236	0.06525904	0.017665597	-0.013482243	0.0036272428
-0.031977583	-0.05001594	0.016153185	0.0005980964	-0.012943521	-0.049409874	-0.019482678	0.016223475	0.01174329	-0.02520182
-0.041327003	0.0019625481	0.0018513591	-0.06371829	-0.02307944	-0.01645536	0.006570037	0.07606123	-0.0007767135	0.062138002
0.04170474	-0.017518021	-0.03689302	-0.025898388	0.020872973	0.0072658714	-0.012181718	-0.05179237	-0.0149899395	-0.04743347
0.0116639165	0.008528745	0.031389974	0.038973518	-0.0055692797	-0.045635175	-0.00033820033	0.052402742	-0.021194592	0.01447713
-0.018436268	0.045355055	-0.058720984	0.015664967	0.04783464	0.04343963	0.02706357	-0.023034636	-0.034365196	0.029558187
0.040130988	0.034413617	-0.031379018	-0.0027600557	-0.009933644	-0.023815386	0.026819699	0.02259933	0.004979	-0.011691616
-0.0060996288	-0.014252151	-0.06278872	0.02834883	0.007837927	0.0179786	-0.0017195309	0.009853875	0.062247958	-0.0020994896
0.022418123	0.06218792	0.006710986	0.031014385	0.030933315	0.042363912	-0.0058391555	-0.04966566	0.0013811513	-0.028973771
0.042835757	0.06825782	-0.052971162	0.020863455	0.009545285	-0.023361586	-0.04665532	-0.01578397	0.011445366	0.0326188
-0.005775245	0.070508845	-0.06940646	0.06781352	0.02102887	-0.0008083166	0.07697347	-0.044030357	0.07808412	-0.0525704
0.056574948	0.04791938	0.007934436	0.019882007	0.061997283	0.07466752	-0.021782845	0.017439028	0.008635531	-0.045275148
-0.037988883	-0.016555745	-0.025609616	-0.0485681	0.02903998	-0.054737877	0.025861243	0.01814718	-0.05641501	0.010349932
-0.045185808	-0.07187645	0.012747001	0.019026905	-0.039864596	-0.022357197	-0.017861782	-0.0016995397	-0.040188022	0.007421902
0.02594194	-0.035795875	-0.020537356	0.047557835	0.030897265	-0.04916619	0.025973955	-0.017735649	-0.0011461538	0.00207107
-0.019584242	-0.0039012094	-0.02519927	0.035640888	0.024000654	-0.019654958	-0.007874808	0.05376402	-0.03636929	0.0458958
-0.08533881	-0.10086024	0.09851282	-0.014412781	-0.073078364	-0.021987647	-0.0004958184	0.017052522	-0.035580292	0.06531797
0.03368163	-0.0071029942	-0.04123738	-0.045701228	-0.04471532	0.005214112	-0.038486827	-0.038022023	0.0048301653	-0.0007398334
0.020992262	0.01842157	0.013062796	-0.010718069	0.03899377	-0.036045585	-0.0024175483	0.0176893	-0.023205603	0.01941562
0.011277144	-0.055441957	-0.029781146	-0.006827797	-0.032602776	-0.03558519	0.021538867	0.032610487	-0.04233043	0.03090544
-0.048317775	0.037231423	0.049812492	-0.016610341	-0.046168663	-0.041766528	-0.036732923	-0.005314386	-0.025539909	0.018927496
0.027825236	-0.02437087	-0.02240254	-0.0045862133	-0.029181955	0.017455194	-0.049764436	0.01958606	0.05789594	-0.020449722
-0.046470843	0.002648263	0.044465557	-0.039762594	-0.0014737265	-0.02952113	0.03355138	-0.013481636	0.002688568	-0.032729242
0.041374758	0.047614608	-0.05233912	0.059073936	0.071927525	0.021707663	-0.014852085	-0.01176545	0.0429853	-0.079295926
-0.016890433	-0.023953626	-0.009159621	-0.027586615	0.0056225485	0.006775553	0.009140646	0.00769448	-0.028566523	-0.020003527
-0.015216067	0.0074587595	-0.014274075	0.0429573	0.021696836	0.026472688	0.03232863	0.012113002	0.029603442	0.01809237
-0.00095122214	-0.02745518	0.01207945	0.044203304	-0.023789767	0.0436934	0.012222691	0.009788063	0.033054687	-0.034199473
-0.047591414	0.04147651	0.0440044	-0.016711565	-0.011389201	0.0090816915	0.05034058	0.03171289	0.027299076	-0.0175179
-0.028396148	-0.025259037	-0.017058836	-0.018299038	0.039229713	-0.02236221	0.034966484	-0.02597122	0.029386906	-0.018932553
0.03345037	0.018939784	0.016076561	-0.005638159	0.009917716	-0.015356268	-0.024455339	-0.022360193	-0.014820708	-0.044054694
-0.049831185	-0.014927975	0.023887128	-0.026248274	0.041653354	0.036337152	-0.021705927	-0.038602747	-0.008293834	0.01733287
-0.036678012	-0.059873726	0.029648524	-0.009575053	-0.07099146	-0.0009980627	-0.011822067	0.048479494	-0.031947292	0.03581385
-0.02910255	0.013145562	-0.013909136	0.029998966	-9.915002e-05	-0.05090783	0.015792107	0.020481998	0.010982148	0.026472386
0.030420786	0.038270734	-0.0027190556	0.039131943	-0.020436725	-0.046731196	-0.041126568	0.006235739	-0.024928499	0.013968208
-0.055945843	-0.06003199	0.04844661	0.011920532	-0.0013899233	-0.028736984	0.041244484	0.038925335	0.013676311	0.04234706
-7.961979e-05	-0.054718174	0.060602587	-0.07706204	-0.07626175	0.006088957	-0.008686786	0.07179651	-0.05424235	-0.02057419
-0.0094777	-0.04840082	0.025183134	-0.01806103	0.039172817	-0.052403867	0.016731737	0.0072407112	-0.03902202	0.0062997094
-0.04480307	0.0074328016	-0.024820559	-0.044948794	0.006853322	-0.052098405	-0.035615038	-0.006597019	-0.053434227	0.046135683
0.04982058	0.0033563436	-0.02250118	-0.036000263	-0.039384678	0.012522158	-0.035967916	-0.039923742	-0.030539531	0.03292624
-0.013455713	-0.029663155	-0.060145766	0.044907816	0.02219676	-0.016410878	-0.00057278894	0.01038754	0.054244015	-0.0235865
-0.0397203	-0.01330342	-0.0100541245	0.039039794	0.037049927	-0.04185454	-0.043381665	0.027267234	0.0032226648	0.014862811
-0.062997036	0.018081788	0.009574812	-0.032068145	0.0099861	-0.025896488	-0.0034488924	0.044153698	-0.049037732	0.060902674
-0.04082441	0.019801559	0.0514871	-0.04482541	-0.034485817	-0.04158756	-0.016713109	0.06772851	0.0018851226	-0.012682411
-0.051899627	-0.01587417	-0.026475243	-0.0027570808	0.040020462	-0.008674825	-0.016665636	-0.037006583	-0.055798754	0.010372199
-0.020241305	-0.06353533	-0.030297097	-0.002357743	-0.02203649	0.02690188	0.008412506	0.03748127	-0.026159722	-0.027507983
-0.05600838	0.016907617	0.05680767	-0.034255996	-0.004477536	-0.0490996	-0.02557174	0.03764852	-0.06217367	0.023140008
-0.0078014913	0.03671436	-0.02997553	-0.019444872	-0.004573572	0.06289463	-0.0035874422	-0.02482349	-0.018644223	-0.026255298
-0.022109194	-0.027656168	0.034893412	0.022982813	-0.018759238	0.01850217	0.041685104	0.017931646	0.02376606	0.03953974
0.021777237	0.02600245	-0.014448711	0.04544798	-0.030066922	0.028285641	-0.056671526	-0.0127214845	0.013740132	-0.047282893
-0.031182732	-0.04283526	0.0646793	-0.06999307	0.00607265	-0.05222779	-0.016622392	0.008088483	0.021233773	-0.004182585
0.01916189	0.043822326	-0.018677834	0.077584125	0.09840703	0.094422854	-0.07055052	-0.0015114996	0.06796616	-0.054463677
0.0021038756	0.03878085	-0.012943386	-0.023966601	-0.03939682	-0.009608834	0.002386911	-0.009358826	-0.019842183	0.02629977
0.048729364	-0.029390153	-0.043877892	0.06063017	-0.021670349	-0.022795789	-0.041012455	-0.016964018	0.017717555	-0.021084787
-0.04784025	0.0029668254	0.010962586	-0.03405342	0.022939267	-0.018554365	0.033134475	-0.01230717	-0.021612503	0.015566151
-0.03636451	0.049941428	0.014490908	0.045793455	0.02082037	0.03174285	0.024944259	0.041254964	-0.037284292	-0.031601604
-0.00820692	-0.036405973	0.0027790344	0.049855243	0.024224063	0.014988105	0.039880957	-0.042512808	0.019685162	-0.006485915
-0.030278191	-0.03179149	0.033318944	-0.046912905	0.013845621	-0.05907877	-0.02248167	0.008212086	0.015271094	-0.030106345
0.0652055	-0.02058351	-0.040301133	-0.006835804	0.043588467	0.07015211	0.0038263337	0.014447392	-0.007881236	-0.036590435
-0.0023848147	-0.02655619	0.039100926	-0.055302575	-0.021541506	-0.013136135	0.008779334	0.012125096	-0.046429154	0.02115761
0.010541939	0.037696227	0.015784305	0.006986439	0.0044790367	-0.045580298	-0.029189974	0.048163664	-0.044354226	0.0065733613
-0.0066027176	-0.027963554	0.034988694	-0.07271682	-0.060670983	-0.021511959	0.009435411	0.058944423	-0.048449695	-0.02031783
-0.04451848	-0.0012003506	-0.020811317	-0.03916755	0.03797779	0.009888258	0.01395698	0.024385598	0.0062013473	-0.020529265
-0.02262707	-0.025177408	0.022469835	0.004920952	-0.026300328	0.054830868	-0.052749462	-0.05481944	-0.018170575	0.023563571
-0.017458035	-0.006074827	0.009557032	0.021680402	-0.013262107	0.023573125	0.043962255	0.01595581	0.008865746	-0.016638333
0.04471477	0.024215855	0.021371152	0.0019693372	-0.026755776	-0.024229141	-0.07004173	-0.015655698	0.071495436	-0.022453418
0.033805072	0.019018888	0.059904784	0.019851973	-0.029937044	0.0064320876	-0.00860009	0.010885781	0.020864366	0.035554968
0.0033285152	-0.013857161	-0.06263088	0.030337416	0.013589477	0.001219603	-0.014866126	0.0074360045	0.025118006	-0.05568987
-0.03782081	0.0149516575	0.03979562	-0.023014111	-0.028279299	-0.02405335	-0.011260225	0.032158438	0.011939022	-0.00022016738
-0.02261725	-0.08430278	0.054095317	-0.017718913	-0.012655275	-0.0534556	0.055650216	0.088977285	-0.05264221	0.084164724
0.04926075	0.051935144	-0.011955353	0.036936164	-0.021626405	0.0034039004	-0.024685986	-0.0077139703	-0.04011193	-0.0009009785
0.033715542	0.05006716	-0.04143151	0.002057613	0.017927244	-0.022632271	-0.041831482	-0.032780502	0.010802405	-0.055294562
0.0045051007	-0.007319338	-0.01808486	-0.020143766	-0.026143044	-0.0048444956	-0.03835665	-0.027656252	0.0140295485	-0.053410567
-0.053245414	-0.034812618	0.069985814	-0.013310772	-0.06339635	-0.050256677	0.0756892	0.045915928	-0.045417838	0.03158427
-0.014325973	0.022925278	0.0009187408	0.021303143	-0.0029413886	0.05313676	0.0024526804	0.017915918	0.026427232	0.041034956
0.005617273	-0.041674435	-0.039808303	0.028980589	-0.028030645	-0.033322632	-0.03957881	0.004500583	-0.05245823	0.03311567
0.024486853	-0.025014373	0.023603924	-0.06901181	-0.013355163	-0.06244962	0.01447533	-0.025248494	-0.012982953	0.043260485
0.048793837	0.053719375	-0.028417941	0.060182516	0.00597206	-0.0014171981	-0.024131445	0.013028581	-0.01862169	0.043066975
0.05677561	0.019336268	-0.06721969	0.0457695	0.019833427	0.06256705	-0.034400698	-0.060238518	0.06867307	-0.05735988
0.023487413	0.0006640753	0.036676873	-0.058994092	-0.033602834	0.028389	-0.006643601	0.060215738	-0.004797374	-0.028929727
0.02385248	-0.007621462	-0.0054192804	0.004003845	0.032394446	0.0021129784	-0.015216985	-0.0024091583	0.057128552	-0.0055657313
-0.05931697	-0.014085284	0.030744959	-0.0008206223	-0.006571381	-0.04895382	-0.035597265	-0.030766482	0.01856949	-0.037865818
0.044457786	-0.021182813	0.023264877	0.05083558	-0.034215443	0.0061320625	0.009322889	-0.004582491	0.013734341	-0.004397727
-0.021813368	-0.031140089	0.04005138	-0.024550645	-0.023790434	0.029039843	0.0141208125	-0.004428322	-0.005080451	0.021246558
-0.04106956	-0.030497938	0.064627476	-0.02299438	-0.06422941	0.010355762	0.03636665	-0.020560699	-0.05802246	-0.0060505746
0.041808482	0.050239526	-0.023656856	0.04068318	0.06721726	0.0264431	-0.030391907	-0.0062425337	0.012973147	0.009134941
0.035634145	0.012795392	0.025747215	0.030838137	0.028110962	-0.045566775	-0.020806562	-0.023062326	0.047751606	-0.0036481514
-0.04010902	0.008606436	-0.042843364	0.040779445	0.033499334	-0.0028034754	-0.036662713	-0.044929363	-0.029642103	0.028164871
-0.0025869082	-0.02206416	-0.025182378	-0.03461417	0.031119281	-0.027138753	-0.02615343	0.024454167	0.04521081	-0.012682666
-0.016465168	-0.0077966806	0.014022022	0.030898737	0.008324708	0.05390948	0.0070263725	-0.048041556	-0.0235699	-0.039742697
-0.0034113606	0.040705483	-0.059226017	0.034940965	-0.010288371	-0.036461588	0.047395118	0.005037556	0.013879695	0.014253796
-0.034844436	-0.008994018	0.0019528139	-0.0098909475	-0.0351777	-0.061710976	0.051507123	0.031799547	-0.065612525	0.004684981
-0.021507528	0.011350311	-0.023592096	0.0053705736	-0.0068113497	0.059642926	-0.028549355	-0.010054696	-0.0077056168	0.021269035
0.019156901	-0.025835697	-0.018762587	0.0013604239	-0.007864408	-0.040522855	0.022377688	0.052488036	0.024863988	0.009715096
-0.03342509	-0.044005513	0.019773504	0.005461897	-0.04592666	-0.025381189	0.0006619455	-0.017604	-0.009554968	-0.03942176
0.06004928	0.055050313	0.01622652	-0.00816576	-0.012380064	-0.015069598	0.03659338	-0.045264155	0.025280882	-0.04242102
0.047331903	-0.03636746	0.035646033	-0.016609062	0.033627927	-0.02328173	-0.037148315	-0.039270088	0.0028136924	-0.031384822
-0.06326711	-0.0057533947	-0.002583669	-0.046917506	-0.047147557	0.011328914	0.017844226	0.022385888	-0.027012223	0.0127121
-0.043633062	-0.016411638	-0.017924013	-0.056569893	0.007915568	-0.04634593	-0.040952146	-0.026726333	-0.024703406	-0.012430423
-0.0039890646	0.01617378	0.054291118	0.01924424	0.025881248	0.027544651	-0.021685231	0.008017919	-0.038709883	-0.017844493
0.044348422	-0.029141648	-0.03995042	0.049611863	-0.020796085	0.039537095	0.04580172	0.02141129	0.05292809	-0.049682226
0.009038281	0.02762384	-0.011367999	-0.04127459	-0.043483313	-0.05639834	0.02521724	0.037402824	-0.014464126	0.048254397
0.029685332	-0.031429384	0.013512876	0.012526194	-0.017626695	-0.034248814	-0.0004263798	-0.004286755	-0.024132691	0.024008555
0.045684125	0.043830197	0.0096568735	0.0076737176	-0.012143725	0.028809596	-0.035840746	-0.04086387	0.04465065	0.007719641
-0.046913035	0.011546549	0.0030882666	-0.052971005	-0.04699172	-0.058767766	0.030299649	-0.008343371	-0.061214644	0.026518963
0.045550097	-0.029689718	-0.040759	-0.0347921	0.043350853	0.028226167	-0.023740951	-0.019209422	0.03725227	-0.029203515
0.052308314	-0.018038629	0.014946243	0.014084558	0.0148166325	0.050582085	-0.036592327	-0.0042223176	0.011300429	2.068397e-05
0.054815806	-0.034268495	-0.01639603	0.0118918065	-0.013744771	0.0015899077	-0.039229687	0.023481054	0.008865125	-0.011932919
0.0029270481	0.05347347	-0.058149375	0.004749093	-0.016941663	0.05979425	0.030095972	-0.0118675195	0.022014402	0.0043443097
-0.025898268	-0.006784483	0.0037742464	0.038859494	0.021498673	0.039270535	-0.027819682	-0.04571194	-0.007768233	-0.016833294
0.037925743	-0.005678248	-0.010146784	0.05506602	0.010250377	0.07108922	-0.020291505	-0.010676336	0.024114206	-0.086580224
-0.06585615	-0.030863317	-0.014702586	0.014992487	-0.02796076	-0.058750775	-0.011025546	0.04384746	-0.013357322	0.015344906
0.04243679	0.0076703248	0.016269878	-0.014567547	0.07193318	0.04782771	-0.042177327	-0.055512168	0.060588766	-0.005787554
0.051622387	0.027455907	-0.032941177	0.050586674	0.001674587	-0.04488052	-0.050113346	-0.01881279	0.037846833	-0.051724218
0.04440452	-0.008323033	-0.04963987	0.007930474	-0.0040659136	0.04757059	-0.030736497	-0.011691514	-0.012144477	-0.02060853
-0.07362702	-0.04812583	0.031285293	-0.08157551	-0.05299356	-0.022116175	0.044418585	0.026394347	0.00013367354	-0.0057144617
-0.044868387	-0.03560293	-0.02885048	0.029535474	-0.04598336	-0.010767576	0.009608911	0.024398468	-0.008852584	0.039834414
-0.052905172	-0.041206367	0.022771075	-0.0012983391	-0.04566094	-0.049531773	0.036570597	0.049280003	-0.016042298	0.034894656
-0.0023266908	0.016091613	0.02801046	-0.015010932	0.011748777	0.0066859573	0.036594916	0.044885036	-0.031177245	-0.002215964
-0.0573638	0.005069992	0.03833803	-0.024722923	-0.064511746	-0.003499455	0.05491767	-0.00922878	-0.073436074	0.02102371
-0.008007504	0.055609398	0.016633712	0.039795578	-0.012125099	0.024265299	-0.033794995	0.024406502	0.046759542	-0.049373697
-0.0254106	0.011718745	0.038535055	-0.038076162	-0.048240837	-0.004036116	0.030494493	-0.010569695	0.027790308	-0.004716423
0.039939523	-0.03611333	0.042429782	-0.038531244	0.05398611	-0.0352147	-0.050926518	-0.042908706	-0.04302838	0.0064159194
0.01667999	0.040308885	0.0029345015	-0.03292	0.041973434	-0.024791203	-0.029568203	0.03198487	0.04696505	-0.032389287
-0.044911988	-0.010889999	0.03619126	-0.075568356	-0.014766701	-0.0045851152	0.050080616	0.05983296	-5.6376844e-05	0.03212589
0.031674474	-0.05369147	-0.018027063	0.02787048	0.03659165	0.019616272	0.001817668	-0.016982932	0.01740258	-0.037282445
0.023080751	0.034931477	0.0321311	0.018770065	0.0039147693	0.028160298	0.043530878	-0.0066944687	0.0062149274	-0.03336657
-0.0036413432	0.008450197	0.008597404	0.018554209	-0.012840976	-0.04819484	0.030980047	-0.009040389	0.026718417	0.061702278
0.022793308	0.03316139	0.015391037	-0.006926546	-0.022738012	0.0091065215	-0.014995315	-0.040931094	-0.04783989	-0.04739335
0.018965092	-0.010821778	0.036670253	0.0013026468	0.013802167	-0.037245285	-0.031194562	-0.02012636	0.007610042	0.04464177
0.03106922	0.03948533	0.020324662	0.05800572	-0.0048637562	-0.008486686	-0.012677233	-0.016271653	0.015801819	-0.030740462
-0.01855243	-0.024229707	-0.013684944	0.0012203117	0.009909433	0.009534856	-0.031920776	0.021539968	-0.010109147	0.043864574
0.02004597	-0.043092735	0.012099503	0.01683837	0.028656438	0.010733375	-0.0346919	-0.04757091	0.019421743	0.030157262
-0.03690047	-0.0076809945	-0.025643636	0.0013168363	0.0029158245	-0.016729109	-0.011181273	0.0028389213	-0.054933157	-0.026016839
0.0566699	0.067351505	-0.008375697	-0.021927655	-0.023683451	-0.007821442	-0.042118963	0.019939374	-0.018713009	0.027663678
0.03308307	0.028448056	-0.04548784	0.034773912	0.04716299	-0.017635684	-0.018872755	-0.03226971	0.034464117	-0.025593672
-0.018851312	-0.047376446	0.08838613	0.00492044	-0.033690713	-0.011701836	0.031414807	0.049090665	-0.068011045	0.055306662
0.0186193	0.0036307399	-0.032938175	-0.018308805	-0.03801537	0.0075877965	-0.033195004	0.021376442	-0.04760886	-0.006402334
-0.007187881	-0.051459208	0.050597105	-0.017098306	-0.018451534	-0.027995372	0.004226158	0.0042807995	-0.002634417	0.047771513
-0.04412403	-0.027453179	0.037136074	-0.03170226	-0.010569247	-0.027126174	-0.016681824	-0.009389827	-0.008488945	0.036491938
0.018420052	-0.03346159	0.010959868	-0.0069752894	-0.027473586	0.05489823	-0.0088321855	0.021211036	0.059472207	0.013132055
-2.802021e-06	0.013570526	0.004635207	-0.037314862	-0.021492954	0.03586414	-0.00652011	0.028785773	0.012655621	0.022897637
-0.0041894596	0.009100925	-0.020802118	0.04011167	-0.014279175	-0.021021793	0.008087468	0.017240033	0.055770647	-0.028321818
-0.06128044	-0.067621864	0.06462295	-0.018518621	-0.018520964	-0.089072555	-0.047942676	0.022400435	-0.049430493	0.05238766
0.051833782	0.06706164	0.020092634	-0.009229708	-0.0127593065	0.04690265	-0.020359552	0.026346292	0.044139966	-0.035496976
-0.036258202	-0.0020135848	-0.02128895	-0.031166362	0.010104446	-0.023733754	0.05113691	0.0005979601	-0.010014772	0.055254024
0.0031925866	-0.015834471	-0.041693017	-0.009835125	0.016565323	0.028028337	-0.04938694	-0.008201129	0.06014805	-0.024945399
-0.0063091707	0.00034751403	-0.072043955	0.060029216	-0.027058426	0.05518186	0.03583046	-0.04640881	0.060613237	0.01832582
0.025563732	-0.004665001	0.005853512	0.045081474	0.058465846	0.054452658	-0.04529262	-0.034641866	0.003681242	-0.008747331
-0.029714549	0.047908798	-0.049049404	0.0056870542	-0.037747927	0.03513612	-0.011587213	-0.040534705	0.038979914	-0.037464548
-0.003679545	0.040809356	-0.0072262436	-0.04480046	0.023392636	-0.04012319	-0.002493923	0.0005045157	0.04894781	0.0096898815
-0.029539729	0.011427457	0.040413063	0.028356366	0.008904997	0.0075853122	0.026225453	-0.0033484807	0.018025663	-0.04093708
-0.04468936	0.023985213	-0.0069137397	-0.043079063	-0.014437891	0.0035914024	0.022029268	-0.0015580134	-0.042974588	0.022223264
0.017525341	0.05158808	-0.04112413	0.057487525	-0.011315796	0.009980568	0.030060785	0.02263176	-0.025317607	-0.018238459
0.022351468	-0.011985936	0.013140193	0.07095558	0.01962887	0.013474906	0.017261313	-0.07225078	-0.020942861	-0.044261165
-0.0019332035	0.054810487	0.00815445	-0.0019804346	-0.025847139	0.017081011	-4.6007295e-05	-0.051202364	0.041978084	-0.027540114
-0.03157361	0.009512038	0.032530848	-0.02441888	-0.03694086	0.011062887	0.027994212	-0.032274663	-0.011870207	-0.020055074
-0.04066805	0.012472216	0.040131144	-0.007675264	-0.02598051	-0.02247042	0.022952825	-0.03179223	0.050681025	-0.03752866
-0.005537319	-0.012025161	0.060624633	0.025104655	-0.02064862	-0.048413735	0.05162006	-0.0016515402	-0.05270175	0.0037468276
-0.0073795305	0.013961347	-0.021560566	-0.004072714	0.0135224	0.016753776	-0.014498583	-0.040410556	-0.007440448	-0.061005894
0.015725723	-0.0290696	0.025108334	0.009506685	0.021671226	0.056644104	0.042357728	0.029537722	-0.0007841305	0.03880406
0.024947384	0.024807988	0.031191347	0.0045826463	0.04236454	-0.018019445	-0.056415092	0.03342675	0.013786046	-0.054150548
-0.020852055	0.04816446	-0.024193872	0.00025035004	-0.0267016	-0.012156837	-0.05218598	-0.054961808	-0.0024424824	-0.023630872
-0.010434101	-0.03609269	0.05630848	-0.02382283	0.023011042	-0.05567325	0.043743704	0.031155167	-0.019269451	0.005568162
0.05379731	-0.0046945736	0.03140117	0.024024041	0.015324032	-0.002812571	-0.04869675	0.039014556	0.016419148	-0.02676462
0.025865966	-0.0020387666	-0.041127075	0.03835958	-0.011912353	0.03628552	0.010380814	-0.023967663	-0.046999663	-0.029082807
-0.008573322	-0.040630776	-0.017560234	-0.013068458	-0.0048565418	-0.026961472	-0.011926898	-0.046933327	-0.0063121333	0.022245564
-0.03392399	-0.015065284	-0.0047848723	-0.027800635	0.0077601876	0.037708346	-0.0323876	-0.04864377	-0.013432033	-0.021801988
-0.017489266	0.052852374	-0.028830873	0.01767803	0.0019304723	0.032699145	-0.015609827	0.0030468148	-0.011663468	0.026141403
0.017048957	0.015773127	-0.04582271	-0.00045442802	0.027452532	-0.014364804	-0.0046442617	-0.023725044	-0.028888367	0.025465416
-0.07491167	0.0148392385	0.026189785	-0.036331862	-0.049789295	-0.017738007	-0.0058317445	0.015387321	-0.010760755	-0.009357339
-0.020011023	0.06587201	-0.0055565345	-0.008892379	0.021983579	-0.0059515215	-0.04464348	-0.060983602	-0.0089446055	0.030521858
0.029569471	-0.046794325	-0.017830953	-0.037922975	0.017494144	0.04251787	0.029636757	0.027681	0.036566515	-0.048267566
0.0018797292	0.004304748	0.028155005	0.0457842	0.046057705	0.019646302	-0.0599662	-0.018361885	0.041088518	-0.04131455
-0.039937392	0.0010100343	-0.02925899	0.010598384	-0.035942998	0.013472364	-0.050995566	0.02714601	0.048011065	0.025563644
-0.04227509	-0.01953605	-0.0075703785	0.030283501	-0.03723187	-0.0075451303	0.03196605	-0.018866366	0.04337929	-0.04019087
-0.0069905403	0.028368473	-0.00045753396	-0.04531505	-0.0010574503	-0.04844072	0.019815646	0.04337582	-0.010216044	0.0457484
-0.018366184	0.021464719	0.0031960576	-0.01669502	0.039641432	0.0083257165	0.022900399	0.003932046	0.018464804	0.031352278
0.024780491	0.003989179	0.029326063	0.017530514	-0.043511953	0.005897222	0.023820817	-0.0231756	-0.028987844	-0.012865584
0.0060886624	-0.009397544	-0.00048445494	-0.02186794	0.005862853	0.020187387	0.018378586	0.016718514	-0.011234036	-0.026983859
-0.037609342	-0.03682914	0.015535905	0.04644685	-0.03394803	-0.0115619935	0.028150033	-0.036637165	-0.03550878	0.028653542
0.042061478	-0.008102446	-0.017295672	-0.005755594	-0.03381546	-0.023882853	-0.022715922	0.035768688	0.015379438	-0.031741858
-0.03153182	-0.043404385	-0.016801752	-0.013004978	0.016433772	-0.01698079	0.051817685	-0.011002048	0.016748024	-0.029435577
-0.02729004	0.040561043	0.039425094	-0.042406254	0.0138093475	-0.038126633	-0.022041243	0.009891039	-0.007359521	-0.0075982055
-0.026332416	0.003560661	0.07712048	-0.07023649	-0.046369776	-0.015511756	0.009090219	0.06295836	-0.07124139	0.009026905
0.004422858	-0.018024225	0.026450826	0.010383155	-0.033781044	0.018831974	-0.0506118	0.008496207	-0.016934939	-0.025934754
-0.03142446	-0.04861748	0.03290376	-0.023047546	0.008593084	-0.05215296	0.016898042	0.03144103	0.019460114	-0.0150952805
0.03572119	-0.024193365	0.006465716	-0.0046807243	0.034084596	0.036663473	0.011241503	-0.044312034	0.028760191	0.007826119
-0.04958816	-0.054495927	-0.018886842	-0.021549894	0.006785734	-0.0033405048	-0.0074476027	-0.004233471	-0.073442556	0.0422951
-0.054568075	-0.06232	0.009746739	-0.043661814	-0.062199906	-0.045668524	-0.0073817736	0.044688635	-0.027193671	0.018375633
-0.03855632	0.038244564	-0.046009466	0.004336028	-0.019260608	0.04887222	0.013569669	-0.0068001645	0.018907689	0.04951574
-0.048398115	-0.019053813	-0.020253707	0.009776966	-0.030901331	0.0081937825	0.020773614	-0.03812542	-0.021793704	-0.05003147
-0.035214346	-0.009653334	0.011575665	0.017227547	-0.009002053	-0.04197838	0.027823174	-0.035759963	0.007220643	0.023528866
-0.044439696	0.0009763231	0.026010895	0.0064623062	-0.028537003	-0.049747366	0.042471442	-0.008317044	-0.04842563	0.026578777
-0.04593375	-0.009728746	0.06414389	-0.05611555	0.016168598	-0.025558313	-0.0052393447	-0.031235505	-0.036341228	0.02210702
-0.022384161	-0.03832266	-0.008502978	-0.007976058	-0.050717	-0.020381134	0.045278993	0.01141094	-0.0036545498	-0.009070818
0.03355666	-0.037655015	-0.0031926897	0.01798616	0.04284694	-0.024138467	0.030188186	0.053692933	-0.050070368	-0.006116729
-0.009915899	-0.06733467	0.001966583	0.007081036	-0.049550768	-0.027494965	0.027472826	0.032476112	0.0075972816	0.021369953
0.052253526	0.02902234	0.0031704817	0.0396528	-0.03555329	-0.031259876	-0.040935647	-0.025043976	-0.0030976094	0.010005537
0.0003873614	0.0019994988	0.04969722	-0.004486611	-0.02061237	-0.025105897	0.03953201	-0.029464746	0.013018719	0.005890877
0.04836869	-0.012355659	0.00048571924	0.009182056	0.023070768	0.029642902	0.026791565	-0.016171262	0.034817256	-0.054354522
-0.0007163808	-0.011845784	0.03995789	-0.06728585	-0.0009532455	0.014744962	0.058235224	0.040367283	-0.027136171	0.054697096
0.015547792	0.020705609	0.011725234	-0.035371304	-0.03683727	0.03557954	0.0008668611	-0.0073757623	-0.028373951	0.047071043
0.010735812	0.021201406	-0.052537587	0.047654703	0.06263217	0.053458698	-0.033365734	-0.05016969	0.087509885	-0.06950021
-0.00095783646	-0.016402604	0.048659302	-0.060650535	0.024897695	-0.043322563	0.05061215	0.06491912	0.013360093	0.040564828
-0.0056207655	-0.025710726	-0.0052011916	-0.016011536	-0.008896622	-0.05406247	0.027835635	0.07255872	-0.061190356	0.050542418
-0.02903192	0.01875329	0.02744484	-0.052874766	-0.032454256	-0.01963295	0.002010595	0.012227375	-0.038113147	-0.008733098
0.015783403	0.037774228	0.031176087	-0.029392371	0.039441533	-0.023801835	0.014008568	0.038969755	0.035453524	0.022875214
0.055579398	-0.017861107	-0.019267226	0.036485396	0.048805308	-0.0039336416	-0.067002244	0.016632289	-0.008702984	-0.05847262
0.0006460444	0.040585294	-0.069412425	-0.025328696	0.014305694	0.033354953	-0.045771003	-0.0029241156	-0.004489503	0.023062581
-0.028858991	0.024739165	-0.022467654	-0.025372792	0.013775651	0.028756108	-0.004908048	-0.014351525	0.048327796	0.0050298087
0.0027898941	0.023575822	0.015691975	0.018195963	-0.012556337	0.01090883	-0.024366658	0.0012176604	-0.009302533	0.0139588285
-0.014456847	-0.00076622196	0.050894953	0.026722748	0.034310233	-0.002064138	0.02171534	0.041310526	0.015481917	0.054876428
-0.029337343	-0.04724983	0.07854976	-0.061035562	-0.0024964605	-0.05725682	0.02962976	0.011411088	-0.023356136	0.0032762245
0.041568458	0.019157164	-0.07733712	0.08229376	0.001694519	0.07818111	-0.03666864	-0.04543765	0.05816728	-0.052311093
0.03620968	0.001902999	0.052472048	-0.041334838	-0.011162566	-0.03866023	0.047133997	0.0018887757	-0.029749159	0.05634192
0.01376166	0.011807335	0.009023064	-0.022399696	-0.039717242	0.0069457497	0.06301196	0.05748776	0.011918952	0.06324826
-0.004737402	-0.044466015	0.03374877	-0.0082551455	0.018233854	-0.014842861	-0.02537842	0.025671445	-0.01666931	-0.009572566
0.0226096	0.061059	-0.027070662	0.035408482	0.054479744	-0.0061002346	-0.031597577	-0.023233261	0.052641165	-0.00408414
-0.012887629	-0.0055613304	0.02032079	-0.022102524	-0.02521576	-0.042470407	-0.025070945	0.020714236	0.036318388	0.020982286
-0.0036727942	-0.008941418	0.024666732	-0.063762076	-0.007692511	0.0055017336	0.03246201	0.016512627	0.00656699	0.060837634
0.004164106	-0.041790508	-0.04155907	-0.037763186	-0.04392158	-0.0008057638	-0.0019491583	0.01430232	-0.019379271	-0.040591188
-0.010570648	-0.024085075	0.012330463	0.007859086	-0.012351898	0.013440796	0.013891942	-0.034071762	-0.04214407	-0.03575698
0.03684276	0.004101714	0.01950041	0.028703997	-0.003448852	-0.004426028	-0.07305897	-0.01876663	0.017731367	-0.0069969725
0.019791737	0.07434186	-0.05118123	0.048190337	0.019302033	0.061051123	-0.040918645	-0.0087357275	0.060484175	0.019720389
0.061804745	0.054678172	-0.010084553	-0.018328922	-0.035537142	-0.03401149	0.034789056	-0.02361109	0.04229915	0.02189521
-0.04907583	-0.00052495196	-0.018671913	-0.017842611	-0.00060204876	0.006015572	0.007561583	0.054658458	-0.055296533	0.02142556
0.06726184	-0.011870726	0.009963548	0.015276692	0.05380819	0.06829278	-0.03205122	-0.0058089737	0.033573866	0.015513493
0.026419079	-0.0029055737	-0.05826479	0.0022350557	0.004740715	0.019643193	-0.057045538	-0.074536726	0.04896507	-0.043973528
-0.012068922	0.03599395	-0.0694488	-0.023101142	0.04004345	0.019749537	-0.028270315	-0.03125327	0.009318684	-0.0025862523
-0.019636644	-0.070308015	0.07842002	-0.031175159	-0.023866927	-0.036977213	-0.023491621	0.0061768927	-0.030542098	0.03702853
-0.07174328	-0.067739576	0.051471688	-0.045014188	-0.039019167	-0.018945958	-0.030715965	-0.0031443392	-0.03326896	0.0731148
0.009628239	0.033288844	-0.023546945	-0.028691065	0.012277168	-0.016954528	-0.008311463	-0.033474587	0.041956384	-0.050487008
0.009649237	0.037124515	-0.048629574	-0.03244311	-0.025532579	0.020778693	0.04067138	0.0038989247	-0.015688166	-0.012796811
-0.014624456	-0.0020920723	-0.034408778	-0.019474382	-0.031650145	-0.026204482	-0.036669914	-0.017700367	0.046602007	0.0067867194
-0.06014259	-0.04988628	-0.016672745	-0.049658753	0.014853447	0.025995249	-0.0041664573	-0.0056868065	-0.0148561355	-0.0012299769
0.06412426	0.0045026434	-0.023706974	-0.001203087	0.04169161	0.024245493	-0.03302826	-0.024276657	-0.0031102565	0.0065342104
0.017613824	0.034749694	0.055948388	-0.048927803	-0.03567607	0.027999442	-0.03222665	0.0063426136	-0.025855351	0.014310521
-0.07090669	-0.013620936	0.05834094	0.0031609272	-0.033549566	0.0045358217	0.0143915685	0.02700483	-0.0053532124	0.055554103
-0.015001715	-0.019182812	0.0165992	-0.031703398	0.0490683	-0.015092461	-0.02349209	0.016987111	-0.025372311	0.00670594
-0.058872357	-0.013189186	-0.0014346554	0.034668993	0.021629598	0.019987473	0.04390174	0.00315123	-0.03135337	0.013601969
0.002662651	-0.015740253	-0.004549488	0.014456874	0.011327212	0.03386045	0.032391142	-0.005596354	-0.032347504	-0.036274083
-0.00548969	0.063480705	-0.053141184	-0.026927684	0.014864566	0.020343438	-0.0012260122	-0.05573706	0.009457407	-0.053243738
-0.057235487	0.016612774	0.00038877677	-0.012423012	-0.0036084342	-0.02425407	0.0013836643	0.055762485	-0.02702995	0.011779827
0.017093744	-0.01756977	-0.03515475	-0.0026702336	-0.019593395	0.02016789	-0.027576609	-0.030630987	-0.049834553	0.017069122
-0.0026299094	-0.0016835328	-0.018702159	0.014658297	0.0316174	0.032716364	0.0071107848	0.015553522	0.07084292	-0.06123817
-0.03625394	-0.033448752	-0.004027152	-0.03631145	-0.045369226	0.013665725	0.041925877	-0.032340735	0.033902496	0.038093176
-0.029762128	-0.027495034	-0.026451202	-0.021603614	0.046033252	-0.02391387	-0.0025023294	-0.02659492	-0.003339723	-0.053544246
-0.0077347993	-0.054366495	0.010998543	-0.080376476	-0.08206136	-0.08360667	0.025010122	0.0292088	-0.048209343	0.07499611
0.011580601	-0.02615709	0.028491091	-0.058361735	0.00881825	-0.051339056	0.056890607	-0.0067795725	0.024297083	-0.009845514
-0.033705767	0.006381895	-0.0019850684	-0.010676445	0.004227413	-0.0312174	-0.029283507	-0.0033794371	-0.06012928	0.004564952
0.0019004277	0.038629733	-0.032622576	-0.03740731	0.057147577	-0.0063905832	-4.3201504e-05	0.0171906	-0.022845387	0.028840756
0.008364884	0.00488667	0.05389851	0.005786624	0.020882793	0.02387866	0.0073808143	-0.025575284	-0.020598743	0.006600273
0.011683746	0.033883378	-0.015309391	-0.0084538	0.008837341	0.06759841	-0.03968352	-0.06172986	-0.01308669	-0.012177012
-0.0061014122	-0.026101302	0.04493949	5.2694315e-05	-0.005217247	-0.013544331	0.05266705	0.017942749	-0.019322718	0.05568105
0.031459715	0.038971785	-0.05539663	0.051683836	0.015888609	0.046247136	0.020919839	0.026193108	0.025751783	-0.017190494
-0.008173355	-0.03478374	0.0115305185	-0.05923676	-0.017632289	-0.03385298	0.004720564	0.017280614	-0.039516713	-0.005192869
0.016402112	-0.029730523	-0.031533804	0.038321327	-0.026539456	0.037456024	-0.030146424	0.0208288	0.034492046	-0.053305153
0.06747744	0.00413985	-0.016826116	0.011989052	0.06536669	0.014925373	0.0012813079	-0.028628819	0.045121413	0.028107986
0.038396254	0.061744194	-0.024414523	0.07546891	0.026668862	-0.0067814263	-0.034552727	-0.05800701	0.02750207	-0.06773719
-0.06617446	-0.05770067	0.06331029	0.0047570025	0.022693763	0.023915319	0.034559768	0.02852231	-0.022679012	0.03574924
-0.010054565	-0.009129984	0.028271817	0.0050079776	-0.029182458	0.042972535	-0.053423297	-0.0088214995	-0.00039439512	-7.690305e-05
-0.034179635	0.025256963	-0.024566317	0.0046949	-0.0036608567	0.02107274	-0.033928175	0.030291151	-0.056927726	0.06148744
0.012776638	0.06141243	0.00038581196	-0.022753406	0.041937217	0.014660971	-0.01931079	-0.059756793	0.01034256	-0.051723532
0.04101379	0.010999434	0.028700532	-0.027859151	0.050722655	-0.034489937	-0.02483313	-0.0016077597	0.038626015	0.000786882
-0.043856394	-0.0406918	-0.033842396	0.00025024038	-0.051390987	-0.047108196	0.010315811	0.015483245	-0.0093073975	0.021311965
-0.011936185	0.020596914	0.027697401	-0.019876847	0.005066444	0.009423335	-0.017432692	-0.021302937	0.016292224	0.0025718522
-0.0011481284	-0.08952492	0.026113547	-0.0027085447	-0.04559125	-0.07292611	0.04871408	0.03361078	-0.065427236	0.097576044
0.021391531	0.022776788	-0.045527034	0.036860347	0.016438836	0.071562	-0.039420668	-0.034414534	0.0065094563	0.019828422
-0.0063619334	0.009600556	-0.036096077	0.00019676877	-0.015395184	-0.025787959	-0.038548958	0.036052972	0.0039170366	-0.03762937
-0.026521442	-0.00838795	-0.0068974	-0.01956399	-0.020140909	-0.0046739876	-0.044053905	0.03491115	-0.0148802865	0.017830767
-0.047148906	-0.044509895	-0.03976789	0.014753296	-0.0027098325	0.021944195	-0.0041800356	-0.03062124	-0.017424608	0.028754875
-0.017603995	0.001754353	-0.021890119	-0.026120963	-0.053950485	-0.061908204	-0.008705218	0.03752959	-0.0363865	-0.013578591
-0.06734274	-0.03850642	0.059089564	-0.018142255	-0.032267287	-0.02848315	-0.030743444	0.015771639	-0.059616126	0.025755728
-0.008707765	-0.04516958	0.037892133	0.018155389	-0.021965187	0.031684544	0.055058576	0.015867602	0.036750842	0.0068964553
-0.0777925	0.016695581	0.06951144	-0.024292918	0.009238852	-0.05591541	0.05480968	0.017294407	-0.033884123	-0.003366564
-0.045732196	0.023133641	-0.028846642	-0.033796057	0.0049530156	0.013400663	0.057127714	0.047700733	0.0008898087	0.051099658
-0.035105947	0.027966173	-0.019067142	-0.020278623	0.032801732	-0.054801457	0.03831257	0.01707364	-0.01209436	-0.014499807
-0.036326524	-0.05333705	0.005993209	0.0060202717	0.031468697	0.021193331	-0.042624712	-0.017298399	0.03194438	-0.011571442
0.04246237	0.03215891	-0.058624405	0.07200447	0.07116785	0.005710865	-0.03960236	0.0073926146	0.017953701	-0.012781984
0.00015586414	-0.037757657	0.039137747	0.031439297	-0.026544534	-0.01673053	-0.001152077	0.013032922	0.024685765	0.002870703
-0.060620636	0.014133032	-0.0016658102	0.01982197	0.02455382	-0.04669551	0.06058168	-0.018774314	-0.012255077	0.0023185953
0.030414019	-0.027662132	0.02870391	0.043248925	0.058416776	0.017154614	-0.02330039	-0.028295945	0.04265074	0.022281386
0.058859028	0.03327892	-0.040676616	-0.030190574	-0.02805791	-0.0022080506	0.018905932	0.004057221	0.046691246	-0.06278338
0.038370065	-0.02482269	0.0013510241	0.018965118	-0.056347635	-0.009982447	0.026070457	0.0139639005	-0.04358433	0.05210816
0.010301729	-0.02739823	0.03414958	-0.04690575	-0.029606534	-0.038072336	0.043593608	-0.0033316407	0.02208077	0.03679358
-0.023460446	-0.010053945	-0.019260371	0.07252256	0.003713251	0.06330462	-0.0070543205	-0.022341618	0.07286668	-0.046551246
-0.03264919	-0.019721072	-0.008897774	0.038662314	0.026289346	-0.03995455	-0.057567094	0.042182673	-0.040131107	0.019519877
0.08424347	0.015032558	-0.035211917	0.024422934	0.005745236	0.061631214	-0.028027814	-0.08852423	0.058522653	-0.024692481
-0.003183108	0.033159804	-0.033773664	0.00134645	-0.012661762	0.049885973	0.034891415	0.031307682	0.02210413	0.019313442
-0.019586038	-0.0011240299	0.030557428	0.021421794	0.0085431915	0.007246371	-0.028438376	0.04124023	0.0042439606	0.0044073504
0.030537434	-0.0015559864	0.011457591	0.016984295	0.038988404	0.055352356	-0.046255253	-0.03900351	0.030556446	0.023114773
-0.012305883	-0.053894952	0.07591891	-0.016804319	-0.03432477	0.0025841694	0.038992297	0.02153778	-0.012774794	0.065018795
-0.028862523	-0.013208048	0.030893601	0.0007226482	0.021239797	-0.05867746	0.023582462	0.030456793	0.02125708	-0.02284179
0.024744907	0.0072939554	0.014810646	0.004552875	-0.04461351	0.020390913	0.01571579	-0.021559885	0.012723345	-0.034490217
0.03404488	-0.034998145	0.050194547	-0.04706278	0.02065452	-0.017482447	0.013040672	0.022760238	0.004990683	-0.019573761
0.021337315	0.027231185	-0.015131373	-0.030743696	-0.055119496	-0.029133739	-0.015037022	-0.028538179	-0.011560275	-0.012211319
0.031209365	0.06457718	0.012276377	-0.016976194	0.011526133	-0.02498554	0.03810306	-0.015069155	-0.009816876	-0.016567772
0.03178092	-0.0021512993	-0.0030136835	0.047833033	0.045090888	-0.0068022506	0.039312806	0.044589017	-0.005607845	0.025071096
-0.018820802	0.022285396	-0.022739151	-0.047950994	-0.007097648	-0.0031496442	-0.037036676	-0.007355897	-0.056253634	-0.021260958
-0.009876964	0.06417479	-0.027983204	0.06306356	0.0721746	0.0113668805	0.032135513	-0.051902868	0.056424197	0.024105038
-0.0023322306	0.0074420106	0.0121019725	0.057678554	0.013682137	0.017450275	0.0056454255	-0.05159382	-0.022672983	-0.04783644
-0.0025009527	0.00068201916	-0.0062807677	0.037322845	-0.057299934	-0.040671326	-0.0093797	0.026069205	0.03393067	0.013943428
0.0243748	-0.013760397	0.018813571	0.018632142	-0.016404236	0.016188828	0.0033004142	-0.018768536	-0.028640214	-0.029116474
-0.045856286	0.049677446	-0.04153799	0.034418575	-0.04286482	0.050204027	-0.024831498	0.02364496	0.008518761	0.016134424
-0.013869921	-0.03407725	0.0030825373	0.026526192	0.052509952	-0.032226738	-0.039866544	-0.01148794	-0.02589897	0.0014557677
0.056058183	-0.0045328853	-0.019710865	-0.0015493958	0.048315506	-0.015194466	-0.036149364	-0.04656065	-0.0044173137	0.004788166
-0.040347815	-0.038380258	-0.01564823	0.021900522	-0.04935013	-0.005089863	0.062691756	0.0025619154	-0.03073798	-0.0072146817
0.006192875	0.058363035	-0.012135912	0.039388392	-0.010488906	0.010617025	0.037752453	-0.030024542	0.013443247	0.039614033
-0.008089507	-0.008146598	-0.00076314824	-0.018860294	-0.023827279	0.03243568	-0.019788887	-0.031507034	0.015533313	0.015589706
-0.036604602	0.013408981	-0.025570022	0.0051880586	0.016017865	-0.062888436	0.027577812	0.045174424	-0.05640565	-0.01448751
0.047243834	0.05980966	0.007405028	-0.021421554	-0.00819533	-0.012822385	-0.018682351	-0.03206925	0.046725232	-0.017802337
-0.0016861074	-0.074703254	0.0076684426	-0.0131975515	-0.021378139	-0.02781022	0.02825345	-0.004293791	-0.031018296	0.07677213
-0.017694188	-0.012445274	0.0140997395	0.022505645	0.003671669	-0.01748855	-0.018807689	-0.06263833	0.03302648	-0.0777155
0.0473533	0.03290665	-0.036961287	-0.04681164	0.010849949	0.040863816	-0.02132284	-0.03761264	0.024230946	0.054199237
-0.027207926	0.05430616	-0.04973933	0.029788742	0.02919552	-0.023421656	0.029522227	-0.03125987	0.006363941	-0.00814294
0.065440826	0.0023858417	0.009358852	-0.014582951	-0.02639247	0.039652757	-0.00464419	0.027526928	0.06859718	0.015524721
-0.012040288	0.018217811	-0.0066188523	0.0017978234	0.061860085	0.001051707	-0.057233896	-0.051024307	-0.013931934	-0.030468466
0.033923976	-0.0045195874	0.015134133	-0.0050895377	0.049645003	0.0057532475	-0.06002646	-0.015049288	0.01843564	0.027922915
0.014469818	-0.00069236767	-0.057595145	0.034536727	-0.028715417	0.027747817	-0.06241314	-0.049901873	-0.026221473	-0.0384758
0.023794165	-0.01617765	0.04994567	0.021370796	-0.036234774	-0.018872002	0.04335819	0.06371106	-0.05911541	0.013216124
0.051807273	-0.02548296	-0.038291905	-0.034517802	0.050366044	0.03779929	-0.005657696	-0.009273019	0.035417963	0.0035806175
-0.040415283	-0.0460508	0.03184767	-0.047711816	-0.026178733	-0.046531964	-0.034489796	-0.008610105	0.0057654376	-0.007630682
0.002123023	-0.039266795	0.017366512	-0.035409767	-0.039878767	-0.03594549	-0.011788514	0.0014589871	-0.045768987	-0.030381083
-0.008511745	-0.014150326	0.05540138	-0.0292127	-0.05755646	-0.06151367	0.013384866	0.035880182	-0.026364459	0.008228195
-0.03666227	0.022621848	-0.017276162	0.0029396133	-0.018739453	0.028491588	0.043243796	-0.02795137	0.005022582	0.03876955
-0.02115291	-0.027905792	-0.009589376	0.041045826	0.029653048	0.04786111	-0.046495017	-0.051604416	0.06180683	-0.009163234
0.025852391	0.004125188	-0.053272877	-0.01170753	-0.008630947	0.016702441	-0.015841512	-0.07427399	-0.020799529	-0.06818825
0.06564149	-0.004859882	-0.06991496	0.026918277	-0.026282912	-0.0088310195	-0.02912372	-0.033065222	-0.021524895	-0.060618576
0.025763636	0.03014471	-0.040642552	0.04942639	-0.017679622	0.031394854	-0.03754921	-0.008161158	0.043438427	0.0075222617
0.026893793	0.024849163	-0.017191371	-0.0030367207	0.0059618084	0.018237278	0.009571725	-0.047427706	0.035959404	-0.048412465
-0.018462205	0.0017537873	-0.0050519337	-0.031128487	0.03895591	0.04435216	-0.011757312	0.015578018	-0.007996182	-0.041748177
0.0010546554	0.049593072	0.024876716	0.016658792	-0.019250233	0.021794	0.031889353	-0.010652085	-0.027912468	-0.013171779
-0.023711769	0.027983055	-0.022750441	-0.030184558	0.05640902	-0.036404543	-0.0065921377	-0.042940587	0.0049911514	0.013890124
0.036665503	-0.013970093	0.0134179415	-0.026981927	-0.010416051	0.0032556548	0.048345122	-0.022034787	0.02988764	0.04181211
0.033109516	0.000120739365	-0.004250806	0.024633368	-0.02800908	-0.008083071	0.007307049	0.005936395	-0.03385508	0.015745867
-0.0065669823	0.03574926	-0.052303113	0.025430547	0.005849359	-0.040958162	0.034099717	0.010131043	0.047974728	-0.028467791
-0.05987381	0.024113756	0.015226154	0.020120308	0.017676614	-0.006129441	0.03208047	0.056660596	0.018841725	0.010404177
0.036380213	-0.0057245377	-0.020220615	0.042256158	-0.028452128	-0.012271877	0.012787292	-0.035246015	0.020815495	0.030910412
-0.017880073	-0.020930143	0.019785957	-0.022005169	0.012184563	0.00024748076	-0.014827163	0.039941452	0.0037857362	0.055919416
0.019640986	0.034422074	0.05854835	-0.036588624	0.030474763	-0.02954376	-0.020403678	0.03978496	-0.043240722	0.05931142
-0.05134054	-0.030920178	0.03239789	0.006086356	0.012482196	0.0028163171	-0.003643846	0.032842115	0.03176524	0.008031112
0.008992317	0.03353462	0.0034520316	-0.019773021	0.047235645	0.05464091	0.001915034	0.02092445	0.05550446	-0.045278292
0.08116006	0.035494458	-0.046297163	-0.009924105	0.04296749	-0.0036896064	-0.05524552	0.017993115	0.06398706	-0.055689514
-0.028143639	0.012436992	-0.020036958	-0.004558987	-0.033736464	0.0449848	0.025517993	-0.010909398	0.060498886	0.0040913243
-0.0028821698	-0.051598683	0.01878688	-0.039810095	-0.023986802	-0.023942778	-0.017973658	0.050686713	-0.053456012	-0.0301001
-0.040071923	-0.053690802	-0.010102583	0.008542269	0.022336774	-0.030920317	-0.010987163	0.04664902	0.0077427807	-0.016359804
0.05071092	0.018318864	-0.012383433	-0.017054375	0.029963829	0.038043194	0.00015093895	-0.030794721	0.017038146	-0.032659866
-0.04310648	0.011417299	-0.0048433654	-0.02612615	-0.06515858	-0.024766816	-0.024883075	0.0044039837	-0.07796225	0.06861124
0.04544867	0.0121955685	0.0026902026	0.0028321173	0.008059231	-0.024097819	-0.05488208	-0.024194574	-0.015718048	0.025964184
-0.0020772577	-0.0044717817	-0.005640059	0.0050649177	-0.036810398	-0.019438088	-0.02965735	0.04958611	-0.019360034	-0.0019811827
0.03556244	0.037209272	0.008439868	0.045301713	-0.023640942	-0.03747857	-0.01231605	0.045740474	0.035677534	0.009834506
-0.028133566	-0.033738285	-0.023779888	0.0031807495	-0.050886758	0.0091586495	0.0634651	-0.030553222	0.010068816	0.030131072
-0.06092229	-0.015244898	0.02393051	-0.058468163	-0.054090094	-0.039323572	0.031123223	0.0033651234	-0.06087139	-0.024148807
-0.03836112	-0.033129293	0.040761314	0.039459266	-0.0155285625	-0.0077278186	-0.025438104	0.018244943	-0.04345492	0.016660474
-0.009680321	0.020317035	-0.00070146425	-0.022588762	-0.053563926	-0.0030624983	0.009126337	-0.0333608	-0.035539616	0.012368112
-0.04380925	0.022908831	-0.010176729	-0.0044424986	0.019355558	0.011444291	0.009791205	0.02156796	-0.008754097	0.042410616
0.03391914	0.041599564	0.052139018	0.027858315	0.026901657	-0.0053414027	-0.033553835	0.013994479	-0.004402666	0.0005384225
0.047204986	0.041845035	-0.017005114	0.05736608	-0.005948656	0.05404347	-0.034178108	-0.050873436	0.017082896	0.027339997
-0.0056940564	-0.02361108	0.08886996	-0.041256174	-0.04810101	-0.056515027	-0.012615242	0.032953884	0.0028814387	0.08391999
-0.008234402	0.041332733	0.014423319	0.040960964	-0.022491837	0.029730383	-0.035699032	-0.005723041	0.04894003	-0.058326125
0.030289885	0.015281531	-0.04981541	-0.029068705	0.033078462	0.057080958	0.003421286	-0.035548896	-0.02351608	-0.056464583
-0.0013513941	-0.01611241	-0.0052793617	0.00036021418	-0.016193125	-0.0115559	-0.060382772	0.010635844	-0.012174367	-0.07108623
-0.045424927	0.011072437	0.031105932	-0.024220087	-0.007917213	-0.022681883	-0.022021618	-0.003345904	0.044904705	-0.007828876
-0.0037946105	0.010738683	0.030771839	0.003769164	-0.03907672	-0.037548985	-0.011346263	0.050576203	0.033323552	0.039511316
-0.025162328	-0.0034726374	-0.029984698	0.008393964	0.0074073807	0.047116295	0.017711988	-0.036454536	-0.010646074	-0.042939343
-0.019102383	-0.05504021	0.042403333	0.040741917	-0.01627141	-0.039440177	0.0017861993	0.0048176334	-0.002731254	-0.041542128
-0.035006568	0.016137734	0.049526528	0.011932412	0.013063386	-0.058928702	0.0016027798	-0.025538253	-0.018856816	-0.018719284
0.045712736	-0.011444679	0.010170823	0.058628015	0.013836452	0.0056733554	-0.026848597	-0.06968789	0.0003650403	-0.048117016
0.02125156	-0.006707267	-0.068359144	-0.020668296	-0.0012513794	0.003241918	-0.023938498	-0.021776205	0.04089661	-0.008287494
-0.027317697	-0.03344303	0.010174522	0.02044042	0.008797793	0.030172434	0.006302684	0.03449658	0.017988117	-0.0442152
-0.0033595234	-0.022417804	-0.022323977	-0.012758111	0.04066157	0.064465046	0.017341286	-0.049283102	0.06630897	-0.019734848
-0.032259636	-0.04216374	-0.0059984624	-0.07509218	-0.08341745	-0.07372029	0.07101752	0.017193645	-0.033716362	0.043209273
0.07223451	-0.0036119334	-0.057842582	0.056242507	0.043059073	0.029219171	-0.062007826	0.013175329	-0.017507572	-0.004006584
-0.00489522	0.037429444	0.012096799	-0.022594854	-0.015866805	0.03329529	-0.06263667	-0.0063444492	0.0172326	-0.0032035979
-0.06570537	0.017483927	0.0028804205	-0.023163537	-0.07055302	-0.03042233	0.0040018135	0.028743546	0.017605267	0.06446424
0.016044468	-0.06314736	0.042174682	-0.08275371	-0.050946016	0.004885498	0.020757351	0.0058520394	-0.0036847272	0.060080092
-0.028525915	-0.036131237	0.01394578	0.01586476	-0.04045509	0.03470011	0.017000645	0.05078412	-0.043376297	0.03254748
-0.0023710995	-0.06271895	0.06114307	-0.007287494	0.015138963	-0.04655152	-0.006633843	0.052134436	-0.031621996	0.033646934
0.08613889	0.06786533	-0.0019086659	0.020378036	0.07444816	0.04006931	-0.00212535	-0.04506316	0.06694977	-0.025662508
0.035820838	0.043581877	-0.0042774943	-0.028313521	-0.01970054	0.04317297	0.030137494	-0.04068364	-0.044755884	0.02205601
-0.024845593	-0.06742575	0.015709987	-0.030807404	-0.06710728	-0.02404934	0.0060156537	-0.017301679	-0.045781497	0.05016959
0.017177854	-0.03951175	-0.0010201898	-0.03321807	0.023191787	-0.039425276	0.010406837	-0.00011828304	0.013059848	-0.016162375
-0.043620788	-0.026955876	0.07723484	-0.014247747	-0.07661797	-0.031020993	0.009711629	0.07915488	-0.052294616	0.05666513
-0.032931324	-0.05047249	-0.028681193	0.02892275	-0.01969269	-0.05834887	0.045142196	-0.031298943	-0.05414081	-0.012000113
-0.020377247	-0.008155985	0.04382733	-0.08047058	-0.054064665	-0.04538979	0.063075416	0.046738412	-0.029673658	0.04525734
-0.043164443	-0.0370616	0.015871137	-0.019166727	-0.06959947	-0.040252704	-0.019665033	0.033538867	0.0006555697	-0.029199248
0.01143464	-0.049343273	0.042970598	-0.04070316	0.017076971	-0.03795255	-0.0013904914	0.071970895	-0.073898815	0.0628623
0.0072253942	0.031452224	-0.05597284	0.06687704	0.05915065	0.045265224	0.024631118	0.0014054977	0.040514737	-0.066785485
0.03126379	0.020764656	0.021976737	0.03859441	0.035929225	-0.042453025	-0.024711823	0.046829	-0.008675549	0.024793303
-0.03596147	-0.04131493	0.083048016	-0.046285134	-0.042707298	-0.024161559	0.027213108	0.0532426	-0.055184517	0.07107259
-0.013267947	-0.017671268	-0.039451525	-0.020948865	0.005745217	-0.01132233	0.02998059	-0.0060719927	0.015014113	-0.04982538
0.040352594	0.008179684	-0.036162373	0.02823455	-0.030078596	-0.0017628433	-0.039468426	0.013045637	-0.037862472	-0.035527673
0.050061807	0.09325933	-0.07360139	0.006993982	0.021117928	0.009496133	-0.05923686	-0.0648144	0.0467042	-0.077443175
0.039949134	0.019201193	-0.014431685	0.0438072	0.018350443	-0.005935938	-0.04439139	0.017153347	-0.0012834278	0.005477802
-0.03651585	0.0031360316	0.0016214551	-0.0028478277	-0.035356406	-0.009039168	0.02132235	-0.038654648	0.01587345	0.0017913175
-0.034241106	0.00092177547	0.034318473	-0.015276903	0.031542428	-0.0041119596	0.04369011	0.004152692	-0.04427935	0.03901099
-0.07690872	-0.033143252	0.04682606	0.01367419	-0.012378391	0.015785692	0.01618831	0.049209915	-0.036243223	0.002530142
-0.0023326047	0.00034249216	0.0014970378	0.05001026	0.0035995445	0.016555585	0.04636369	-0.0038274268	0.0018810175	0.018138766
-0.04467943	-0.034353536	-0.018207854	0.03613007	0.018749628	-0.01270439	-0.0031521777	0.026829854	0.018287618	0.011074179
0.03498171	0.015267601	-0.0026453522	0.01586302	-0.027359858	0.0020426186	-0.05361797	-0.0532253	-0.016601518	0.0002751175
0.013453554	0.048876103	-0.0050186333	0.011284038	0.023490548	-0.00947911	-0.017324377	-0.027363004	-0.041899625	0.04640693
-0.02502333	0.03376517	0.031714566	0.0014426622	-0.049924217	-0.056974765	-0.007822319	-0.036125436	-0.008594575	0.017396137
0.010261589	0.006146482	0.0015526363	-0.03152588	-0.039480526	0.011545095	-0.022363458	0.021358028	-0.061151344	0.015516599
-0.042503376	-0.017475696	0.036310155	-0.024460342	0.01750586	0.023785692	0.06965763	0.049489543	0.009857926	-0.02278784
-0.03909695	0.0007230192	-0.036065094	0.016453672	0.02376957	-0.0003511175	0.024867533	-0.027809165	0.017082866	0.044034626
-0.014598954	-0.013183881	0.055626296	0.012251931	0.03760999	0.036424857	-0.0076668994	0.017159179	0.00880829	-0.0045219082
-0.010731565	-0.036255516	-0.056229964	0.05292018	0.009812163	0.045397308	-0.03189834	-0.050910998	-0.012997153	0.027429502
-0.037853394	-0.01875538	0.0113111595	-0.030189384	-0.018080274	0.0017687596	0.06084235	0.04901083	0.007983137	0.04628367
0.049623013	0.04939145	-0.011292305	0.014019653	0.0055207936	0.026607895	-0.022006433	-0.013205545	0.04117048	0.024498433
0.04598499	0.05068295	0.0032901138	-0.024160445	-0.019490082	0.06598905	0.008783928	-0.016259428	0.006627537	-0.026679147
-0.006042947	0.04766001	-0.01292176	0.061063435	-0.0023263101	0.04504538	-0.012873916	-0.04869499	0.015872942	-0.04342612
-0.017615303	-0.014251269	0.014939755	0.06801316	0.071685225	0.045440845	-0.04242994	2.6464175e-05	-0.010795887	-0.04149608
-0.0150768105	0.006507291	-0.043089196	-0.01166436	0.024246203	0.006394205	-0.043132678	-0.044633303	0.049516678	0.0115401065
-0.063069426	-0.061381698	0.038459916	-0.06613142	-0.0111085465	-0.040128507	0.034870677	0.038700163	0.008982423	0.011655524
0.03516063	-0.012422988	-0.0113689825	-0.0146695785	-0.016684907	0.0029611986	-0.011936575	0.0076791737	0.018344108	-0.028263558
0.05368741	0.009612907	-0.022100283	-0.0112027	-0.005711005	-0.0013056337	-0.048142392	-0.0615939	0.048158493	-0.045565788
-0.038925596	-0.079072215	0.07655089	0.0010606585	0.009832502	-0.036082234	-0.017571451	-0.0086287195	0.00945188	0.04554225
-0.036546055	-0.029970426	0.031831846	-0.08219571	-0.029467294	-0.061676517	0.060869135	0.07262476	-0.06183978	0.0026185897
-0.07237994	-0.08173911	0.015414516	-0.0043971986	-0.019395946	-0.06310512	0.067809165	0.013487188	-0.027306512	0.07873494
-0.029999554	0.009929969	0.034921225	0.020626126	-0.027453637	-0.033230364	-0.03359137	-0.0060628215	-0.039450362	-0.019168949
-0.00051871716	-0.023857659	-0.051146723	-0.0315956	-0.020816362	-0.006933783	0.01974831	-0.011966033	0.050705682	-0.039245132
0.050015867	-0.03657475	0.04243864	-0.035289995	-0.0061010364	-0.01818084	0.02861004	-0.035918534	-0.013842126	0.03322148
-0.01249111	-0.034863006	0.00074797857	-0.013216799	0.003942253	-0.039133597	-0.02618597	-0.026935874	0.026430923	0.03130987
0.029590236	0.013413577	-0.036635004	0.032888588	-0.03232344	-0.020935755	-0.039680384	-0.03277995	0.04764653	0.010216243
0.034641948	0.0123906	-0.045629792	0.020796344	-0.027624855	0.03652296	0.021641236	0.0006030042	0.03126947	-0.014396513
-0.008404406	-0.033937257	0.019280009	-0.057694186	-0.029254744	-0.025265792	-0.03254645	0.020715004	0.023501573	-0.018846001
0.03833365	-0.026972014	-0.026623154	0.046139006	-0.024319127	-0.041959416	-0.0077148397	0.0318254	-0.028541595	0.018242316
-0.005577471	-0.0015548922	-0.028843172	-0.05291342	-0.03810355	0.025564944	-0.03652738	-0.028629407	-0.031203024	0.00403
0.06639493	0.05053934	0.030424112	0.025654094	0.059972018	0.018207306	-0.017328182	-0.010437242	-0.023699226	-0.0015435988
0.053652473	0.0651029	-0.010879268	0.04241159	0.03554041	0.028503338	-0.032050617	-0.023138383	-0.011341781	0.033516683
0.00012699064	0.05515146	-0.05582051	0.04525401	0.032137305	-0.038556036	-0.019094449	-0.043120686	-0.040220033	-0.001042898
-0.06432467	-0.014500551	0.063859314	-0.013297069	-0.023775833	-0.02337667	0.051933706	0.069766186	-0.05759779	0.05281585
-0.017788026	0.031388335	0.008199227	0.008362132	0.002933561	0.009532082	-0.036053922	0.04714252	0.0077172383	0.030275743
-0.031352784	-0.0578894	-0.020200098	-0.019809665	-0.037073966	-0.04854003	0.041314777	-0.022386692	-0.012553522	0.047207754
0.037981723	0.03640661	0.03766535	-0.047616255	0.027090646	-0.043507814	-0.012975496	0.0543227	-0.003990156	-0.036961567
0.034983575	-0.00634651	-0.023338098	-0.0017488593	-0.0059808833	0.039350554	-0.00743126	-0.016315943	-0.031169683	-0.013512245
0.03914298	0.030900413	0.02842341	-0.027357493	0.013336081	-0.0032996156	0.041016676	-0.02403921	0.030153621	-0.006801084
-0.018349776	-0.08797923	0.02642136	-0.026399625	-0.053862087	-0.04403238	0.065084204	0.037953068	-0.044390462	0.042918235
0.020444458	0.052825246	0.012713874	0.027137069	0.029206475	0.0027160957	-0.047282346	0.04274796	0.025621815	-0.016972752
-0.0011790349	0.011384233	0.022913909	0.06994381	0.071523175	0.048376705	-0.036271706	-0.040337212	0.0010503622	0.036590833
-0.045340624	-0.061892834	-0.016986925	0.0047793896	0.02544011	-0.06878642	0.03329496	0.049143836	-0.04744104	0.007274256
-0.0022780832	-0.0010737054	-0.013527819	0.04104859	0.0006941088	-0.010816922	0.00010773116	-0.02274455	0.031431187	0.011121075
0.0022922386	-0.029797561	0.05884511	-0.0041377405	0.005947255	-0.026911533	0.053006597	0.072296314	-0.061368585	0.03994816
0.056186106	0.020128336	-0.05804283	-0.022015627	0.022918977	0.06150694	0.014998555	0.018657813	-0.02894594	-0.055476427
-0.015675401	0.016251305	-0.012802161	-0.00093983643	-0.028355056	-0.03029771	-0.0034739196	-0.030314004	-0.017276926	-0.0037627914
-0.07479356	-0.00084798265	-0.004328106	-0.008400206	-0.023738401	-0.06613382	-0.006214283	0.018618155	-0.07644791	0.017266186
-0.051322363	-0.06669414	0.07440257	-0.08610153	-0.09018711	-0.054932345	-2.89972e-05	0.05754167	-0.018071145	0.0820541
-0.033007413	-0.017930513	0.009339809	-0.0044107228	0.027980506	0.029576676	-0.016781097	0.015694303	-0.0068986285	-0.028353505
-0.043708507	-0.0403599	-0.04622378	0.005922562	-0.025024604	0.045984752	0.01750219	0.03598878	0.009514523	-0.043286078
-0.03851475	0.011296526	-0.018303232	0.025170183	0.031682592	0.01903142	0.03722625	-0.031456742	0.009237316	-0.01969101
-0.04668208	0.012669595	-0.011192708	0.011799667	-0.049054228	-0.029751305	-0.05247241	-0.020299448	-0.041935105	-0.0151131265
0.03508968	-0.00020128181	-0.063418016	0.022766493	0.04978109	0.060357183	-0.01546675	-0.022203485	0.04999211	0.008248458
0.0023007658	0.016345803	0.011858465	-0.036813255	-0.021793209	0.006904338	-0.032888375	0.06317306	-0.034476705	0.045920998
0.018310238	-0.019828023	0.0061360965	0.03912204	-0.016253721	-0.00034007977	0.003037505	-0.0046131434	0.009242054	-0.005172369
0.018665632	-0.015330765	0.0104607325	0.028678017	0.049510952	-0.012415667	-0.024617832	0.0047957227	0.015403426	0.0319858
-0.020481914	0.004811564	-0.016267436	-0.0041830344	0.01818151	-0.044129092	-0.020170286	-0.011871639	0.03832408	-0.034224033
-0.031172171	-0.006740809	0.039388053	-0.018741414	-0.040638063	-0.024606472	-0.043440215	-0.023297574	0.03338363	0.0005324005
0.00021655139	0.020652847	0.00381605	0.03406676	0.008300634	0.024560299	-0.03037544	0.010324425	0.022210822	0.031971246
-0.016500667	-0.012800973	0.030673277	0.0281401	-0.015057487	0.05464685	0.015703501	0.004634106	0.018256275	-0.038967125
0.017532738	0.018667901	-0.010710474	-0.0116015235	-0.02768059	0.002300907	0.055996057	0.008199509	-0.050037846	0.0008203611
0.020548675	0.011321493	-0.0061506745	0.036734696	0.0003874348	-0.0026022452	-0.039005313	0.02179109	-0.026058476	-0.047731634
-0.009041223	-0.031582355	-0.04057035	-0.027393987	0.034908637	-0.031246703	-0.04753332	0.03333495	0.0316534	-0.025865383
-0.017112955	0.042695425	-0.0053136074	-0.008309685	0.0035166836	0.04025959	0.008443385	0.0030575134	-0.03912195	0.031228594
-0.015792932	-0.061494805	0.00055357185	-0.0046811667	-0.0960148	-0.057134338	0.018510452	0.088101156	-0.054541666	0.04651933
0.04501376	0.04628927	-0.023014091	0.014376952	-0.03822038	0.05005199	0.05431024	-0.034796905	0.011892149	-0.03013538
0.036522873	-0.003831515	-0.013712171	0.010064582	0.010413935	-0.0026769598	0.05007028	-0.0450653	0.052307535	0.043342095
0.0022043888	-0.025658796	0.043791182	-0.021151477	-0.06981209	-0.066366166	0.04304844	0.038131878	0.013149582	0.062227443
-0.016203456	-0.014437033	0.018740406	-0.055463307	-0.025043998	-0.0037211883	-0.03683701	0.048193462	-0.0019817264	0.040340375
-0.001932439	-0.027750533	0.012303418	-0.03760901	0.0016118876	-0.022101749	0.03869714	0.028243944	-0.046508655	0.020847173
0.0036581035	-0.031121328	0.009197311	0.029897597	-0.04042344	0.028339429	-0.04964886	0.020952418	0.04731779	-0.04102205
-0.013874116	0.010197227	-0.01693578	-0.0022180344	-0.027616657	0.028292509	0.02212041	0.008298792	0.03405655	-0.003970016
0.0030416334	-0.021748966	-0.0011863566	0.019228218	0.03356248	-0.034186557	-0.041158047	-0.01263648	-0.003762578	-0.035133578
0.026940601	-0.0053435666	0.034632977	-0.018558735	-0.015895488	0.037443362	0.01840719	-0.048337642	0.005880994	-0.04816142
0.002393459	-0.046465628	-0.019094035	-0.016307173	-0.007918203	-0.005103041	-0.01035006	-0.038019937	0.012084611	0.031774133
-0.053210553	0.020727465	-0.026146196	-0.026236946	-0.024028156	-0.019213831	-0.008978087	0.035990816	-0.03208841	-0.029392634
-0.025571985	-0.056230254	-0.01516022	0.016995989	-0.025416277	-0.048657246	-0.008506628	0.009010942	-0.011584577	0.041559525
0.003426366	0.015761966	-0.018744133	0.040180337	0.035718426	-0.002062798	-0.014598186	0.019230502	0.035458	-0.05600774
0.0053748908	0.034746304	0.009735395	0.013373455	-0.025157083	-0.050480507	0.0102782	-0.0139911175	0.02267529	0.022862175
-0.054308746	-0.035437666	0.020681364	-0.037433133	-0.055277176	-0.012332608	0.03804018	0.039281845	0.014642816	0.011396405
0.010481355	-0.0077582314	-0.018052272	-0.008412207	-0.04563202	-0.0638638	0.051877424	0.035130147	0.0013277469	0.031426158
0.016082857	-0.03394064	-0.01048739	-0.037098587	0.0036434021	-0.060364462	-0.026381638	0.057538647	0.014081373	-0.013081504
-0.014871098	0.006604502	0.01664862	0.011534329	-0.007934172	-0.04079266	0.024934413	0.019794451	-0.043648537	-0.001320022
0.009139596	-0.019265575	0.0037097922	-0.019543283	0.0043760813	0.035096887	0.022288926	-0.011995648	-0.0007383344	0.014767506
-0.026198179	0.020462781	0.009938142	0.016969085	0.009803131	-0.009700815	0.034351606	-0.009868403	-0.01917994	-0.004173105
-0.052022446	-0.08075039	-0.0090107275	-0.029632378	-0.06961814	-0.031023799	-0.02837848	0.04181794	0.011935368	-0.0067793317
0.0011355081	-0.03813612	-0.028864395	-0.056268226	-0.040888645	-0.042185057	-0.034915715	-0.008991056	0.015296454	0.056314144
0.029609285	0.055789925	-0.01613435	0.026789196	-0.00443593	0.03133009	-0.0457562	0.017825909	0.021239903	0.030457865
-0.016415859	0.01464997	-0.03612652	0.023697862	0.02364763	-0.0045280987	-0.06366887	-0.055962842	-0.008538696	0.012086989
-0.036976572	0.029141996	0.008215995	-0.018728374	0.04135369	-0.032884542	-0.027555246	0.0066395802	-0.0073885615	-0.032222036
-0.03261623	-0.008741917	-0.033587188	0.022644728	-0.045039047	0.0065179286	-0.019326577	0.031028021	0.022967847	0.031846087
0.043858517	-0.036924846	0.0007411855	0.037697475	-0.017335251	0.0063148336	-0.025402822	0.028991284	-0.0056697302	-0.035804514
-0.023417486	0.054109037	0.013409769	0.014036818	0.007577731	-0.000575962	0.0273315	0.03590212	-0.015891032	-0.029335411
0.013471059	-0.023335451	0.0020003268	0.040708795	-0.05277534	-0.049637817	-0.02240449	-0.027521295	-0.04190487	0.02953169
-0.027207343	0.034512285	0.0026799587	-0.010416764	0.030015536	-0.009835393	-0.034722216	0.04728138	-0.049027607	0.03939794
0.06421452	0.0724376	-0.0056154076	0.046021808	0.031747885	0.013210458	-0.028839663	0.008042418	0.05403399	-0.0025850497
0.040560085	-0.025919246	-0.012461647	0.029334497	0.0027654718	0.016016666	-0.014433645	-0.0028277715	-0.017309187	-0.030748932
-0.01741136	0.037035048	-0.033816032	-0.0069208057	0.036861695	-0.04788777	0.061352305	-0.03370423	0.004248539	0.013852646
-0.021250693	-0.057016622	0.058867123	-0.025256151	-0.0056980182	-0.025368076	-0.015527901	-0.02596973	0.037833847	0.05042025
-0.0041612308	-0.0030154486	-0.010045345	0.032287654	-0.013311004	-0.060214825	0.025719257	-0.02678506	-0.03180949	-0.016346548
-0.00021945196	-0.015102056	0.012824221	-0.002084507	-0.02581288	-0.0060255085	-0.0459112	0.056564514	-0.04298703	0.04357896
0.0047441535	0.026227513	-0.06857739	0.070965454	0.04836654	0.0007635362	0.0146286795	-0.085372	0.041458577	-0.058990486
0.021781497	-0.021759527	-0.011131283	-0.018627843	-0.048280362	-0.05221746	0.035080656	0.009577684	-0.052542716	0.049021937
0.020740291	-0.050436594	-0.012045346	0.0021970985	-0.014665141	-0.05766211	0.016256755	0.053324092	-0.00072547485	-0.02468306
0.0027963677	-0.0019816721	-0.029366568	-0.052450906	-0.05605462	-0.06212662	0.03167788	0.030393628	-0.012370699	-0.020165157
-0.03156374	-0.019510427	-0.005266565	0.009834605	-0.012170522	-0.019507725	0.055092193	0.06250615	0.01274306	0.076998726
0.046110835	0.041491117	-0.03708653	-0.019782403	-0.034049697	0.041458294	0.008612529	-0.0073967576	0.038140442	0.008301743
-0.023101458	-0.0062021576	-0.0028710433	0.015363074	0.01284942	0.012099463	0.010520717	-0.034797616	-0.027298663	-0.040829558
-0.047183	0.012344076	0.03307723	0.044184804	0.03839196	-0.0043079588	0.036164533	0.029835	0.011077152	0.025201956
-0.025968308	0.028058456	-0.0095200725	0.008180538	0.0076531717	0.0012733534	0.021450449	0.04367297	0.03866465	0.053334825
0.03318203	0.0674716	-0.05577362	-0.016985456	0.01745726	0.031627916	0.0101064425	-0.004444238	0.0685767	-0.05025724
-0.00057958125	-0.0083551165	-0.00660261	0.012265345	-0.020977201	0.014000267	-0.013870838	0.04926687	-0.08022524	-0.014931564
-0.030198574	-0.009018078	0.015501447	-0.0216287	-0.030636737	0.022597989	-0.03303206	-0.009518168	-0.012355878	-0.030107152
0.024360534	3.221531e-05	-0.04185041	-0.0164066	0.03916068	0.028264543	-0.047600668	-0.010035186	-0.02765231	0.031405542
-0.0209006	-0.042423602	0.038409915	0.043660246	-0.051054344	0.033368412	0.05173351	0.028981235	0.0055673853	0.012134579
-0.021234883	0.035316467	0.011327377	0.03751428	-0.042755324	-0.029086618	-0.01886829	0.055890266	0.020353172	0.043277387
0.052087322	0.04595177	-0.041126262	-0.0027921451	0.05522004	0.016611125	-0.0338171	0.042151406	-0.012505209	-0.031335276
-0.001978399	0.009417943	-0.016261254	-0.023550505	0.026888441	0.03665697	0.012646824	0.0127554145	0.01818008	-0.017391896
0.040450603	-0.017406156	-0.05515091	0.027839886	-0.016540905	0.008710638	0.03184477	0.011450699	0.019968368	0.015871026
-0.0018094722	0.024795828	0.01718656	0.042771522	0.045925003	0.046799242	-0.008131698	0.0020377005	0.03231994	-0.011072527
0.00019497368	-0.008344135	0.0066721765	0.03058921	-0.062373903	0.0035135602	0.06777336	-0.023346346	0.00026592065	-0.016109884
0.034512755	0.031827822	-0.04950952	0.039595947	0.025141094	0.02940979	0.015249684	-0.028415306	0.040812712	-0.0067633223
0.047261897	0.02418633	0.032667052	0.038406707	0.005994048	0.024400957	-0.03957156	-0.0041568805	0.05628327	-0.05089346
0.024881463	0.044840444	0.017019639	0.038441412	-0.011042484	0.005805355	0.028302997	0.044887286	-0.021216944	-0.024986688
0.009005426	-0.030920394	-0.0006188849	-0.023892967	0.013761344	-0.02098696	0.05047624	0.02655937	-0.036142163	0.0026661358
0.046033967	0.05185032	-0.04944404	-0.016707053	0.055167206	-0.011704238	0.016181963	-0.005205608	0.07327315	-0.05929277
-0.01609318	0.0026189575	0.020704994	-0.025773427	0.06571174	0.005010132	0.018616432	-0.06560603	-0.016587602	-0.010423985
-0.008916929	-0.056583494	0.04277771	0.02437136	-0.042773195	-0.037506945	-0.00930737	0.049783923	-0.05128152	-0.024363346
0.04191407	-0.014587315	-0.06143921	0.044126388	0.053590383	0.016941324	0.014139685	0.010219351	0.05993486	-0.055540454
0.017535701	0.040965293	-0.016432459	0.036042422	0.051822938	0.0010382789	0.00057564036	-0.017591806	-0.0009912277	0.00042865265
0.0231947	0.030360984	-0.015664535	0.04659711	-0.020098925	0.025242263	0.046048995	0.013463374	-0.024096603	-0.021520412
0.031703204	0.0066983476	-0.008880763	-0.012090842	0.033108473	-0.032224644	0.02663105	0.03785429	-0.016598077	0.004319563
-0.007859671	0.014852701	-0.015468243	-0.030654408	-0.043239642	0.0034864866	0.03024789	-0.025510255	0.026472786	-0.008921066
-0.056334093	-0.035073534	0.011379996	-0.038534436	0.033465307	-0.011465773	0.032132454	0.050518654	0.014555505	0.026718717
0.04196266	0.029132638	-0.028508414	0.014587461	0.059204124	-0.030494474	0.002589892	-0.036665168	-0.03740571	0.0067923707
-0.07174186	-0.0038233977	0.023989238	-0.035312943	-0.056801274	-0.067405894	0.021976532	0.008902777	-0.09157935	-0.0025381085
0.028879458	0.034811463	0.029291308	0.016275669	-0.007757302	0.0071168547	0.018822365	-0.029919092	0.03078641	0.0123645
0.019439492	-0.046747435	0.05325664	-0.008860674	0.018098615	-0.0017418327	0.03716596	-0.008036097	-0.053474266	-0.0010005062
-0.043931253	-0.033205077	-0.042428523	0.020964699	-0.02901321	0.035309747	0.042144362	0.03274516	0.017402878	-0.049157895
0.018752709	-0.0032370414	-0.023143262	0.0036859468	0.005945513	0.00033440976	0.006697498	0.005144975	0.041591797	0.019578407
0.05072781	0.04879693	-0.023581164	0.0007772276	0.012606262	0.03224601	0.036509715	0.025685543	-0.0102485465	-0.046468496
0.006144173	-0.009404125	-0.021650072	-0.0094580725	0.002989355	0.06172201	0.023062779	-0.02602124	-0.027395384	-0.007917853
-0.009389432	-0.017549304	0.016165428	-0.03532896	0.021639373	0.02274808	0.025200365	-0.007551776	0.026399815	-0.054601107
0.008964639	-0.048740856	-0.03413746	-0.04493789	0.03032013	0.027458034	-0.045522954	0.053804837	0.008493227	0.04951481
-0.036538117	-0.024323419	0.018661546	0.02421952	0.024983907	0.056836724	-0.062407833	0.0021002446	-0.0020216834	0.027436165
0.034559693	0.011277911	-0.032226555	0.002992407	0.051742163	-0.011029	0.019043919	-0.04645981	-0.011854704	-0.05118996
0.030098625	0.01737443	-0.055613495	0.074175574	-0.017042996	0.007921309	0.006814481	-0.00981143	0.06967357	-0.033628162
-0.048526116	-0.0075137885	0.024822403	-0.025153661	-0.023457564	-0.038137022	-0.010147931	0.043493096	-0.028921984	3.4567404e-06
0.03491773	0.0026128404	-0.004146705	0.003993728	-0.00016928627	0.0433146	0.036361612	-0.027910933	-0.051750734	-0.030474165
-0.0066343164	-0.019627703	0.01581253	0.052189443	0.024166806	0.004452022	0.031214835	-0.050807618	0.001466621	0.017649705
0.068705216	-0.019248633	0.02035254	0.024320578	0.029919237	0.044782735	-0.004416634	-0.020802414	0.020629428	-0.05812849
-0.004790813	-0.043218788	0.0009138392	-0.055428077	0.0015684275	0.0062706256	0.016141167	0.04872793	-0.0054240483	0.046372596
0.032689314	0.023720225	0.0049441988	0.018391013	0.033837393	0.022040442	-0.0041001597	0.017096246	-0.04108895	0.010352446
0.0113241775	0.0063639386	0.010328986	-0.020978153	-0.042559363	-0.032764237	0.04715332	-0.03940284	-0.04171889	0.034226127
-0.035001196	-0.03890164	-0.035296325	0.0042629912	-0.030312987	-0.048414446	0.024805931	-0.012433954	0.015823724	-0.02094784
-0.07197835	-0.023628956	0.07150688	0.024558878	-0.041899417	-0.022547038	-0.012524398	0.019762069	-0.022692556	0.057076104
-0.011946251	0.025056023	-0.06516553	0.05369835	0.028237203	0.076946385	-0.059551425	-0.0068590315	0.021257393	-0.08343903
-0.000725489	0.0007779748	-0.0032020654	-0.017904287	-0.03440388	-0.052800737	0.004857504	-0.02183429	-0.0015055118	0.00080206926
0.03342075	-0.033618633	0.033928543	0.005704458	-0.022393856	-0.03920665	-0.041470714	0.0008702799	0.030423984	0.047499824
-0.022817658	0.016808843	0.022498935	-0.008772302	0.0039129057	0.038210843	0.006065373	-0.025222868	0.017225683	-0.018097349
0.053669415	0.0191527	0.023671644	0.016800532	0.00694458	0.00336736	-0.0004660628	0.0021082037	-0.009419383	0.0019809005
-0.02919556	0.004934197	0.037091877	-0.006731902	-0.044874027	0.0048630927	0.042542182	-0.029704902	-0.020160392	-0.022485483
0.03154274	0.025347074	0.03410909	-0.03776208	0.004419063	-0.06154532	0.008261129	0.04201526	0.0215278	0.0033116487
-0.040685214	-0.029801613	-0.050432768	-0.0068040495	0.053526044	0.006219405	-0.0234008	-0.013241751	-1.794855e-05	0.010943395
-0.035844043	-0.015403213	0.009457973	-0.00036666924	-0.040025618	-0.018913621	0.010079087	0.0161488	0.038761407	0.053886794
-0.036682	0.035378903	-0.0013185538	0.010100002	0.028835205	-0.028688883	0.019759992	-0.021394435	-0.002710773	-0.027797686
-0.035782598	0.03903515	-0.0485046	0.036306966	0.0046011372	-0.009027158	0.0376669	0.0035215153	-0.016113129	-0.019185469
-0.013882055	0.02568909	-0.023851741	-0.01098455	0.005975127	0.034635663	-0.023730036	0.0028034085	0.015950052	0.035343375
0.003316708	0.029260902	0.020943314	-0.0050855535	0.024494784	-0.030792188	0.001359836	-0.04025369	-0.004589522	-0.0009141088
-0.055555243	0.023619689	-0.017178342	-0.037787806	0.031197788	-0.048775837	0.016637964	0.007904516	-0.054041557	-0.036969572
0.013894298	0.02381231	0.038313683	-0.0043440866	-0.06437366	0.018174212	0.045431703	0.014800837	-0.020895608	-0.021061145
0.042041373	0.0051703495	0.026876017	-0.043201655	0.025799103	0.0042272727	-0.006681803	-0.019866806	-0.055796515	0.031897977
-0.055133134	-0.043565452	0.040514607	0.023610359	-0.013759353	-0.029461239	0.06156775	0.032123387	-0.06635923	-0.025611205
0.046001777	-0.012741469	-0.0014464469	0.045565806	0.053569395	0.050729737	-0.04746151	-0.049545765	-0.036619943	0.03542763
-0.012837823	0.05578852	0.04164116	0.037154622	0.049968034	0.05460514	-0.051173568	-0.049604367	-0.040789723	0.039167352
-0.019800344	0.005928148	-0.0077891285	-0.027206508	-0.019386923	0.009499383	-0.021367863	-0.047651917	0.013357777	-0.039917003
-0.0154396	-0.0384446	0.012225324	0.015675578	0.02666609	0.01468277	0.010198486	0.042617477	-0.0028362893	0.033226594
-0.056510285	-0.014814886	0.019084444	-0.0012344104	0.011042518	-0.06551278	0.04280915	0.019105976	-0.026330788	0.046858337
0.02238407	0.042602032	0.00021148991	-0.0074872966	0.009498719	-0.044015516	0.013251631	-0.043082546	-0.04331188	0.0344976
-0.034424685	-0.027941884	-0.010439279	0.028716817	-0.016119303	0.049153324	0.019942349	-0.03613844	-0.0009559915	0.023848241
-0.03995516	0.053613942	0.027907314	0.009047683	-0.007829494	-0.022460695	-0.026723811	-0.013435514	-0.042987674	-0.03644892
-0.029835012	-0.003963481	0.061013464	-0.063342355	0.0049192016	-0.0424171	0.04079581	0.058645885	0.020583378	-0.019409113
-0.045360096	-0.05079949	0.0070644272	-0.04593633	-0.0028739923	-0.038781494	0.038727857	0.0023264028	0.03677979	-0.012649876
-0.0041803084	-0.009755903	-0.03498714	0.031315845	0.007478036	-0.0060152584	-0.04052367	-0.0016179351	-0.02047287	-0.014944414
0.020910267	0.037596967	-0.0336122	-0.022207487	0.037300568	0.04365115	0.015014855	-0.0015986061	-0.042105597	-0.039304502
-0.028201532	0.044883613	0.0022112373	0.010634112	0.023000542	0.052744117	0.010222138	-0.00872566	0.0066552986	-0.01868769
-0.021753853	-0.07880885	-0.010022189	-0.077087685	-0.021563856	-0.05505162	-0.035226595	0.030939708	-0.048666526	0.04480473
0.03637165	0.04370545	-0.023787044	0.07100061	0.0106367245	0.0067452868	-0.05097247	-0.06813594	0.051108666	-0.0074110683
0.037455883	0.021980891	0.005424715	0.038510326	0.020493507	0.015590221	0.04688821	-0.030932665	-0.0051924395	0.0068202247
0.02014643	0.025557037	-0.0148335835	-0.04103576	-0.032035533	-0.044935435	0.047180876	0.061892185	-0.001337307	-0.015262931
0.051668197	-0.0066717155	-0.007526006	0.058204293	0.023186946	0.05717254	-0.035461985	-0.07501549	0.013807585	-0.048212714
-0.053100105	-0.03728987	-0.00793481	-0.022469353	0.023739178	0.012033253	0.024924036	0.01780707	0.019542774	0.038924813
-0.061533723	-0.011945351	0.011466677	-0.042342763	-0.07240732	0.017060438	0.05229426	0.0015398985	-0.044193476	-0.020962423
-0.05936315	-0.011730118	0.015730381	-0.091570765	-0.09355394	-0.091777116	-8.678366e-05	0.006066482	-0.052712094	0.02051395
-0.010896191	0.017904127	0.05411138	0.027251648	-0.06064445	-0.060262233	0.048712283	-0.016238775	-0.024514513	0.045892302
-0.04101382	-0.026021399	-0.0006048447	0.028339023	0.005655469	0.011445412	0.045915373	0.023647364	-0.047211286	0.059308674
0.020084897	-0.037529714	0.00342601	-0.016719185	-0.004615826	-0.009107058	0.044528518	0.033871558	-0.014291594	0.05192827
-0.0015457262	0.034430273	-0.038102344	0.024052743	-0.0114067	0.03044288	0.03847962	-0.048659794	0.032310776	-0.032158237
-0.015406196	-0.02849187	0.05910782	-0.06727855	-0.04334229	-0.0089126	0.038283948	-0.00077469845	-0.056069627	0.008683955
-0.004169044	0.018712776	0.032523897	-0.0138107985	-0.020461868	-0.02334581	-0.037365638	0.013549535	-0.052200582	0.0065662116
-0.014503633	0.000414603	-0.054543562	0.022577109	-0.016124342	-0.03100952	0.042162202	-0.049065083	-0.030203255	-0.021922978
-0.010720658	0.064404964	-0.03696506	0.061446525	-0.014837082	-0.02309615	-0.06230127	0.00031356272	0.019469451	-0.040064633
0.012336642	-0.05716354	0.05416294	0.018821403	-0.040564828	-0.04249604	0.0021083986	-0.00411472	-0.01402275	0.002153908
-0.0031776088	0.015176887	-0.03377003	0.03648292	0.02708122	-0.008121297	0.028827576	0.03832966	-0.033095706	-0.002749896
-0.031340487	-0.024957128	0.024234831	0.029096672	-0.026747867	-0.042537365	0.05273926	0.017518353	0.02778904	-0.030780215
-0.025413744	0.00050876086	0.03678702	-0.012468138	0.044224184	-0.0068555805	0.00839821	-0.048357632	-0.008725035	-0.014252661
-0.008939123	0.007846183	-0.008651807	-0.0147221945	0.025066936	-0.0041239345	0.00584374	-0.0039867214	0.03480059	-0.059602834
0.0313161	0.050568577	-0.014209581	0.042841088	0.018012375	-0.0051178057	-0.037690677	-0.016227888	0.03687905	-0.03864412
-0.019615673	0.009334117	-0.022158014	0.0035394125	0.038738012	0.035664402	0.036177125	0.017887652	0.007228211	-0.030332906
0.0007625374	0.0037120157	-0.044365525	-0.041791342	-0.045904424	-0.020412339	0.025289517	0.0033873331	0.01981385	-0.028667323
-0.028827384	0.010270194	-0.030944807	0.023579022	-0.03751997	0.011660902	-0.038760576	-0.026359577	0.010111287	0.0028514308
0.011785501	0.019009724	-0.0008329381	-0.0017565868	0.019419912	0.003236087	-0.04665291	-0.033540104	0.03267583	-0.07068366
0.011704846	0.0029508073	-0.0072113574	-0.051450968	-0.009614056	0.023152133	-0.0069389082	-0.033983633	-0.0005472889	0.06479076
0.05898822	-0.01178313	-0.04525436	1.3869985e-05	0.007802675	0.076571584	0.026269924	-0.07040992	0.070829585	-0.01509808
0.034314144	0.06261462	-0.058857534	-0.032164365	0.028810242	0.039889783	-0.02350891	-0.007822102	-0.030613739	-0.006601825
0.04133758	0.009585185	-0.088397756	0.01727658	0.00022031162	0.06354306	0.03917415	-0.06279075	0.07531876	0.011920638
-0.0180697	-0.015587711	0.0029657583	0.00015896068	-0.0132858725	-0.05977052	0.027984561	-0.007633929	-0.019300781	-0.01553191
-0.03208527	-0.026148414	0.04367499	0.01628759	-0.006025453	0.04197361	-0.01038983	0.005840929	0.025647307	0.044986747
0.037490662	0.024485454	-0.009837973	-0.010765243	0.023105515	0.05396748	0.03864238	0.011437305	-0.038199704	0.0011037161
-0.045353033	-0.02391171	0.025484528	-0.0065773735	0.01388139	-0.010243458	-0.034139007	-0.02186627	0.0368793	-0.040771075
0.0017949023	-0.07799419	-0.016031392	-0.0024924849	-0.043644108	0.002215014	0.07105983	0.034026586	-0.008792233	0.07457571
0.025665432	-0.03497008	0.024877742	-0.044352755	-0.05165107	-0.014569201	0.008282265	-0.014233521	-0.022445878	-0.041290972
0.012497009	0.009637925	0.02537595	0.025956094	0.030368682	-0.032776713	-0.002420153	0.047216725	-0.0021629385	-0.003439205
0.038507007	-0.047280654	-0.011762215	-0.0020911775	0.040890537	-0.030621203	0.004184891	-0.040887333	0.04731059	0.013055108
0.015171022	-0.041739617	0.07495764	-0.06772778	0.0013860506	-0.05992006	-0.013719162	0.06184979	-0.068294875	-0.016834028
0.011804326	0.0137082795	-0.0146595165	0.043035135	0.008299427	0.06125973	0.0033824304	-0.007731957	0.024813404	0.031216769
-0.057499975	0.00991981	0.034084	-0.009602891	-0.04905933	-0.029899357	-0.011794187	-0.033994988	0.0062178206	0.036403403
-0.009044717	0.01189488	-0.016475497	-0.0022260582	-0.03935382	-0.05535353	-0.009042046	0.014303516	-0.0230598	-0.016805902
-0.015459281	-0.002887644	0.040824857	-0.025152378	-0.04445476	-0.048259627	-0.03367194	-0.023429357	-0.010683164	-0.034833815
0.020574326	0.047150724	0.018486332	-0.006099273	8.435879e-06	0.016462198	0.049426727	0.049200993	-0.042420212	0.02517421
-0.042670544	-0.06711456	0.023973998	-0.014566371	-0.029796101	-0.054740526	0.049855486	0.07382019	-0.040229812	0.060678463
0.007852712	-0.023246255	0.040442634	-0.040032327	-0.015091469	0.022137817	0.011630276	0.044301767	-0.034400996	-0.04982193
0.030286433	-0.01624976	-0.013962537	0.04303535	0.039238628	0.041054208	0.046597507	-0.0184317	0.006806234	-0.010097282
-0.029351424	0.038643394	0.036252093	0.01685105	0.024947425	0.021786436	0.030254599	-0.041792724	-0.019294262	-0.016362997
-0.0024381261	0.007968219	0.026504718	-0.05049235	0.010024789	-0.0181614	0.008230804	0.038685013	0.015729241	0.013408107
0.06083632	0.000874375	0.026790908	-0.013498336	0.059692636	0.00807627	0.0039054046	-0.010355151	0.003817555	0.0083459
-0.025995962	-0.026363885	-0.00084971456	0.014026065	-0.027330253	-0.031182496	0.025204413	-0.040651	-0.017601375	0.017093888
0.02241283	0.008916384	-0.032067195	0.054105535	0.054964278	-0.01016653	-0.0061612916	0.02195479	0.03142902	-0.043133102
-0.005801905	-0.015884658	0.05914677	0.014507867	0.0014744028	0.009215906	0.04429756	0.05498194	-0.015395834	0.009831772
-0.05770987	-0.021305237	0.051337775	-0.022829976	-0.052455585	-0.027450874	-0.02990786	0.04933796	-0.034316994	-0.005246326
0.005988778	0.044273593	-0.0006068109	0.024652448	-0.030750446	-0.004724812	0.017042123	-0.010758137	0.05320622	-0.057110056
-0.017421536	0.04887994	-0.07664353	0.023224719	-0.002926709	0.047024157	0.0028166787	0.016147748	0.05955874	-0.07065045
-0.002570345	0.07128876	-0.06162215	0.03763182	0.057942055	0.008967315	0.0015413731	-0.091647394	0.016290126	-0.02529113
0.04341369	0.012529903	0.00010636287	-0.029858904	-0.018587722	0.0048133074	0.043370906	-0.00041923494	-0.029971732	0.0029998752
0.009291996	0.038291108	0.035968952	-0.022976076	-0.0038883018	0.024578264	-0.013212943	0.04671366	-0.022964904	-0.032712273
0.024379807	0.024946772	-0.08040881	0.062222864	0.043933205	0.03329197	0.027652826	-0.036242478	-0.018775415	-0.06624595
0.06565416	0.01258135	0.011648053	0.019654218	-0.0090797	0.052754115	-0.051073734	0.0028628493	0.008667764	-0.049251564
-0.017775625	-0.0035625496	-0.032561265	0.030194158	-0.0007531669	0.0061332704	-0.0052940636	-0.009160553	0.011063276	0.017698241
-0.02305611	0.026015118	0.012367408	-0.030407708	0.004735929	-0.036783807	-0.040869728	-0.008006698	-0.0060643964	-0.019760758
0.041096758	-0.009813645	-0.02721771	0.0310191	0.054880824	0.040410936	0.03663578	0.014622479	-0.0066919737	-0.021802612
0.053926338	0.014665161	-0.03015321	0.011083694	0.027281487	-0.00302685	-0.046145905	-0.018118901	0.017534815	0.021025496
0.000992588	0.03538771	-0.05605282	0.017307613	0.0063484376	0.012070668	0.03354711	-0.016741853	0.027065162	-0.04570043
-0.021824703	-0.027672833	0.058976956	-0.01417779	0.004104939	-0.03752771	0.04441236	0.07720456	-0.04942744	0.049191505
-0.046754826	-0.054925837	-0.005024726	-0.05656606	-0.012355145	-0.018223166	-0.03969522	-0.01461991	-0.043566454	0.0047852676
-0.03215306	0.02359106	0.034273453	0.043627094	-0.013120186	-0.020447597	-0.06623721	0.023404215	0.028611885	-0.0032672842
-0.023471275	0.005393912	-0.00012603264	-0.08325264	-0.06639521	0.001645339	-0.014241249	0.072777994	-0.025686737	0.043297164
0.06389267	-0.006661137	0.0158136	0.02593673	-0.016094737	0.042878877	-0.045661643	0.019420538	0.06957514	-0.062557675
0.026962627	0.0093744425	0.0038600746	0.046800915	0.08251882	0.015578748	0.0062615927	-0.06703608	0.004658708	-0.024913114
-0.00011892856	-0.004343602	0.012610945	0.004530415	-0.0054120673	-0.07257411	0.02072119	-0.018911427	-0.044083837	0.014263637
0.012437148	0.024797948	-0.05641785	0.014161221	0.0556111	-0.018488066	-0.021788092	-0.05077405	0.02890166	-0.03385052
0.08043066	0.0041247034	-0.0758643	0.03384275	-0.012672351	-0.0031241514	-0.047224008	-0.085396655	0.028586239	-0.0805028
0.017850876	-0.0042651216	-0.021579165	-0.025083013	0.0470383	-0.0013860853	0.042494785	0.032389313	-0.025816688	-0.008032493
-0.0400109	0.018377079	0.02939842	-0.013467492	0.043756012	-0.037553623	0.01685353	0.04024422	-0.043437492	-0.02523295
0.03044393	-0.022090772	0.039165743	-0.01749561	0.01707749	-0.019525636	0.0066271676	0.032690864	-0.034689147	-0.0046077706
0.07667776	0.02732027	0.0152109545	0.057558592	0.050879635	0.061929923	0.014700461	-0.009404192	0.06596483	-0.02745576
0.03641157	-0.033664618	0.04200457	0.042410154	-0.04111596	0.008986791	0.033084303	0.01160587	0.04092894	-0.03053615
-0.018931445	-0.029924786	0.05680039	-0.001558802	0.006544835	-0.03895822	0.006219778	0.050479665	-0.011391993	0.023924734
-0.038597032	0.039682716	-0.022822402	0.029327216	0.016261986	-0.019405982	-0.01799436	0.026649917	-0.032633264	0.045946546
-0.0034501848	0.010471297	-0.005992825	0.0061913314	-0.037352428	-0.06236509	0.04004637	0.05106187	-0.05743676	0.005095634
-0.04655293	-0.05806503	-0.009297659	-0.0064120493	-0.024870792	-0.041384734	0.032815408	0.04429298	-0.058975726	0.016519269
-0.031619187	-0.05559728	-0.02706396	-0.0693555	-0.051966704	-0.019469256	-0.012423087	0.030094158	0.022010673	0.056066293
-0.009118735	0.0619676	-0.014518304	0.06505875	0.05398384	0.03496816	-0.049675785	0.018664652	0.04550856	0.025008377
-0.0007452745	-0.07290068	0.006273143	-0.036658682	-0.025936566	-0.047686107	0.031212976	0.014008462	0.006061083	0.012971624
0.042231858	-0.005076913	-0.0036004065	0.057267938	0.0010246783	0.0011035706	0.01987613	-0.05197845	0.025520524	-0.05564729
-0.016115809	-0.0053622127	0.0118804425	-0.067046866	0.01984287	0.012236191	-0.0032363907	0.06481082	-0.060739752	0.0082879625
0.05482689	-0.004678465	-0.035980046	0.012466634	0.0075199394	0.0070591457	-0.05004646	-0.046444032	0.050001144	-0.014080522
-0.08751132	-0.06894777	0.060375128	-0.07516584	0.00881752	-0.008946974	-0.022509675	0.018467542	-0.032859284	-0.004039772
0.011516622	0.020099055	0.00584389	-0.03989676	-0.0018755457	0.038057648	0.046483446	0.0016417886	0.020625683	-0.028211346
-0.010597206	0.03460458	0.014949726	0.056048326	0.018528646	0.04886774	-0.0009484578	-0.051713884	-0.027161771	-0.04310355
0.027554201	0.08474921	-0.015238036	0.0032509172	-0.0032346619	-0.0024154414	-0.0055242702	0.0038114185	0.08339655	-0.07798116
0.037721287	-0.0047972305	0.05136959	0.04637235	0.044012163	-0.016432961	-0.03148007	0.01225059	0.0045602224	-0.04503124
0.012857444	0.023073528	0.054624893	-0.046749134	-0.02849755	-0.053898316	0.0034742176	0.018515779	-0.043574404	0.06279556
0.010365894	0.039660573	0.0034805576	-0.01768889	0.02471998	0.03981535	-0.02120949	-0.050046295	-0.018773604	-0.046610497
-0.0047685476	0.05486325	0.0041765054	-0.00079570623	0.04421606	0.07944192	-0.035882726	0.018468346	0.0014340203	0.015682498
0.036382556	-0.024672873	0.012820161	-0.0005333388	-0.0042977305	-0.027781166	-0.03119938	0.0031912096	0.019971114	-0.061424132
0.027451135	-0.009187283	0.012673134	0.0029553606	0.041167233	-0.050529297	-0.015460118	0.044227492	-0.044050924	0.00020181811
0.0338416	-0.040516794	-0.013908248	0.033868574	0.03429858	-0.026968667	0.0013531776	-0.030985577	0.0021490713	-0.031057494
0.012892598	0.026110202	-0.05898544	0.006586085	0.05869123	-0.006470482	-0.07703722	-0.013562476	0.07920583	-0.015354886
0.000117699055	0.026629277	0.06742279	-0.00023965136	-0.049625542	-0.039893888	-0.02030413	0.043403324	-0.050237115	-0.0048929555
0.048072718	-0.0148795	-0.0045782025	0.011290481	0.011096304	0.0269709	0.04487205	-0.03742705	0.029512664	-0.050588813
0.0065783006	-0.0035181283	-0.017537663	0.002185814	-0.01217771	-0.03271196	0.027277786	-0.0046832208	-0.038820285	0.027048063
0.0063583027	-0.011713123	0.01047355	-0.060916133	-0.03905143	-0.018943526	0.056376312	0.026207622	-0.08428337	0.08307789
-0.010638989	-0.061408594	0.01004708	-0.003281821	0.01954298	-0.003907198	0.022960896	0.042671815	0.023944223	0.033074375
-0.010134774	-0.0074015325	-0.016752573	0.026645115	0.013826956	-0.05933494	0.038183212	-0.0041160383	-0.038161863	0.035501435
0.022355232	-0.020652527	0.038453605	0.008381389	-0.023043124	-0.046153456	-0.0016164368	-0.011902333	0.029432533	-0.0045315805
-0.016704137	0.035418034	0.018608652	-0.01881424	-0.00379748	-0.011179502	0.025345119	-0.007002852	0.015054219	0.024244843
-0.029961491	0.016183684	-0.006986583	-0.024554905	0.055003818	0.018949436	0.00822865	-0.005135795	-0.023984829	-0.015049411
-0.074269876	-0.05952796	0.006054046	-0.019061323	-0.012495895	-0.0829337	0.0043109693	0.083855845	-0.06303569	0.017382586
-0.020211728	0.017066732	-0.037386633	0.044920843	-0.0038939805	0.030435883	-0.039798044	0.03673637	-0.032382496	0.0145086665
-0.041174546	-0.03358525	-0.014989471	-0.0054316455	0.014303261	0.0025901578	0.035701428	-0.030634414	0.038781468	-0.03924424
0.006556116	-0.004188564	0.002274129	0.028750831	0.042072497	0.04370729	-0.024369242	0.021300014	0.03584939	-0.038259175
0.0046723085	0.013480195	-0.045690577	0.03295244	-0.042152278	-0.034787443	-0.040120274	0.036621206	0.051705662	-0.019582028
-0.020089546	-0.0016589257	-0.062387597	0.039426785	0.051736802	0.012786905	-0.011638105	0.02804562	-0.016518736	0.026088184
-0.04910525	-0.06569031	0.08043115	-0.014176508	-0.051344737	0.010659567	0.06915098	0.005879397	-0.01794032	0.012495512
-0.021726074	-0.040986434	-0.008056294	-0.019567614	-0.014848056	-0.008136237	0.009808837	0.035092097	-0.011062013	-0.042126082
-0.0065006455	0.031728033	0.008368679	-0.046852805	-0.012991177	0.010566132	-0.024869876	0.040723514	-0.007767514	0.008333789
-0.04966768	-0.031589273	0.030156493	-0.027043197	0.043386072	-0.036757514	0.0046522254	0.0014059597	0.03994696	0.005278926
0.027919097	-0.00483677	-0.042269155	-0.001299652	-0.043972414	-0.030975832	-0.009878865	0.046439834	-0.051405095	-0.024295516
0.0067690834	-0.015330633	-0.030049866	0.02423736	-0.0072440943	-0.017201222	-0.034499522	0.0269431	0.011674067	-0.028492166
0.016684495	-0.016964171	0.050187416	0.0006050074	-0.04171885	-0.016283717	0.024737975	-0.02883158	-0.036569066	0.034508813
-0.044898387	-0.03451204	0.051092107	0.00092499325	-0.014951716	-0.030280076	-0.04368234	-0.028574128	-0.010596355	-0.019033149
0.043317653	-0.038102597	-0.04430235	-0.002912041	-0.009625896	0.02390844	-0.03682489	0.03575937	0.015240258	-0.006514582
0.0016665403	-0.0148704415	-0.012978824	-0.027487116	0.019095283	-0.052620273	0.034162227	0.04771407	-0.0048923814	0.06161688
0.021733614	-0.007806272	0.00028692145	0.013544204	0.034802724	0.04012631	-0.011902192	-0.045165144	-0.04309448	0.014368183
0.014098775	0.019445393	-0.04888457	0.019449474	0.048615687	0.016083961	-0.01174442	-0.0011259761	0.06679424	0.026129201
0.032189444	0.019893473	-0.03039014	0.024283148	-0.020508973	0.011601522	0.042366758	-0.041086126	0.05297088	0.028805679
0.0022133705	0.01396356	0.030406471	-0.049113486	-0.019682545	0.01060656	0.044403598	0.014845628	-0.02420686	0.0052521736
0.030582009	0.028202364	0.05239487	0.016918868	-0.058829922	-0.020995425	-0.020680608	0.04433753	-0.05195184	-0.0011067716
-0.042029466	0.022081897	-0.001169803	-0.026267232	-0.007070223	-0.027356924	0.032590177	-0.015783953	-0.018631607	-0.021637406
-0.011171508	0.029326834	0.021019688	0.03059469	-0.04215126	0.035313886	-0.046835624	-0.0044227373	0.031088632	-0.0035013168
-0.004864622	-0.061135206	0.03837762	-0.024735851	-0.057937566	0.020604894	-0.012442547	0.022925695	-0.044345684	-0.023769857
-0.04750886	-0.058068708	0.0898897	-0.07669184	-0.051914457	-0.08629484	0.060022656	-0.00085786305	-0.07692851	0.028869163
-0.010512566	0.018421575	0.0064264406	-0.009890964	-0.027789984	-0.033565294	-0.065987214	0.028892621	-0.02881847	-0.057432506
0.03818287	0.053649563	-0.06452896	0.014853142	0.052024037	-0.025259221	0.00572018	-0.0345929	-0.0020532724	-0.05130497
-0.061505444	-0.048810855	0.06933001	-0.02573975	-0.019053629	-0.011480948	-0.024704114	0.073168546	-0.06273506	0.005287297
0.0017745605	-0.019985735	-0.007288012	0.04963194	-0.030482706	0.045702282	-0.049214415	-0.024344636	-0.03323515	-0.034935042
-0.03248304	-0.027073238	-0.036818553	0.017176438	-0.013438944	0.036531042	0.03170553	0.047278102	0.050690733	0.007108948
-0.022700595	0.014451151	0.009629509	-0.056824617	-0.0022664724	-0.05692163	0.026026495	0.020372394	0.004608137	0.003471145
-0.00013889233	0.010148832	-0.00027398896	-0.025552522	0.017790837	0.06710685	-0.050908774	-0.06892315	0.029064335	-0.044880778
0.07747582	0.041891158	-0.062933296	0.028481252	0.021681223	0.0037189587	-0.044828575	-0.022017004	0.013054628	-0.010957507
0.0011334656	-0.019284992	0.04187373	0.004707917	0.023585023	0.04274858	0.021680348	0.040097207	0.0303188	-0.008039443
-0.0029548528	-0.07275854	0.052141197	-0.013490437	-0.01681379	-0.015715687	0.028310377	0.05573597	0.005098632	0.058545195
0.03997168	-0.017807703	0.027411092	0.003452207	-0.031700473	0.006026235	-0.023942027	0.049704414	0.010493218	0.023119468
-0.00086494634	-0.022565637	0.04873839	-0.056193907	-0.005509813	-0.008736417	-0.016907249	-0.002578346	-0.042064935	0.002953083
0.008269042	-0.021652186	-0.0104254205	0.06153911	-0.026768902	0.04721465	-0.014996042	-0.00016853283	0.03285612	0.017048717
-0.031846512	-0.020450464	0.037325587	-0.001233476	-0.029249681	-0.06872872	0.034102067	0.04046457	-0.025772061	0.039790172
-0.03532959	-0.009399831	0.05607429	-0.07659965	-0.0069842744	-0.079785325	-0.0012065322	0.02698345	-0.08433465	0.06380268
0.02355117	0.03093651	-0.019180411	0.002716271	-0.035617456	0.005671128	-0.028015276	0.035404626	-0.05236281	0.047740653
-0.02743213	-0.020128768	0.010305914	-0.037817612	-0.05620943	-0.032397926	0.029073104	0.017152693	-0.041511685	0.04779837
0.008574121	-0.007423564	0.02970421	-0.011692588	0.04752256	-0.0020078104	0.044071216	-0.00438293	-0.015982289	0.03501604
-0.017303374	0.031508226	0.032179527	-0.051744398	-0.05163051	-0.026564632	-0.014492013	0.012706842	-0.023054766	0.015685963
-0.04664431	0.029117947	0.038212135	-0.04847966	0.017875044	-0.021723414	0.0032826387	0.053143717	0.024259007	0.028680058
-0.035983536	-0.03010701	-0.00241976	0.0110995695	0.034567386	0.0065385583	0.038073406	-0.003357668	-0.012397306	0.008323703
-0.041331727	0.042302705	0.0022889462	0.01732099	-0.042550128	-0.01683582	0.046560008	0.035808392	0.007597773	0.033687122
0.0012379171	0.045035854	0.007208799	0.06433884	0.0400568	-0.0030721782	-0.00822075	-0.010353132	-0.00036805792	-0.038466487
-0.020012267	-0.07950278	-0.014768841	-0.03331837	-0.059151147	-0.021175766	-0.041201618	-0.02120291	-0.008141742	-0.028962726
-0.010390198	-0.03184671	0.040565096	0.05168674	0.026965	-0.004997862	0.013138954	-0.023565711	-0.02229911	0.03540259
0.053070985	0.013845525	0.025481364	0.048634503	0.005860537	0.033978608	-0.01763299	0.014986701	-0.018217957	-0.0027022287
0.035750587	-0.04160684	-0.05193668	-0.014107982	-0.013425247	0.0045032953	-0.008937229	0.022485632	-0.025685553	0.04063219
0.009056167	-0.005031982	0.03407415	0.02298645	0.0037048138	-0.019787863	-0.019953294	0.010981638	-0.035361815	-0.010647337
0.06305394	0.030822298	-0.0008831073	0.019915204	-0.019400267	0.033369783	-0.06264755	0.010414786	0.040384907	-0.02208084
-0.041644223	-0.03215623	-0.04411323	0.022057474	-0.04242356	-0.028358044	0.03692824	0.028467547	0.02305761	-0.050808616
-0.032328755	0.024436997	0.026257912	0.005956556	0.04698491	0.020513594	0.013056411	0.035581477	0.051127404	-0.04945396
0.008579874	0.011717777	-0.008347733	0.014851008	-0.0072402027	-2.2858832e-05	-0.020463025	-0.018668855	-0.007072347	-0.015582021
-0.009553531	0.006036134	0.008221658	-0.00726338	-0.025438609	-0.00054151163	0.0024241272	0.025709257	0.026414102	0.0035788435
-0.039238457	0.0019870538	0.06905225	-0.0045288047	-0.029204454	-0.009268226	-0.011826177	0.06818128	0.015757011	-0.008464785
0.016844323	0.006576686	0.0012616388	-0.0082121845	0.024151532	0.023121387	-0.033914015	0.04907893	-0.058382437	-0.010445979
0.013879881	0.047443874	0.018458514	-0.040661134	-0.0075764	0.032925222	-0.046614006	-0.032523096	0.018310692	-0.044566173
-0.05249381	-0.021125074	-0.03187731	-0.052410737	-0.028678078	0.033914477	-0.022813661	0.035454363	0.0016472358	0.03210118
-0.005977026	0.01802464	0.05690241	-0.029258506	0.01582091	0.0037620468	-0.0067057097	-0.006949868	0.031019708	0.011201807
-0.030290302	-0.08078779	0.045844052	-0.0009095813	-0.066988386	-0.07640331	0.007088759	0.05763814	-0.040576726	0.002637722
0.03686279	0.031683613	-0.0740691	-0.003968323	0.042168435	-0.007913306	0.008546246	-0.010370613	0.0045439634	-0.051911358
-0.028429454	-0.03339757	0.057648335	-0.020047814	-0.027563643	-0.01458073	0.01187018	0.055567652	-0.033265922	0.057231214
0.03992507	0.046291552	0.025850559	0.0057126936	0.05660142	0.018587237	0.0036164916	-0.02414339	-0.011453439	0.0072120847
-0.07249019	-0.033154134	0.08334499	-0.085139245	0.0029465263	-0.0102813635	0.05225716	0.0708225	-0.05137218	0.004755902
0.019554103	-0.038322028	-0.0053878357	0.06251612	-0.024854342	0.007859847	-0.007409131	-0.03203381	0.055526357	0.000935314
0.006116858	0.039218437	0.036111113	-0.010083335	0.033543084	0.051644094	0.046635024	-0.056107532	-0.03036915	-0.035752326
-0.056447953	-0.025746452	0.0044412543	-0.023479655	-0.0700852	0.003530753	-0.012841502	0.05576166	-0.042202804	0.035291206
0.0030849832	0.017436678	-0.022546312	-0.06215569	-0.033842523	-0.01352041	-0.016580539	0.016642084	-0.0059589925	-0.00841158
-0.06829462	0.013767411	0.01992258	-0.06516291	-0.03768651	0.017543597	-0.009320954	0.026237084	-0.0740991	0.041800812
0.010819332	0.02838031	0.04890039	-0.03402783	-0.03223294	-0.056234643	0.020014696	-0.014966169	-0.052319255	0.035056017
-0.07058216	-0.0083540315	-0.0017470061	0.0051482352	0.0068187965	-0.02496668	0.0005495617	0.07315508	0.005539066	-0.007937573
0.025625223	0.0046316055	-0.030285448	-0.0046716253	0.00030944817	0.03915907	-0.061798688	-0.046169367	0.03647881	-0.03478896
-0.033394825	0.03582549	0.027573409	0.008524822	-0.05353297	-0.015591666	-0.029465808	-0.00829875	-0.055684738	0.013443609
0.0276889	0.022062	0.00046567875	-0.044228014	-0.008739887	-0.063682914	0.0053201155	0.02355948	-0.056344163	-0.03737665
0.020764204	0.009920908	-0.016027173	-0.004484463	-0.014855361	0.051470023	0.0060645384	-0.00405589	0.049700998	-0.023216764
0.031618353	0.017498646	0.033345595	0.04258173	-0.0011563125	0.059092417	-0.020594578	-0.02959689	0.04169367	-0.026290305
0.004128785	0.00885252	0.011043552	0.0045053763	-0.022443641	0.043660738	-0.013409515	0.02905905	-0.020801725	-0.044466164
0.004790712	0.03661644	0.010139588	-0.017466195	0.038518757	0.07029061	0.025006974	-0.07348851	0.03626263	-0.0077930307
0.049855262	-0.02037929	-0.009532183	0.010825172	0.066990525	0.023063067	-0.060284127	0.0016590325	0.006972876	-0.026259027
0.033456344	0.01974568	-0.010517985	-0.025889099	0.02158664	0.030364744	-0.04757516	-0.014811461	-0.010442711	-0.038677797
0.06063726	0.019403005	-0.024978315	0.015278324	0.05540815	-0.00487941	-0.00771571	-0.05259713	0.053800475	0.0079019675
0.035296932	-0.0105819255	0.010148401	0.031277083	0.011423676	-0.020615373	-0.004513285	0.02841582	0.022890588	0.029224867
-0.008102429	0.047388792	-0.058322467	-0.021895962	-0.005708256	0.024376616	-0.049580224	-0.003622725	-0.018872323	0.004378624
-0.00881237	-0.040745664	0.04116413	0.032359734	-0.00053076545	-0.028342463	0.020513536	-0.054972313	-0.032632656	-0.04720477
0.03608059	-0.032439277	-0.0083165	-0.025402267	-0.023591083	0.03291712	0.003356202	-0.03492836	0.005989211	0.007878053
-0.00010778822	-0.04790968	0.080222234	-0.00349175	-0.06005348	0.00641079	0.04739088	0.07137698	0.0047118855	0.0006117001
-0.00013707874	-0.018830236	-0.008389857	-0.037988536	-0.044819556	0.016631512	-0.04394944	-0.020004794	0.0049252827	-0.042359136
-0.0050569954	0.0447413	-0.01653109	-0.041713513	-0.005154993	-0.02053782	0.015774352	0.0043330058	0.010623818	-0.035311334
0.03642745	-0.0045921193	0.012612594	0.032016456	0.053429697	0.039133344	0.026688118	-0.052846465	0.01810565	-0.015706198
0.02017915	-0.032934677	0.0010603775	-0.051601656	-0.008828406	0.0059829946	-0.008794618	0.037607457	-0.00738733	0.016024562
0.06632597	0.028317308	0.009780031	-0.015173783	-0.020012243	0.03656849	0.01671796	0.0024114014	0.038354293	-0.017156985
-0.008170026	-0.02965706	-0.026439158	-0.002175533	-0.051613186	-0.0030291292	0.013395906	-0.027327664	-0.011534792	0.030759448
0.032137323	-0.046971977	0.04197862	-0.027693914	-0.021996934	0.037616823	0.030922938	0.024157675	0.028116323	0.02366708
-0.030955777	0.013440967	-0.05080528	0.038433786	-0.032472894	-0.035574835	-0.0059439107	0.017431617	-0.010840474	0.002545397
-0.024012405	0.034552664	-0.008929304	-0.00064607186	0.015093508	0.05364883	-0.047216754	-0.020992862	-0.016493702	-0.03050925
-0.015612888	-0.03050122	-0.039643522	0.00076719606	0.016546922	0.0014117924	-0.03927574	0.021186724	0.027746558	0.023237495
0.002208729	-0.00990035	-0.028312923	0.0026188267	0.01478619	0.036360256	-0.019217052	-0.043964088	0.06052138	-0.054533135
0.051132854	-0.026551103	-0.041506775	-0.026050542	0.019838141	0.059304755	-0.053173285	-0.011640499	0.0029497403	0.012298009
0.012628975	0.04779807	-0.029118124	-0.026858922	0.0010454686	0.047619835	0.0036277226	0.020555088	0.007340069	0.04983229
-0.011960501	0.041930236	-0.015498545	-0.03320243	-0.03637409	-0.047698908	0.050321348	0.04923312	-0.029911269	-0.030105261
0.03328854	0.04145193	7.8560015e-06	0.04432386	0.01690007	0.03706624	-0.058482222	-0.006444519	0.018178403	-0.04079444
0.0016896434	0.008852822	0.010757224	0.045712836	0.058085013	-0.03125891	0.017696826	-0.02927169	-0.007897226	-0.04653825
-0.012476035	0.023161372	-0.039295454	-0.008410843	0.0072235498	0.017709438	-0.0168989	0.026218759	0.017859638	-0.0065410505
0.007341522	0.022967387	-0.02455515	-0.016986234	0.009578046	-0.05182966	0.022258334	0.046065994	-0.048459373	-0.00733412
-0.04248345	0.0026775294	0.032018304	0.0057671345	0.0064686127	0.040928252	0.02349662	-0.007766284	-0.009389488	-0.03851414
0.03205256	-0.012213216	0.036297675	-0.010925827	0.01400079	-0.011853717	-0.045666754	0.010806115	0.027019897	-0.037813965
0.014427212	-0.0035495164	-0.058229525	-0.002899885	0.027398031	0.05028784	0.009919553	-0.032581042	0.071874715	-0.029421506
-0.0067531234	-0.04539201	-0.03784321	-0.04481555	0.02199937	-0.037565198	-0.03724202	-0.044367965	0.047123067	0.01709086
-0.027925787	-0.026333565	-0.0048585883	-0.049256813	-0.015120237	0.01203423	-0.015416712	0.050606757	0.0029644803	0.039905205
0.0031591447	0.0067992355	-0.0075735995	-0.06251455	0.020412114	0.017822769	-0.004265217	0.041342672	-0.054496188	-0.007391313
0.013617959	-0.0071044527	-0.012021552	0.011026836	-0.004241641	-0.021830978	-0.024595557	0.0194921	0.0056599528	-0.0358618
-0.027425928	0.026162792	0.024622964	0.009591199	-0.012485974	-0.010638776	0.0013561186	0.027374504	0.020113394	-0.02785847
-0.017470691	-0.026453689	-0.04271979	0.0072959713	-0.015093541	0.013597372	-0.04628977	0.032066777	-0.043568335	0.04568676
0.06488403	0.071433485	-0.043026965	0.0051583084	-0.016303925	0.07081594	0.014480746	-0.056773145	0.06582505	-0.021506757
-0.029001698	0.02433576	-0.005705335	0.02063172	-0.036418878	-0.051158793	-0.021680351	0.025602426	0.014026347	0.041745305
-0.005926647	-0.037335765	-0.026075236	-0.037275657	-0.002554197	0.04986628	-0.04383496	-0.016561955	-0.041563395	-0.0010128871
-0.02137966	-0.014177796	0.02586519	0.019641073	0.028814878	0.021469794	0.052675627	-0.009257696	0.032454908	0.037110772
-0.02669374	0.028257148	-0.02468467	0.011332151	-0.026162056	0.013481904	0.027409207	-0.008417313	0.011064197	0.004340703
-0.0043430123	0.03520655	-0.039578766	-0.007358148	0.0067880405	-0.023860937	0.002167951	-0.016194291	0.04935044	0.004680334
-0.0023625633	-0.032908108	-0.0006696764	-0.008720613	0.026015231	0.007130974	0.020338003	0.015744723	0.020575512	0.020121422
0.028327363	0.021221578	0.020461828	0.009562594	0.024284944	0.011639068	-0.022737626	0.03726729	-0.04604932	0.031884093
-0.020602074	0.02726368	-0.017632341	-0.036441315	0.04445966	0.0026555094	0.044300754	-0.019239418	0.040266488	-0.026484417
-0.017097663	0.0034856289	-0.024045134	0.03590493	0.051175438	-0.004109103	-0.0590164	-0.048271418	-0.016208755	-0.02184056
0.040716764	-0.020950597	0.0319	0.049837478	0.023324823	0.036177225	0.007828883	-0.03976929	0.02257804	-0.05569108
-0.01749839	-0.052630644	0.06241511	-0.051832978	-0.038424436	-0.06966164	-0.016561305	-0.006316561	0.02650204	-0.02291168
-0.079526626	-0.0051174015	0.091430575	-0.005173188	0.0032746755	-0.012694032	0.060672626	0.027817944	-0.042787325	0.046937354
0.017207649	-0.039384983	0.03164138	-0.046417926	-0.021406451	-0.018602572	0.011764936	0.018726123	-0.011162847	-0.044624854
0.028896343	0.008056458	0.039912473	0.0023834263	-0.016124502	-0.04763308	-0.029856993	0.015127836	-0.013431213	0.01652746
0.00059537374	-0.027861714	0.018344646	-0.031003946	-0.026279127	0.045940068	-0.05194559	-0.051853828	0.045017976	0.022247305
0.0055262167	-0.0109875025	-0.04197261	0.030515669	0.020861596	0.015513106	-0.037818775	-0.013284534	0.022778165	-0.038241483
-0.0006931226	-0.012336571	0.00318935	-0.0047566616	0.0056829285	-0.014258554	-0.019358678	0.01667129	0.0034291341	0.058875572
0.060468882	0.062949225	-0.056944124	-0.00659735	0.03538537	0.059606474	-0.043451656	-0.032320894	0.04816216	-0.011070702
0.043646924	0.056763187	-0.017927825	0.036061816	0.0058497377	0.056392815	0.040382456	0.011881087	0.024678268	0.045007907
0.004619071	-0.01676078	-0.065244816	-0.013250149	-0.0088915	0.00479415	-0.043679297	0.0013798593	0.018225143	-0.037919573
0.018114995	0.016522018	0.009753167	-0.038661238	0.03876761	-0.023277923	-0.0031214159	0.03599148	0.008485391	-0.02239574
0.03710915	-0.031679045	-0.010835739	-0.0061110584	0.0047063315	-0.044546764	-0.007940276	-0.0100986855	-0.042322956	-0.0085794395
0.020616697	0.006617137	-0.00968123	-0.057471674	-0.023419052	-0.05768177	0.05717159	0.068470605	-0.019361498	0.0038980227
0.029632837	0.028381078	0.012895488	0.029205281	-0.041925285	0.010188883	-0.04897174	0.008911323	0.0093217045	0.01575565
-0.012280671	0.018936297	0.047078814	-0.014723182	0.0055603893	0.012083265	0.025970548	0.01035171	-0.022041535	0.055581827
0.0036130163	-0.02780836	0.020332912	-0.04322653	-0.04176675	-0.039730057	0.02143772	-0.01012027	0.027001943	-0.028120952
-0.020635676	0.008345269	-0.024832955	0.02450164	-0.0239996	-0.035553094	-0.01392964	-0.0034121824	-0.008799907	-0.00557933
-0.028262164	0.048192985	0.031904146	0.0044275536	-0.021165406	-0.0012249592	0.0031864592	0.03377964	-0.03692155	-0.021262879
0.015391437	0.030695003	0.03362896	-0.042304598	0.021897797	0.05088404	-0.039055318	0.02029409	-0.042186867	-0.037593484
0.0013928114	-0.0018761078	0.011504098	-0.025387077	-0.0389908	-0.09240945	0.055102978	0.08083649	0.0025344193	0.029724218
-0.034391575	-0.04701856	-0.0042104255	-0.05590977	-0.04925579	-0.030566188	0.023059985	-0.028673105	0.011022063	0.0113451285
0.036960512	0.014436703	-0.03697125	0.039101265	0.037003603	0.0040225927	0.024003142	0.013179735	0.003253701	-0.041980557
-0.02177763	0.016810436	-0.02028999	0.0030386692	0.008355755	0.0009785963	-0.04437036	-0.046228763	-0.012496054	-0.005809612
-0.027837396	-0.017888706	0.0115354	0.0066083334	-0.0151826	-0.0107363565	0.048651867	0.04600787	-0.00090404414	-0.043493323
0.013369002	-0.019261174	-0.05734755	-0.02345111	-0.027414653	0.03140139	-0.044201355	-0.0015654478	0.025050992	-0.01079029
-0.031889662	0.036976505	-0.026584005	0.05270333	-0.02701601	-0.036085885	-0.04268725	-0.008947194	-0.03926426	-0.02068667
0.0020644427	-0.004102782	0.056542113	-0.066599086	-0.03605494	-0.024476554	0.024592133	-0.02582579	0.021778952	0.013486136
-0.012143815	-0.046434958	0.04192291	0.022541543	-0.0016330768	-0.05133005	0.042882863	-0.027323304	0.00077430025	0.02283634
0.056198556	0.0037757596	-6.9838105e-05	0.024422318	0.015921813	0.046412263	-0.06636339	0.021513902	-0.006505717	-0.025851171
-0.05750153	-0.009556721	0.026251798	-0.04557436	-0.060561102	-0.008433021	0.051735055	-0.005026739	-0.053557124	0.012690468
-0.018489748	0.0053647296	-0.011954432	0.032480095	0.011479398	-0.010941417	-0.02667746	0.024214005	-0.014963804	-0.048581503
-0.014174292	-0.03887334	0.04788103	-0.051798176	0.029347304	0.03496068	0.031922292	-0.03607917	-0.048520826	-0.041799814
-0.036979776	-0.05034636	0.031507075	-0.042914923	0.023645617	-0.043273255	0.014006202	0.03358727	-0.0140464045	-0.011435135
0.025983945	-0.01547689	0.038423844	0.014795836	-0.031594723	0.022587482	0.04555114	-0.023643794	0.028393913	-0.0031819867
-0.054307546	-0.0062482045	0.009179149	0.03112405	0.020484708	-0.0033973914	-0.028115751	0.024585608	0.018325267	0.03714151
0.012405986	-0.019220147	0.024260934	-0.023665637	0.04476081	0.029207889	-0.022104183	-0.0015486063	-0.011552102	0.02697961
0.003215181	-0.0010876255	-0.01849251	0.027432492	0.07228089	0.012212221	-0.02739274	-0.016819581	0.08121987	0.00712962
-0.019249959	0.018933397	0.028679598	-0.019943157	0.025313322	-0.041654367	-0.027718805	-0.020916939	-0.0119399205	0.003943763
-0.03436674	0.046478003	0.0007742739	0.049114004	0.035491433	0.048993893	0.023148578	-0.004097629	-0.029262803	-0.053242505
-0.022449363	-0.005985007	0.045910545	-0.06250757	-0.004163659	0.003666969	0.057948135	0.034319058	-0.053544797	0.060080893
-0.017497525	-0.021963878	-0.043593522	0.026452135	-0.042619754	-0.023665085	0.019082198	-0.027207408	-0.028809767	-0.03177892
-0.018928375	0.012175696	-0.0043714363	-0.018522961	0.014312008	0.04552587	0.04183131	0.029933203	-0.031347807	-0.026070032
0.0019360074	-0.0118112955	-0.029967334	0.0039341333	0.011547104	-0.03364299	-0.031044105	0.004516793	-0.047475807	0.030765481
-0.04506401	-0.008096817	-0.02127269	-0.0049183965	0.023839807	-0.007554642	-0.030918898	0.046487413	-0.023010787	-0.032651592
0.055422403	-0.021468828	0.0082700765	0.064799674	-0.013251592	0.041703098	0.024855662	-0.055855397	0.013557019	-0.0015198545
-0.086691596	-0.036658086	0.029703606	-0.05052869	-0.05969317	-0.051920313	0.013613748	0.018228235	-0.010066721	-0.0063723107
-0.05530186	-0.07884306	0.049811825	-0.03915098	-0.03867476	-0.043425962	0.012818175	0.019763112	-0.040703144	0.032983713
-0.03674744	-0.050934862	0.020832658	0.0145442635	0.03213523	-0.0261789	-0.03164392	0.014919954	-0.015916573	0.043185636
0.023301492	-0.053091574	-0.031991746	0.01526951	0.022254338	-0.060515314	-0.024451697	-0.0015566302	-0.03721016	0.045489665
-0.021092013	-0.0023203897	0.044959612	-0.018262425	-0.009424602	-0.04390586	-0.0018658453	0.0060581462	0.03439615	-0.024375169
0.023987066	-0.020247743	-0.0017548004	-0.007395389	-0.061167624	-0.018830432	-0.0173081	0.04511352	0.020529509	-0.0075893123
-0.011389566	-0.009984751	0.052750267	-0.04069906	-0.051409848	-0.020442955	0.053867307	0.06469873	-9.536963e-05	0.01690275
0.010542558	0.06158939	-0.003935416	-0.013681196	-0.016338766	0.0046848534	0.027860545	0.0012320697	-0.019304845	-0.046132695
-0.027840137	0.004631428	-0.04658603	-0.023278145	0.06471393	0.025089856	0.010683083	-0.04287554	0.010882193	0.01548724
-0.060667355	-0.02336899	-0.0060281185	0.009157565	0.0026164057	-0.034977175	0.047468524	0.027337955	-0.013853735	-0.036321733
-0.0026817361	-0.025658969	0.0022927048	0.025227224	0.023350598	-0.013219749	0.041081652	-0.025529156	0.018910186	-0.031910356
-0.0009410936	-0.011707193	0.018366804	0.020860655	0.03891884	0.00304052	0.039884076	-0.039820764	-0.042456686	-0.03835327
0.009551995	0.04059253	-0.017820137	-0.01240078	0.032779016	0.04958126	-0.015814831	-0.006730099	0.035612255	-0.046497356
0.05327806	0.044575788	-0.0678234	-0.005016121	0.0007269431	0.0070920456	-0.025880199	-0.04772081	-0.0038458223	0.0038854636
0.014884359	0.0049397317	-0.025893232	-0.0117212245	-0.031354956	0.008977339	0.0007703272	0.025166282	0.014550268	0.032126524
0.0067081028	0.012801673	-0.00499285	-0.054636914	-0.065789334	-0.057169378	-0.024788849	0.027382918	-0.048691686	-0.002144576
0.06800794	0.058415778	0.0057794615	0.079905465	-0.007886531	0.059789628	-0.06492268	-0.07878344	0.07482276	-0.0015043492
-0.014254025	0.014281627	0.03182685	0.0048760613	0.028000422	0.012993108	-0.047250204	-0.0202509	-0.026537977	-0.0062966677
0.031617615	0.07504514	0.013414683	0.007926624	0.014215377	-0.01602523	-0.024181351	0.004982241	-0.00077652733	-0.047358822
-0.04929276	0.005783232	0.0033269946	0.002823283	-0.051287916	-0.023339828	0.00028866396	0.04721051	0.010989497	0.040028773
0.02388556	0.0128727155	0.050146934	-0.07280795	-0.0635321	0.018454755	0.003826067	-0.026129708	-0.016175706	0.037819322
-0.021693261	0.005063544	-0.022845723	0.027068876	-0.02954203	0.046150643	-0.035047334	-0.011227473	-0.003395526	-0.010242558
0.039736837	0.030176379	-0.010901082	-0.027835656	-0.018106282	0.014594912	0.02909564	-0.042609677	0.048910696	-0.03805573
-0.02646902	-0.07985572	-0.005101068	-0.026982153	-0.07450068	-0.049955115	0.07250099	0.029562026	-0.047404908	0.075415544
-0.0026394427	-0.0010546707	0.049910117	0.010392954	0.0071403305	-0.06537203	-0.003179458	0.07141415	-0.02355613	-0.012839256
0.03885624	-0.01813047	-0.037352394	0.046544038	0.025541201	0.03703362	-0.02019412	0.025882067	0.01365985	0.01186339
0.029775877	-0.0017271673	0.009267776	0.022625627	0.02111236	0.039653722	-0.023733754	0.013322121	0.0037031851	-0.034156736
-0.033546656	-0.048045024	0.08634801	-0.053721476	-0.054652747	-0.0009158414	-0.021229452	0.07252757	0.0034232407	-0.0044643544
-0.03614575	-0.00744764	0.042478446	-0.023015287	0.00027042054	-0.026479958	0.022225257	-0.0376951	0.0052505834	0.04656294
-0.057869222	-0.058582257	0.0064196917	0.007698995	0.01605142	0.028850155	-0.0046370286	0.0654801	0.00017217785	-0.021358082
-0.0029342521	-0.012945939	-0.033598453	0.03941759	-0.030880583	-0.02420062	0.035728194	0.0056855376	-0.03251218	0.007682178
-0.032278612	0.0046175616	-0.014492459	0.06461917	0.006314316	-0.027732244	-0.020114275	-0.051308878	0.06256357	0.025263628
0.044485386	-0.030440656	0.0177027	0.01772857	0.056523386	5.0544804e-05	-0.028509349	-0.029066067	0.008036288	-0.040073108
-0.014613416	0.025341101	0.013453569	-0.059801284	0.027056333	-0.06577717	0.020357322	0.02579186	0.010616676	0.02988895
0.016261816	0.0072781225	0.062147897	-0.000974889	0.0068008043	-0.059231326	-0.010979908	0.010142666	-0.029897274	0.051023535
-0.02215112	0.036122132	0.028820986	-0.031247668	0.007608313	-0.03386844	-0.0308859	-0.033280697	-0.041118525	0.0066026156
0.003277479	-0.019635126	-0.042936243	0.027680228	-0.014934083	0.0064813984	-0.002345664	-0.0074521448	-0.018434675	0.025380554
0.058266044	0.023119895	-0.018682845	0.03412467	0.041616682	0.04056043	-0.0270693	-0.02465056	0.05668738	-0.06262592
-0.0068615014	-0.007266243	-0.027251774	0.053074196	0.07808784	0.017545847	-0.071241744	-0.02741721	0.057714213	-0.065838516
-0.05024276	-0.015249102	0.03518729	-0.008290497	-0.012985304	0.014130638	-0.009689244	0.057688605	-0.0019792323	0.04444367
-0.022108182	0.022350028	0.020721273	0.0014015222	-0.0076306826	0.03379643	-7.056355e-05	-0.010708103	-0.049723405	-0.010312353
0.06972883	0.054891393	-0.049478456	0.020049477	0.04723944	0.010000913	-0.03151729	-0.06468215	0.05432868	0.010009391
0.06865549	-0.018415598	-0.02779552	0.03351593	-0.0036268958	0.023863923	0.02694462	0.004601086	0.054463945	-0.06683762
0.047833636	-0.030306438	0.032610457	0.006728266	0.027706934	0.021766704	-0.060559127	-0.0330145	0.0056575565	0.017039586
-0.038720828	0.012367124	0.015298011	-0.023926426	0.02640027	-0.027341124	0.055871535	0.017255414	-0.029691484	0.004772601
-0.031397406	0.014295789	0.055727277	0.014296449	0.019447435	0.01482081	0.060022112	0.025752325	0.0037442758	0.031439696
-0.014492215	0.018642804	-0.047876794	0.036379956	0.057671424	0.031628404	-0.03279176	-0.061985638	0.056614242	-0.027274357
-0.026118878	-0.06570573	0.084024146	-0.043789014	-0.06358411	-0.05301389	-0.01437492	0.056114644	-0.07926278	0.028784676
-0.067436725	-0.08860791	0.07432401	-0.025491837	-0.0673792	-0.00062639045	0.08408034	0.017300306	-0.091601804	-0.0052876296
0.034170207	-0.052080184	0.026278565	-0.04429813	0.016674336	-0.02651924	-0.018131314	0.009148223	-0.058417346	0.05138179
-0.028669482	-0.073029004	0.06857797	-0.056137025	-0.054314464	-0.041826822	0.057011664	0.037197396	-0.07308433	0.009435956
-0.036262635	0.033271644	-0.02766829	-0.038508933	0.03327872	0.010835631	0.041140795	0.004685873	0.03132533	-0.010358489
0.030718347	0.03873388	0.028485477	-0.015350024	0.018882824	-0.03805578	-0.00082546606	0.03946149	0.018987909	0.02043169
0.07299299	-0.019969413	0.01162771	-0.0068808896	-0.017154166	0.03432045	-0.013507787	0.0077485726	0.06097656	-0.03469186
0.009948461	0.029155184	-0.04709819	-0.015919339	0.049624667	-0.0073257657	-0.0529988	-0.044526856	0.06705925	-0.060012195
-0.051455908	0.029084146	0.034237523	-0.035747875	-0.036561087	-0.034988135	0.013200071	-0.019893022	-0.04599591	0.0405433
-0.05974383	-0.005109104	0.046313707	0.027022265	0.028078938	-0.022761628	-0.047922205	0.045054905	0.0049587004	0.017392764
0.055020608	-0.0365634	-0.034238156	0.03717822	0.02074581	-0.009049463	0.007094574	0.035164323	-0.028133918	0.034053076
-0.028824609	-0.014665046	-0.008318468	-0.028368691	-0.07299186	0.003069732	0.000821932	0.029496979	-0.03980946	0.008467622
0.034449015	0.05940923	-0.0018345959	0.041159622	-0.03658952	0.029628646	-0.02855898	-0.02995251	-0.0338819	-0.027205747
0.026181836	0.028686715	-0.021569267	0.019349184	-0.030472577	-0.04275378	0.035094306	0.007316781	0.04326646	0.021490388
0.053240813	0.052934177	-0.0021300295	0.028192919	-0.038277663	0.021712298	-0.0071505117	0.016805816	0.0057701226	0.0303698
-0.0015310383	0.040967025	0.007500355	0.049765237	-0.027923062	0.032051217	-0.03879894	-0.0065793544	0.026818408	0.016071644
-0.039072417	-0.048490196	0.028332645	-0.06658469	0.029167132	-0.05739672	-0.038489975	0.043226272	0.029814513	0.030016141
-0.01891482	0.03434481	0.02481096	0.016934453	0.032006986	0.014272787	-0.032005195	-0.005218757	0.025448577	-0.025777815
-0.053626366	0.013726874	0.022493213	-0.01847661	-0.046609193	-0.0029460967	-0.01651685	0.037016347	-0.06040899	-0.0090323575
-0.039592076	-0.049930543	-0.04098736	0.033892024	-0.0054160883	-0.034439985	0.007859602	0.010649952	0.026337266	-0.012087009
-0.031271968	0.00887334	-0.021458365	0.0042862385	-0.03581849	-0.001904431	0.019185279	-0.016683191	-0.06200285	0.046656698
-0.02161248	0.036239244	0.030558052	-0.009309512	-0.020413205	-0.0052226135	-0.04240953	0.03256191	-0.024422597	0.019380115
-0.042021785	-0.0017816615	0.055035718	-0.002274577	-0.0042435434	-0.053027105	-0.049972318	0.033753417	0.029608307	0.01262099
0.017494908	0.008801898	0.05238176	0.02964464	0.022323152	-0.059590574	-0.029962076	0.05624772	-0.06184126	-0.038608033
0.025227707	0.027263535	-0.021288933	0.02296128	0.035019048	0.020138523	0.023425356	0.042329956	0.03796887	-0.018946031
0.0054737814	-0.05872223	0.0042966143	0.012650803	0.01291607	-0.01883646	-0.048697874	0.04092903	0.025783679	0.003034939
0.04140394	-0.023273636	-0.05973411	0.011949688	0.061589364	0.018482992	-0.038449645	-0.023667566	0.04577786	-0.013183072
-0.016617676	0.0015624843	0.0069259116	-0.04355551	0.019981652	-0.043093078	0.03675696	-0.029752096	-0.010199184	-0.0029510092
0.021763863	0.049301334	-0.051410306	-0.00826282	0.040990006	0.059209887	0.025074683	0.030938126	0.04502698	-0.050357226
-0.015333854	-0.01534748	0.08141931	-0.04135725	0.0044522993	-0.001558765	-0.004485038	0.0003377037	0.015023579	0.06921009
0.039415736	-0.013828524	-0.00145318	0.028039254	-0.036243256	-0.037502084	0.03284617	-0.0012283687	0.048115842	0.009270389
0.021516168	0.018590843	0.006217717	0.0010493373	-0.0067918063	-0.044830535	-0.015357752	-0.0009485489	-0.023826947	-0.022829797
-0.029779313	-0.051584393	0.06750551	-0.038498588	-0.051779665	-0.028118407	0.011228551	0.0006102575	0.007298715	0.052599315
0.02991783	0.036060896	-0.0065491423	-0.039703175	0.041663896	-0.024521558	-0.037317906	-0.034122173	-0.008519439	0.01741046
0.053181462	-0.013921908	-0.0008418366	-0.02015512	0.05619928	0.0064047324	-0.05517096	0.006099725	0.0059582205	0.02731461
-0.011009863	-0.007033386	-0.032726005	0.030178536	-0.012837469	0.014039562	0.015316202	-0.023849655	0.017399227	0.024834706
0.026990531	0.012089954	0.049233153	-0.007240062	0.038187787	0.028441204	-0.016773054	0.0054450077	0.0031301775	-0.0064320704
0.00742734	-0.029851511	-0.030776482	0.01881198	0.049704727	0.011879105	0.0058354666	-0.0179243	0.030226367	-0.016172523
0.012520091	-0.0153829735	-0.009994688	0.07301571	0.03441904	0.0598042	0.001454798	-0.061314426	0.029811867	-0.028345535
0.013348387	0.002277533	-0.00043429006	0.02110752	0.043991614	0.036376826	0.009232872	-0.017632393	-0.015930079	-0.029365461
0.0054670568	-0.007995201	-0.025250232	0.02307678	-0.0453049	-0.01021236	-0.0060454304	-0.031378828	-0.0653608	-0.029640378
0.048553478	0.027276216	0.025453286	0.035835348	0.059867915	-0.009833704	-0.0002857213	0.03767849	-0.0372915	-0.02961696
0.036504894	-0.04163171	-0.02767102	0.028374752	-0.010334164	0.010931889	0.009651125	0.020611865	0.013229831	0.044767957
-0.013985279	0.020122405	0.03841198	-0.04174217	-0.044236742	-0.0138523225	0.054498076	0.031768743	-0.03637576	0.0107573755
0.07497962	-0.0049979426	0.018517526	-0.0021328386	0.038265042	0.078131095	-0.022960376	-0.035641644	0.019500349	-0.031611387
0.010652565	-0.016861258	0.00975906	0.041855056	-0.021435656	0.009808234	-0.031761765	-0.046877805	0.0073835454	0.026986279
-0.030909603	0.01570613	-0.012547815	-0.06820785	-0.036199145	-0.06673557	0.066165045	-0.00772206	-0.068737194	-0.0015711881
0.008972897	-0.023373142	-0.012278642	-0.03219299	0.015190267	0.031974256	-0.04726916	-0.01621273	0.004561634	-0.038508803
-0.03928489	0.026310606	-0.052819654	-0.0028860918	0.0295113	0.04759952	-0.036992636	0.023052638	0.039317407	-0.011767587
0.061854247	0.009731626	-0.019418808	-0.0010803866	0.0043737227	0.025783392	-0.03870127	0.03314589	-0.033273887	0.020203447
-0.011033784	0.019397752	-0.06005528	0.059154466	0.04577692	0.071142	-0.069012016	0.015998205	0.049102586	-0.012485557
-0.0103517845	-0.027401123	0.03323425	-0.028784594	-0.082288705	-0.060493935	0.038181074	0.0013080377	-0.016651127	0.037610967
0.0394258	-0.04172259	-0.053387042	0.032755926	-0.036908023	-0.006842503	0.04341764	-0.002402803	0.00766942	0.0386522
0.06735697	0.042711735	-0.066057526	0.042569853	0.018393401	0.011614777	0.029005842	-0.08060746	0.04445805	-0.06099939
0.017498517	0.029259942	0.0014185072	0.05727023	0.029376803	0.060376637	-0.041299842	-0.08180214	0.054453254	-0.07906342
-0.049224935	0.014390803	-0.009433264	-0.049873948	-0.006862882	0.015351014	0.0561921	0.00069467665	0.012859789	0.028468138
-0.040874574	0.03598657	-0.008711442	0.020450793	-0.037659664	0.03227229	0.04063356	0.041485872	0.020821204	0.033574462
-0.007093077	0.010876951	-0.027607864	-0.026343103	-0.043430667	0.02330152	0.009481512	0.034101464	-0.041820236	-0.027253862
-0.056158114	-0.06873481	0.018594112	-0.024762651	0.018951902	-0.039284833	-0.011638585	0.02815045	-0.011682585	0.009150536
-0.03560771	-0.044069327	0.08030297	-0.022176845	-0.026609767	-0.051935818	0.013293771	0.048101027	0.0068529285	0.070240594
-0.0012224042	0.035388812	0.017160248	0.018941125	0.036885023	0.0039663515	0.017907193	0.0099629825	0.04206158	-0.030696744
-0.030496668	0.023680592	0.027840087	-0.04769876	0.03219416	-0.0028568364	0.02498378	-0.0059902044	-0.03367119	0.008357044
-0.024073089	0.044059593	0.025534557	-0.02977299	-0.04387287	0.019486384	0.0153374225	-0.012213652	-0.036871932	0.029491995
-0.027232511	-0.02176358	-0.04476919	0.040562123	-0.044144314	-0.019406633	0.0005028232	-0.008206682	-0.015365058	0.0151116345
0.02742475	0.0042284955	0.05772559	-0.025467727	-0.013140382	0.030924138	0.010657842	0.009010828	0.022228025	0.055033606
-0.050711792	-0.04025237	0.059152305	-0.016851027	-0.04242958	-0.048494544	-0.019155165	0.015575394	-0.028258154	-0.02589376
-0.0024521023	-0.047865074	0.052131157	-0.01218173	0.02639646	0.04179272	-0.037410498	-0.00041502557	-0.05177863	0.020501897
0.021785568	0.0044053867	-0.022633126	-0.028408425	-0.0151419835	-0.0059796926	0.038619682	-0.025865775	-0.025240771	0.05391825
-0.054302197	-0.02043372	-0.0023900026	-0.02676913	0.018557644	0.025248207	0.0061430754	-0.0016506996	-0.0065016467	0.05437242
0.04815314	-0.013858528	-0.008355853	0.051347267	0.008032951	0.051989082	0.023629623	0.021084808	0.04809509	0.007941492
0.026649533	-0.0063331285	0.013651199	0.019526988	0.04036962	0.018616935	-0.020500422	-0.039853588	0.020845946	0.007107935
-0.0053819553	0.07304668	-0.070238456	-0.003599343	0.031568445	0.0597803	-0.023203216	-0.011977395	0.058028914	0.0047434433
0.04623993	0.012340408	-0.091438524	0.08745149	0.007869941	0.050592173	-0.0071830456	-0.02547082	0.056043357	-0.028196273
-0.011405607	-0.009512784	0.034961674	0.011939508	-0.031727232	-0.012547055	0.040511254	0.026016695	-0.04309946	-0.0063124155
-0.06404389	0.018968275	0.04814047	-0.024625696	-0.0041736783	0.008946482	-0.028146354	0.013793337	-0.005738109	0.0017565708
0.038287118	-0.0027224622	-0.0049000387	-0.030753808	0.022281349	0.020206746	0.019973738	-0.013167865	0.021888392	0.017380903
0.008089385	-0.027474063	-0.05797064	-0.032205094	0.05181962	0.025967991	-0.0314376	-0.003762814	-0.021159876	0.0034096343
-0.035150398	0.0072044036	0.045012496	-0.04048404	0.035963163	-0.020160548	-0.032404695	0.049722344	0.0044167675	0.038045198
-0.074860275	-0.029656898	0.034498446	-0.07643643	-0.05336136	-0.041474074	-0.028554978	0.072525464	-0.037364934	0.035567425
0.0309346	0.017027577	0.05442434	-0.010513266	0.026385086	0.005352545	0.061312612	0.004241646	0.017164987	0.023314195
0.028126385	0.017930653	0.032122213	-0.051011406	0.024742091	-0.057716355	0.0025748054	-0.007669666	0.028800763	0.016639786
0.04473212	0.004813657	-0.000450684	0.049271222	-0.014504281	0.008359367	0.005356969	-0.018614173	0.026420398	-0.010194477
0.02142144	-0.049419783	-0.028891705	0.024943903	0.040425967	0.02050408	0.019654797	-0.015453749	-0.04390194	-0.038855128
0.0045098998	-0.004374288	0.0033051525	0.019440778	-0.010850998	0.014315417	-0.021740483	0.031782385	0.012279547	-0.033007573
0.03755142	0.025327522	-0.0038542207	0.050362717	0.017161885	0.035058983	0.0021163397	-0.033384744	0.018363291	-0.016543148
-0.0023474402	-0.073939286	0.03977629	0.0074411985	-0.011222055	-0.018996738	0.007851256	0.06466205	0.009330799	-0.012231937
-0.081512034	-0.01685172	0.060651943	-0.018273408	-0.019477576	-0.0046613896	0.008991432	0.029514592	-0.06855536	0.0050339224
-0.041067578	-0.03769618	0.010389083	-0.023906132	-0.030068321	-0.06230378	0.03708488	0.012077904	-0.029405955	-0.0018179149
0.015737012	-0.038703226	0.00072353997	-0.025806535	0.026725942	-0.0028439723	-0.0072123324	-0.05208218	-0.030258756	-0.044015944
-0.029808559	0.063627094	-0.03885919	0.025736969	-0.022961736	0.0014808849	0.03178757	-0.052561548	0.031401828	0.02207962
-0.062451314	0.0047374084	0.02481019	-0.078046486	-0.042861238	0.00036041025	0.06676762	0.043267287	-0.02936754	0.039686456
0.005692969	0.0125619685	-0.028190598	-0.0407138	-0.00951764	-0.0425178	-0.029392727	0.008637508	0.015725855	-0.017721737
0.04307407	0.040765103	-0.048940666	0.014277431	0.03785128	0.021402292	-0.03289701	-0.009435159	-0.0043487237	-0.04887431
-0.018268397	0.010948549	-0.004698658	0.037955973	0.014700785	-0.0302039	0.010592046	-0.029835403	-0.030541213	-0.01518562
0.013937729	-0.020902334	-0.007616387	-0.014237866	-0.021986222	0.049693726	0.0056582214	-0.037983544	0.020472836	-0.059829623
0.017384378	0.011253607	-0.038800754	0.037357118	0.03188967	0.019094547	0.00871294	0.011051329	0.049466092	-0.0044400864
0.024113009	0.0065583107	0.03157578	-0.031938717	-0.0017277062	-0.03444924	-0.056952413	0.0053131185	0.048600797	-0.015040099
0.042793952	0.00016058165	-0.0038304501	0.018365964	-0.03222382	0.0050853663	0.020331057	-0.031631652	-0.03626399	0.0026988408
-0.029269144	0.012458023	0.011612521	-0.013623911	0.015270833	0.0059223855	-0.0017594228	0.048005946	0.022374038	-0.007134405
0.008692671	0.015487506	-0.025398068	0.0097533455	0.007067474	0.0007222377	0.035415538	-0.021216301	0.0013798062	0.046561517
-0.05440895	-0.055773657	0.00031260328	-0.06804971	-0.0025376896	-0.04670872	0.020410206	-8.246929e-05	0.011609316	-0.0033911997
-0.028909601	-0.018909693	0.010821869	0.016956782	0.028018162	-0.0073175933	0.048069753	-0.01504251	0.035611648	0.023987383
0.04096404	-0.017998135	-0.007832292	-0.02110593	-0.009605265	0.016393917	-0.06587296	-0.011859656	0.034083687	-0.02142467
0.005841632	0.0019954874	-0.0042794542	-0.006102942	-0.03525992	-0.022496294	0.058205716	0.061828	0.024424177	0.0031171397
0.023179485	0.021893471	-0.06800731	0.04317563	0.00044033138	0.03898247	0.014097688	-0.0094949175	0.009212583	-0.030882953
-0.0001568419	-0.019318726	-0.064812265	0.0409327	-0.0055490914	-0.014723287	-0.04875436	-0.039266422	0.04623405	-0.004487763
-0.016550127	-0.06295766	0.05807708	0.036696468	-0.0056805653	-0.043259583	-0.008886325	0.0015307191	0.00013355781	0.035671834
0.026175305	-0.009293734	0.0018848771	0.053386398	-0.019595109	0.055942558	-5.1493585e-05	-0.016011853	-0.019915322	-0.04579474
0.020536905	-0.012330628	0.043923132	-0.017289335	0.0023990618	0.0033171857	-0.023568228	-0.015695779	-0.0054464526	0.067856945
-0.07262517	-0.0015477926	0.061943766	0.023659665	0.01628288	-0.05333718	0.010314871	0.030940156	0.0072419895	0.019966172
0.030522238	-0.051085334	0.031028548	0.03328042	-0.015524538	-0.010517737	0.047332507	0.015790436	0.013081522	0.028375663
0.012655638	-0.027984992	-0.046095338	-0.037234686	0.018331345	0.04340156	0.032538813	0.029888023	0.04199547	0.045764092
0.030367719	-0.03465174	-0.04659482	0.017818134	-0.026531765	-0.00819615	-0.034388233	0.01367706	0.04621564	-0.056996208
-0.018873535	-0.015610559	-0.004374904	-0.010652172	-0.043990534	0.012773806	-0.058582358	0.006165991	-0.004280469	-0.054345753
-0.075136855	-0.009330777	0.027581992	0.01817294	-0.0012963474	-0.07174698	-0.00042128592	0.0009795708	-0.049734622	0.036213275
-0.003842764	0.0342836	0.020130362	-0.0037877187	-0.011005297	-0.036109783	-0.01678162	-0.0031298113	0.0325522	-0.012085346
-0.038699638	-0.0037531867	0.020548373	0.046388354	-0.03995141	0.031353865	-0.019576112	0.04553382	-0.03336325	0.0018890058
0.04908065	0.038430836	-0.029020984	-0.036123145	-0.027472947	0.05046219	-0.034702737	-0.017290162	-0.01655796	-0.008947764
-0.04814785	0.011160811	-0.0047988216	-0.006523562	-0.04136862	-0.030852899	-0.008242255	0.04574778	-0.04913376	0.05468473
0.044124167	0.056354385	0.010475488	-0.02057348	0.03685007	0.0038347298	-0.013364988	-0.019283216	-0.012307036	0.01866402
0.022290792	0.049126666	-0.038263213	0.044367813	0.0073589124	0.020911636	0.0068989713	0.0023048876	0.0603737	-0.050455194
0.0045935963	-0.021296	-0.032194056	0.02566692	0.017449794	0.02569852	0.04366333	0.021647263	-0.009158624	0.05262357
0.021462975	0.022465277	0.028762937	0.017882325	0.016717726	-0.0021574001	0.011135824	0.053559784	-0.0352865	-0.0014302988
-0.055985544	0.0028006956	0.034306783	0.004829262	0.025426235	0.0072176913	0.05145586	0.004159808	-0.0002076785	0.05359301
-0.03105694	-0.020233527	-0.011584609	-0.038268484	-0.00035504848	0.010348395	0.0013603874	0.02893981	-0.01375306	0.03372977
-0.04729963	-0.020519093	0.018850429	0.033279005	-0.02173653	0.028509827	0.00669586	-0.019949365	0.010887248	0.009043022
-0.031361423	0.010020952	0.0134026185	-0.015557307	-0.02750711	-0.0048698517	-0.051774543	0.009644671	-0.04202545	0.014118093
0.012642771	0.01939308	0.00684728	0.030153196	0.025498526	-0.016688231	-0.016913367	0.0074853874	-0.04560665	0.04595441
-0.021310396	-0.035077166	0.013537112	-0.048966803	0.020005526	-0.041862838	-0.028103407	-0.0039914185	-0.04246075	-0.001353116
0.00790829	-0.04642279	-0.026979819	-0.03363467	0.0016848743	-0.027274435	0.0012823662	0.042015206	0.028894616	0.009363309
0.034083147	-0.0060351305	-0.032881107	0.016559858	-0.013458169	-0.020625407	0.020280985	-0.019418836	-0.032172654	0.012233038
-0.0021097362	0.040103134	-0.05585593	-0.024895575	0.012933188	0.034551542	-0.0128215235	-0.011794924	0.024908293	0.028605757
0.0551187	0.036300357	-0.0334059	0.008330665	0.009949992	-0.023989173	-0.007956005	-0.011705356	0.053515337	-0.03231995
0.072447315	0.0677418	-0.010860157	0.02850138	0.061799914	0.046905953	-0.04198567	0.004256821	-0.017899923	0.019123264
-0.039138682	-0.029885978	0.008496467	0.016576948	-0.051997993	0.028668825	0.013620345	-0.010793724	-0.016177572	-0.015882753
-0.03158652	-0.022472056	-0.05322595	0.0239172	-0.033193875	0.009351	-0.022059696	0.03263377	-0.0013449569	0.033902574
0.021313226	-0.050705414	-0.039504908	0.014347034	0.032661885	0.009337751	-0.007469856	0.0036344498	0.014705031	0.045549255
-0.049063597	-0.07748439	0.068112366	-0.026410038	-0.038958833	-0.031706635	0.046603676	0.065963335	-0.0025784173	0.02170239
0.020557344	0.003453771	0.03281922	0.0006727318	-0.007384926	-0.04518352	0.0027524335	-0.006020571	-0.045437522	-0.026404765
-0.030754926	0.01296112	-0.0053313896	-0.074944355	0.010970496	0.0034082944	0.01940125	0.036062382	-0.077118605	-0.0017430743
0.007973216	-0.0035023694	-0.02527505	0.016486082	0.056717847	0.060209982	0.042947993	-0.0139278285	-0.00069448043	0.032962166
0.028168404	-0.033592798	-0.019320088	-0.04502035	0.00027602157	-0.037812807	-0.005938691	-0.010974878	-0.02174336	0.034758493
-0.010182634	0.002336552	0.06529929	-0.04335648	-0.04890486	-0.03223979	0.012343367	0.004422344	-0.03280505	-0.01855983
-0.014184417	-0.08677326	0.07013902	-0.08534311	-0.04540022	-0.08710624	-0.0331283	0.05553592	-0.061873518	-0.019368142
-0.009691879	-0.031470224	0.020190665	-0.016099224	-0.028436929	0.020213768	0.016001688	0.019401927	0.05249799	-0.048928488
-0.015142121	0.036395494	0.05114001	0.018970108	0.03242914	0.033544753	-0.037577413	0.03256685	-0.055845603	-0.030536395
0.06534884	0.038299188	-0.011556351	0.023507314	-0.03230163	-0.01757481	0.02921282	0.028641805	0.026608652	0.009871753
0.0010049109	0.019055929	0.027860101	0.0006166705	0.01827326	0.015881743	-0.022168877	-0.021776527	0.016263988	-0.013136492
0.022362828	-0.0037785203	-0.044821262	0.008101637	0.018179834	0.04098344	-0.036550876	-0.035439935	-0.047009822	0.0027276117
0.01293399	-0.010816109	0.04032286	-0.0074204146	-0.01777665	0.018685885	0.012648173	0.02511033	0.026997376	0.0050114845
-0.020994257	-0.048164867	0.003291259	0.008330872	-0.054943398	-0.027904524	0.030338407	0.042506903	-0.013431657	0.020873025
0.00086902705	0.02737168	-0.016555523	-0.01602577	-0.039046586	0.0359242	-0.00066879025	-0.05035585	-0.028785514	-0.005657953
-0.004546652	0.06210214	-0.07699246	0.053576	0.036424387	0.049039483	-0.049115222	-0.027212536	0.036353756	-0.03403349
-0.047800932	-0.0019259785	0.03538427	0.020186467	-0.013002158	-0.03159918	0.051973794	0.007712735	0.0014610158	-0.008930645
0.01839282	0.028046893	0.016190305	-0.0053760908	-0.053831987	0.011431353	-0.00747031	0.00044072958	0.0352325	0.04276501
-0.01774185	-0.013791769	-0.025722038	0.00632825	0.015165019	0.04216462	0.048308883	0.030609757	0.02440713	0.019270549
-0.075340025	-0.024228191	0.0034884547	0.012367583	-0.05434108	-0.017548537	0.046256743	0.05987421	0.020373994	-0.024156611
-0.01596421	-0.0028649566	0.0038956492	-0.043757804	-0.04846607	-0.051303755	0.016153913	0.049657952	0.028640518	0.026148833
-0.0034282526	-0.0006155932	0.022368863	-0.03629123	-0.023650782	-0.030705528	0.014739255	-0.034402117	0.009649434	0.024058262
0.010503331	-0.01424134	-0.0072943363	-0.05938699	0.020768048	0.01343611	-0.019581016	0.06400764	-0.015923677	0.048841015
-0.01412338	0.026659245	-0.022467796	-0.009993451	0.033523146	0.029380135	0.0025426603	0.007134824	-0.04171169	0.0302394
0.048320938	0.028713925	0.0122961495	0.075551614	0.021355543	0.018914929	-0.07236643	-0.049965702	0.072630115	-0.052007027
-0.028791158	0.0032927732	0.05801026	-0.02511528	0.03139236	-0.04074225	0.02960705	-0.012613034	-0.027339077	0.034201473
0.013197749	0.061784033	0.015729254	0.018345477	0.022084704	0.012927939	0.038838685	-0.002917478	0.015433553	-0.023599526
-0.05918021	0.0043826033	0.03580826	-0.02877607	-0.018133383	0.017397078	-0.017307546	0.039462406	-0.03829353	0.022675278
-0.0052699484	0.032752533	-0.03196963	0.010693914	-0.03543995	0.010937786	-0.037717104	-0.040708784	-0.03232249	-0.024834387
-0.013514443	0.0021339927	-0.016833866	0.005434101	-0.05547362	0.0018596321	-0.059643798	0.01960707	-0.06694996	0.050283913
-0.030243851	0.010843133	0.016729897	-0.011755485	0.023677731	0.040005535	-0.0064649717	-0.062704824	-0.0016251238	-0.04094116
-0.021583674	0.027444048	0.023583923	0.032733757	0.0029700582	-0.04755583	-0.05331704	-0.040384848	-0.038222123	0.017657954
0.022458524	0.018121606	-0.035449825	-0.050076753	-0.013352688	0.03498743	0.0616376	0.050647493	-0.012667699	-0.01012339
-0.02974272	0.020422004	0.002787054	-0.01338476	-0.055240914	-0.029964363	-0.011857644	-0.0064906916	0.019698154	0.05484936
0.016072582	0.0057230494	-0.031771798	0.031470366	-0.014394688	-0.013566258	-0.006033094	-0.030179948	-0.0040031946	-0.0036625068
-0.0123386355	-0.0020801246	-0.013997131	0.030312141	0.0014921001	0.019371364	0.01774285	-0.008488998	-0.04057629	0.0064835423
-0.0121209705	0.032233432	-0.0061386535	-0.030995592	-0.039240807	0.035264686	0.008547624	0.036493376	-0.05644282	-0.011448191
-0.07785056	0.009634454	0.04483714	-0.01812594	-0.026242675	-0.008953947	-0.015613462	0.027181514	-0.05897392	0.031254057
0.023889722	-0.02460829	0.053506155	-0.064478874	0.0052578193	-0.06973563	-0.02895919	-0.01771711	-0.04931242	0.04130237
-0.023272986	0.016398422	0.031185139	0.02518161	-0.02802644	-0.010003138	0.008307983	-0.019041292	-0.017443882	0.030798003
-0.005908695	0.028621806	0.028284239	0.03181766	0.05394699	0.012132004	-0.060907573	-0.035570044	0.004781111	0.034531657
0.010159075	0.05682798	-5.1444742e-05	0.03354296	0.04083054	0.011532921	0.012911605	-0.0416356	0.055285472	-0.050710928
0.039285325	0.049154166	0.02682203	0.0065112645	-0.023678392	0.021847675	0.0066235224	0.033099014	-0.016232647	-0.01133024
-0.001794851	-0.038804524	0.006188498	-0.03232905	0.05559214	0.027428083	0.06391209	-0.009498519	0.018829737	0.01384675
-0.021031411	-0.022973036	-0.04487515	0.054573234	0.0104565425	0.0354205	-0.04688214	0.014810987	-0.02042902	0.031923372
0.04665411	0.04799295	0.021293743	-0.032985616	0.058564518	0.044989705	0.036723044	0.016223703	0.01267231	-0.012998401
0.051749114	0.07145592	-0.046602603	-0.018566629	-0.0147187	0.058905523	-0.009630367	-0.04525627	0.026331834	-0.023341883
0.0070315977	-0.007219461	-0.009347938	0.07060456	0.014443352	0.020298658	0.026293354	-0.05694292	0.005097475	0.0021285284
-0.036204703	0.03139282	0.034046642	0.034562584	-0.025873126	0.008203904	0.0070664138	-0.046438955	-0.041499257	0.018305428
0.019483777	0.06637672	-0.023883699	0.010260044	-0.011475707	0.036762204	0.015805086	-0.06589743	0.011462292	0.01878338
0.02965709	-0.006890844	0.0095110675	-0.044187907	-0.0049779606	-0.008580665	0.037927587	0.041696806	-0.0048435335	0.043705266
-0.0048117433	0.03546325	0.0016971539	-0.042889986	-0.035197698	-0.04823134	-0.038183488	-0.03245772	-0.032681674	-0.014749906
0.02207227	0.00831885	-0.050753023	0.041059993	-0.031297386	0.048870865	-0.039632965	0.024583494	0.031376794	0.020663248
0.04063301	0.03595395	0.047787208	-0.02317595	-0.013073444	-0.047160394	-0.0031943657	-0.020566978	0.0076364838	-0.001360853
-0.028668161	0.02759727	0.025987737	-0.056461953	0.0017670983	0.015993364	0.026542665	0.013757717	0.010023213	-0.016597923
0.024615353	0.007611078	-0.0025462038	-0.03572573	-0.01845764	-0.0123449275	0.005904858	0.0057928683	0.008064391	-0.053412564
0.023193235	0.034448113	0.048516635	-0.0043163328	-0.039059028	-0.041076165	0.029577497	0.03219489	-0.044624828	0.027431067
-0.052163277	0.027924942	-0.020956045	-0.059671164	0.01758862	-0.04367871	-0.026161231	0.03858867	0.023226341	-0.03401228
-0.03735387	-0.034775764	-0.017707689	-0.02852975	-0.025491757	-0.06126253	0.006296974	0.06736655	0.01979763	0.015627742
0.020692445	-0.0025168362	0.05268402	0.038769145	-0.0011204988	0.045546178	0.009956399	-0.031454794	-0.020517118	-0.028465543
-0.005916681	-0.027084645	0.024154486	0.016928552	0.04210342	-0.030153433	-0.03178958	-0.034677025	-0.04239244	-0.043811157
-0.0040006908	-0.021236386	-0.03804374	0.039461255	-0.05293793	-0.025383275	0.0022536903	0.026611157	-0.0096146185	-0.0073834453
-0.07053359	-0.054645788	0.029058363	-0.06690543	-0.06742508	-0.020868158	0.057619475	0.034126393	0.0004921888	0.004456102
0.0079198275	-0.059743054	0.020414507	-0.02241325	-0.048277527	0.017022206	0.03623827	-0.018284347	-0.05473442	-0.0150826825
0.0015374125	0.032429796	-0.024304662	0.00070285826	-0.010221487	-0.036133163	0.035528943	-0.004799225	0.025794998	0.0396791
0.04277819	0.031582735	0.024030505	0.005932199	-0.047410563	0.039113324	0.02046297	-0.0042632692	-0.013374716	0.031133704
-0.032767005	0.046204522	0.00032739717	-0.037145875	-0.04003871	0.01446915	-0.009083278	-0.005166197	-0.020670196	-0.048938427
0.068968944	0.0142133925	-0.025831984	0.018270481	0.053020567	0.04791921	0.005238087	6.235512e-05	0.03579047	0.025559029
0.007834089	-0.04107492	0.056803502	0.0002766694	-0.0032293666	-0.004481972	0.033317313	0.07054335	-0.017320959	0.0020691978
0.03714474	0.02882158	-0.044791337	-0.012330485	0.0064980537	0.03021411	0.021838633	-0.016005771	0.012569007	0.02596677
0.007985162	0.009961891	0.036039554	0.008683511	0.0060503213	-0.023131168	-0.043712113	-0.031326942	0.038833655	0.014537638
0.022855924	-0.0670552	-0.004116037	-0.05989875	0.023002114	-0.06209547	-0.010273113	-0.016312972	-0.014162308	-0.0022770723
-0.021802234	-0.028032131	0.023629455	0.043806236	0.057033844	0.01932478	-0.036890343	0.014136823	-0.025713935	-0.03832239
-0.0013842062	-0.0058923424	0.039018992	0.013528283	0.04805856	0.019674253	-0.030984148	0.004947015	-0.038155403	0.030857146
-0.06072915	0.028353527	0.036195368	0.012466595	-0.017677728	0.030340888	0.017620826	0.024799597	-0.03371881	-0.032770578
0.0064355014	-0.030324616	-0.004280163	-0.010827843	-0.055492207	0.026976265	-0.0171366	0.031421635	-0.03408396	-0.03805787
-0.06938953	-0.05283939	0.0016049169	-0.030351343	-0.032948412	0.011319232	0.061560493	0.050537556	-0.04017607	0.02984255
-0.019124864	-0.016752275	0.05403705	-0.00044840685	-0.047541417	-0.09027482	0.05908428	0.0288146	0.006278235	0.014673244
-0.011133529	-0.02690587	0.030629238	-0.06511435	0.017311685	0.0056131207	0.027920999	0.008662311	0.014048791	-0.021668712
-0.027688092	-0.0148964	0.054932967	-0.08812807	-0.04358446	0.0016411168	0.025897784	0.06844284	-0.08795502	0.013233606
0.043777313	-0.042931385	0.028583698	-0.0036274379	-0.009293808	0.019267565	-0.01829388	-0.04173495	-0.044758968	0.03160947
-0.01358233	0.014234991	-0.0005833667	0.02804649	0.029532494	-0.062257957	0.0030040906	0.014404641	0.022431377	-0.011081277
0.062830165	-0.029006537	-0.016986873	0.023100922	-0.024883179	0.04526747	0.05593977	-0.03617589	-0.028006356	-0.014128935
0.019868163	0.084328875	-0.007492401	0.046381257	0.019280637	0.026500342	0.002223155	-0.086925745	0.050483443	0.011663988
-0.032424152	0.019497387	-0.0064285337	0.0022397595	-0.03813363	-0.014507476	-0.04601534	-0.020641072	-0.008492641	-0.018928459
0.023223802	0.039138403	-0.00956842	0.033201396	-0.019585887	-0.038757347	-0.008464156	0.022137549	-0.03513274	0.050699156
-0.04813372	-0.0019418703	-0.033480447	0.0045346143	0.018759245	-0.00312457	-0.036878575	-0.032794826	-0.04167071	0.045706183
0.0015475858	-0.02254471	0.030133238	-0.01802735	-0.037628364	-0.07025974	0.04307862	-0.01433454	-0.05634423	0.051063053
0.025721882	-0.035837952	0.060511615	-0.008422461	0.008623459	-0.030855244	0.016883321	-0.033453703	0.036951732	0.06082328
-0.04981443	-0.006957302	0.053681325	-0.00028777384	-0.0033325802	0.021357358	-0.043492544	0.025363669	-0.03859355	-0.035368532
0.006862548	0.043905076	0.02379894	0.0072713248	-0.012607856	-0.019276412	0.04228041	-0.041378934	-0.030859293	-0.041277345
-0.021450425	0.016323525	-0.03301023	0.05563727	-0.012307326	-0.02931716	0.032442052	-0.0130293425	-0.003858052	-0.0022994566
0.037746336	-0.017188804	-0.0031474018	-0.03023437	-0.014075436	0.041813992	-0.018991662	-0.0468943	-0.002504251	-0.03764327
-0.033519838	-0.045253783	0.036799327	-0.054110657	-0.06869128	0.0178882	-0.018552532	0.04448048	-0.054601934	-0.020346498
-0.011190523	0.026253298	0.043363582	-0.0446187	9.811963e-05	-0.016269688	-0.04295325	0.005606009	0.013357122	-0.026638038
0.036000125	-0.022418913	-0.04201743	-0.0426316	0.045666095	0.018670367	-0.044690948	-0.039439548	0.032042433	0.011106987
0.0016255407	-0.008311863	0.025676455	0.013239013	0.046456505	-0.037887238	0.041738033	-0.024403008	-0.027222808	0.045360018
-0.052977074	-0.054054543	-0.0029121966	-0.044334967	0.030480107	0.013257686	0.0007201976	0.03556903	-0.012010005	-0.01978779
-0.041620962	0.012719464	-0.05012376	-0.0049415063	-0.032652006	-0.008485729	0.024864145	0.0062794616	0.025764493	-0.016058411
-0.021028439	0.034427375	0.024869442	-0.027335271	-0.009025089	0.012050519	-0.0020399992	0.0036111646	-0.003997044	-0.015066186
0.03940679	0.014014376	-0.01410082	0.03578821	-0.008907933	-0.0032750322	0.020821264	-0.039516196	-0.018613445	0.033949256
-0.031899426	0.03111014	-0.036252674	-0.017722383	-0.039463237	0.023305688	-0.01184428	0.03877654	0.025644606	-0.025939146
0.05472719	0.022194963	-0.060623392	0.046519186	0.035908725	0.034395464	-0.006232665	0.011747223	-0.0077634803	-0.045306873
0.01444222	-0.047682147	-0.031235976	0.014965034	0.034610007	-0.018072251	-0.054175645	0.052021183	-0.045291547	-0.0010048907
0.013164746	-0.020759886	0.047617618	-0.002497568	-0.02095546	0.015404499	-0.037915166	-0.02761262	0.017837966	0.012511603
0.031011997	0.06575994	-0.0014157036	0.045135517	0.022439223	0.0835888	0.012549382	-0.01798186	0.04963864	-0.039744526
0.060571644	0.025702132	-0.008548404	0.049625807	0.030985087	-0.0049847076	0.0152884135	0.007096405	0.03534767	-0.0410909
-0.040836383	0.030205084	-0.014829174	-0.051332846	0.022164676	0.0400663	0.012116085	-0.035820827	-0.0074150814	0.05143565
0.024730593	0.01623586	-0.009087213	-0.01510282	-0.015085398	0.0012844077	-0.03664466	-0.05375049	0.018437205	-0.034795467
-0.05472836	0.017594555	-0.019839192	-0.009149707	0.022717275	0.0057724454	-0.007810067	0.041547935	0.031816434	0.039872266
0.041730985	-0.02727699	0.03862235	-0.022472579	-9.168518e-05	0.034127563	0.010608017	0.027606701	0.034119755	-0.05769192
-0.047014784	-0.050553575	0.052840818	-0.07243554	-0.06613503	-0.027732965	0.032564316	0.054772347	-0.072206706	0.009926558
0.018851414	0.03630167	-0.023991374	-0.040664412	0.0100991875	-0.038090073	-0.01724234	-0.033948846	-0.018361427	0.008582602
0.029109366	0.01843572	-0.021639915	-0.027697807	0.02820575	0.030912966	-0.033810742	0.049188334	0.004762784	-0.014808033
0.023486102	-0.03767878	-0.039706796	-0.025632298	0.0003336801	-0.004120015	-0.01852592	0.03385237	-0.011442882	0.0062810467
-0.048494324	-0.023105415	0.06385237	0.0076706866	-0.079669125	-0.0012966355	0.047570538	-0.006855631	-0.0057640905	0.017767873
-0.02048927	-0.072148055	-0.0013334309	-0.041334845	-0.056028888	-0.022766713	0.051593035	0.018373398	-0.026787	0.070637934
-0.040428802	-0.036943186	-0.00865119	0.029813878	-0.046619076	-0.049070425	0.043601062	0.0028287051	-0.045952447	-9.324961e-05
-0.0071335537	0.051483985	0.018805858	0.044891763	0.019354992	0.0074148625	0.0048674764	0.034425877	-0.030676005	-0.051449426
0.052673675	0.00381187	0.008385537	0.06381673	0.015239646	-0.019364193	-0.05107564	0.025454924	0.0057842257	0.012944454
-0.05399695	0.038126517	-0.039747566	0.027343223	-0.007783703	0.022232693	-0.025562333	-0.004810946	0.018240672	-0.03165893
0.032254294	0.042715937	-0.043671213	0.0074429074	-0.013885021	0.021545343	-0.040593807	0.015097515	0.011292852	0.0083326725
0.00049267785	0.031000648	0.05270192	0.017619558	-0.03888823	-0.0049943062	0.052814115	0.04407087	-0.0062955283	0.03061517
0.011400163	0.005119204	-0.03661805	0.006269023	-0.03142304	0.03191689	0.050086845	0.02098412	-0.043630302	0.022159318
-0.01760697	0.013632102	-0.053937353	-0.015989006	0.06665441	0.07877902	-0.005468843	-0.056771986	0.036699418	-0.055900045
-0.010275513	-0.008170693	0.022962872	0.032575764	-0.028499043	-0.035018887	-0.0049230703	0.0026940564	0.0059815547	-0.023408677
0.018333707	-0.003711404	-0.03698568	0.04176972	-0.0020727706	-0.026749102	-0.0043797065	0.024827316	-0.042992614	-0.03267498
-0.011549329	0.022924572	0.021373764	-0.057493538	-0.061552063	-0.028546723	0.010680211	0.006276696	-0.046963595	0.038901504
0.03602075	0.026988022	-0.06808316	-0.029045688	-0.013987051	-0.002803139	-0.024880998	0.0089043565	-0.009043996	0.0066697146
-0.0012353859	0.03512467	0.016192766	0.03551144	-0.030036226	0.006179724	-0.011645484	-0.00863479	-0.04700356	-0.04346892
-0.012080815	0.013913598	0.018797925	-0.010034278	-0.017064737	-0.01528601	-0.02957692	0.018078277	-0.00369557	0.0020036371
-0.033253353	-0.027152242	0.013824039	0.023279022	0.030981844	-0.044929624	0.016845843	-0.012698406	0.050349433	-0.008563688
0.013105315	0.048532117	-0.04372823	0.05455639	0.0057937326	0.022660675	0.021610511	-0.0045025623	0.007969249	-0.041394442
-0.006538543	0.048280656	-0.006531603	-0.025957072	0.008850018	0.032671124	-0.038893383	-0.011699655	0.016918613	0.030517215
-0.008360673	-0.013293524	0.03916585	0.02834492	0.010369339	-0.030050855	0.027107097	0.016114196	-0.029091103	0.029997267
0.03592105	-0.029951075	0.05976151	-0.029986614	0.034799986	-0.036271114	0.059840668	0.015792975	-0.038899958	-0.00865637
-0.047824807	0.016510835	-0.032590594	-0.0042767352	-0.054981526	0.040097475	-0.020887889	-0.02654523	-0.0016430836	0.050411824
-0.027355583	0.003838676	-0.028642198	0.016701058	-0.009587051	0.017086713	0.036386628	-0.038152788	-0.01818235	-0.010405152
0.048823774	0.012790633	-0.015846737	-0.025224568	-0.028462697	0.036617592	-0.03381973	-0.04029306	0.013304346	0.0028424242
-0.044951595	-0.003905169	-0.015190501	0.00532586	-0.012466436	-0.005460582	0.009769263	-0.012588722	-0.015833478	-0.0039427467
0.02349645	-0.016855096	0.028853446	0.0055460404	0.029637951	0.005295171	0.002174645	-0.012831745	-0.01854849	0.05076217
0.017981889	-0.00269272	-0.013133299	0.0032349718	0.0020859302	-0.046531424	-0.0077518774	0.0145441005	0.0063405056	0.03713207
-0.013024519	-0.02156423	0.03214016	-0.044488426	0.01864037	0.004473422	0.019272856	-0.017986739	0.025211504	0.05064719
0.012401111	-0.0020365044	-0.018445255	-0.018832017	0.028756626	0.0365279	0.03596168	0.032736126	-0.0024759043	-0.036391795
0.025514504	0.007881171	0.06919362	-0.029622009	-0.05926254	-0.05647987	0.008110296	0.013752029	0.0050170817	0.061564844
-0.01007895	0.0520388	-0.0066102706	0.023131153	-0.041623186	0.03865578	0.041965533	0.037010726	-0.00827644	0.0003660997
-0.033987414	-0.028128007	-0.00074058946	-0.015985833	0.043125518	0.012301861	0.007036559	0.038568694	-0.038672246	-0.037260234
0.0037680299	-0.027221553	-0.0027727396	0.0061458517	0.0019070904	-0.0076204995	0.010616075	-0.015528119	-0.017210998	-0.012515224
0.026959436	0.012270252	0.043308653	-0.019257218	-0.048936833	-0.03725773	-0.006743353	0.036519904	-0.005381106	0.045722622
-0.022167131	-0.05739193	0.057605673	-0.00655238	-0.0047289096	0.0061844876	-0.005431596	0.014680875	0.014594194	0.039012026
-0.013104131	-0.055587634	-0.024215233	-0.023691049	-0.02257608	-0.006360111	-0.02738316	-0.028819522	-0.052432075	0.045254804
0.057145048	0.016310118	0.014620078	0.03453947	0.020370176	0.06569644	-0.06674315	-0.004484821	-0.026150633	-0.026308749
0.009223599	-0.0026169666	-0.019053522	-0.026335647	0.012210804	0.035167623	0.013967132	0.040361267	0.005082892	0.028577758
0.010074803	0.034672927	0.00804687	0.0185949	0.03531373	-0.011419566	-0.03767815	0.0025113395	0.03405204	0.035945814
-0.0027411426	0.039389275	0.0030346643	0.04546698	0.037042618	0.03921636	0.005780198	-0.02790513	-0.012025176	0.008078641
-0.03727269	-0.023944777	0.04814298	-0.020551834	0.014338454	0.0035213255	-0.0017694084	0.02807584	-0.050359458	-0.012824741
-0.00026555028	0.015480244	0.019309228	0.007324864	-0.06495016	-0.022387186	-0.05347818	0.026370885	0.00091341714	-0.005779489
0.030803077	0.034695737	-0.043027293	-0.00070995506	0.018024314	0.011630183	0.015571513	0.014548681	0.030313516	0.03993801
0.010622288	0.06772716	0.025823688	0.041723415	0.02283694	-0.012796279	-0.03778054	-0.028797565	0.020918904	0.027756788
-0.028719742	-0.03213788	0.0125255	0.0030158637	-0.084417656	-0.043097053	-0.00930225	0.01582255	-0.0149662625	0.0451243
-0.04218894	0.045399103	0.029651001	-0.0017695636	-0.022983255	0.040859144	0.028368698	-0.02480436	-0.025387013	0.035564795
0.016499028	0.011991414	0.026993202	0.056839928	0.051297013	-0.03713389	-0.0536598	0.035038617	0.0416987	-0.038463213
0.030089438	0.028347898	0.055364527	-0.014284237	0.03491061	-0.0053114425	0.044610884	0.020568628	0.034881014	-0.013000023
0.004753562	0.0064588147	-0.026692018	0.044955734	-0.039324593	0.022872033	0.015436977	-0.053920597	-0.014691475	0.043876495
0.023208084	0.009083221	-0.060621474	0.021478744	-0.00333809	0.06726038	-0.014991564	0.019924628	0.022476137	0.020616325
0.019813875	-0.00037612932	0.02067933	-0.019889537	-0.007284054	-0.03922282	0.04842041	0.017587483	-0.026485171	0.032324232
0.0025957422	0.046759035	-0.01158727	0.078568086	0.021517925	0.024193358	-0.023589447	-0.045400184	0.0767223	0.005099503
0.03307487	-0.034579996	0.027482938	0.012793914	0.030982288	0.03423143	0.014314732	-0.009012492	0.019722335	0.027647201
-0.0064727897	-0.0630115	0.0485277	-0.015721906	-0.03802745	0.01647455	0.049515493	-0.02161812	-0.012340664	0.0319337
-0.04344199	-0.009276391	0.04042286	-0.03463284	-0.009806465	0.02293715	-0.03273774	0.048422314	0.0030216058	0.00083843764
-0.04639981	-0.068280675	0.0017011283	-0.06503982	-0.04492751	-0.03359027	0.05187833	0.00041356575	-0.04642753	0.059487
-0.019890077	0.03909555	0.03492222	0.011012741	-0.025552353	-0.016128754	0.020218866	-0.04250079	-0.015974991	-0.0191179
-0.027186684	0.0043408363	-0.043174792	0.0025258723	-0.008918328	-0.026702842	0.0246787	-0.015100417	0.069283746	-0.008176358
-0.013679753	-0.008324855	0.021761091	0.0340488	0.06530637	0.02190444	-0.030784918	0.004286102	0.05701922	-0.03177303
-0.06822115	0.008752692	0.040077187	0.013395829	0.013260718	-0.0032841484	0.033381157	-0.008958068	-0.021980342	0.00933994
-0.002038847	0.018041112	0.0067551946	0.04501531	0.044295307	-0.048379283	0.009213001	0.045284476	-0.005095247	-0.021082943
-0.017537162	0.014787431	-0.04296379	0.035312228	-0.0052482868	-0.017070081	0.0059933783	-0.034516774	-0.017441671	-0.035595976
0.0016678314	0.035455808	-0.023850517	0.032390732	-0.018272696	-0.012099913	-0.0031833556	-0.008191589	0.043070737	-0.019135049
-0.059013486	-0.054138456	0.08607657	-0.01236426	-0.033685707	-0.07438923	0.0783015	0.063017055	-0.004339734	0.070280485
-0.017226288	-0.0064540547	0.08781636	-0.07773243	-0.04850517	-0.06954289	0.021255985	0.087584846	-0.08820866	0.043138146
-0.026248412	0.033011742	-0.05760825	-0.02958079	0.05857484	0.03527467	0.023514973	-0.050098807	-0.01153728	-0.012564316
-0.027551863	0.0014833322	0.0040246546	0.01627594	0.013991539	-0.028286565	0.017647577	0.005473097	-0.056938734	0.05631619
-0.024043638	0.014393801	0.019312575	0.05104478	0.01818905	0.056814082	0.049042113	0.019560706	-0.024722664	-0.012711068
-0.0018259771	0.0047475095	-0.042329233	0.04584236	-0.04289699	-0.027864793	0.020983078	-0.040091716	-0.0061207605	0.04102247
0.035158042	-0.012946132	0.028770132	-0.018970748	0.023363682	0.026798982	0.0061679315	-0.0067250007	-0.028854076	-0.018409299
-0.0036087087	-0.00240596	0.00035383613	0.014986158	-0.022412263	-0.013373241	-0.012335948	0.05650662	-0.044689257	-0.010361967
-0.06482856	0.0155076	0.056572665	-0.048683915	-0.07137751	0.004124093	0.07300588	0.04894112	-0.0054118615	0.027854085
-0.0019105633	0.013195008	-0.013246763	0.023222217	0.009919363	-0.007391934	-0.01591727	0.001145293	-0.029413546	-0.0067339772
-0.023187032	0.0042366055	-0.053836547	-0.03133724	0.041386846	0.017551748	-0.012674007	0.031370103	0.038675334	-0.02841585
-0.0056217895	0.0007919164	0.05655295	0.008454151	-0.042594466	-0.0014269341	0.020334667	0.033641003	-0.036455035	0.036934625
0.0002470352	0.014106833	-0.020235743	-0.0020325703	-0.031275447	0.021953212	-0.006271902	0.0065107844	-0.021042954	-0.0442165
-0.003057537	-0.049304865	0.010081075	0.011454135	-0.046173234	-0.025513671	-0.015830865	0.04483414	-0.026749764	0.0035793046
0.019708434	-0.04561753	-0.027853055	-0.016389789	0.009092884	-0.024598302	-0.020589983	-0.012320435	0.018714234	0.021857865
-0.060617585	-0.061769184	-0.0027504854	0.00028389329	-0.007593353	-0.040451225	0.03255929	0.05935537	0.002166558	0.023413623
0.068522535	0.0753361	-0.010174299	0.021740474	0.027794607	0.05359906	0.010159845	-0.036248274	0.046511255	-0.030696863
0.018897057	0.013114594	-0.012627731	-0.034370847	0.014497941	-0.013204768	-0.04662458	-0.03452329	0.05054667	-0.002501743
0.050512932	0.058985684	0.018896054	-0.023276927	-0.0029238635	0.054198805	-0.03546342	0.02168426	0.05182382	-0.05442628
-0.04744203	-0.005972725	-0.01767011	-0.02312671	-0.055024374	-0.011127234	0.0531295	-0.011311768	-0.06339607	0.034918454
-0.07952537	-0.053882666	0.03978787	-0.00059337623	0.0023908103	-0.05247383	0.04150494	0.06816549	-0.022583276	0.0075689116
-0.02015917	0.023476155	-0.013821798	-0.034018703	-0.038864378	0.015287853	-0.024874672	0.014518989	-0.03515208	0.010385853
0.06177354	0.03881513	-0.0280698	0.07714922	0.058446206	0.035281952	-0.06920604	0.0017009961	0.0460765	-0.045903552
0.07928355	0.027110193	-0.0038991189	0.03999135	0.075608775	0.044452973	0.027911106	0.0040561347	0.04058252	-0.05255781
0.006573385	0.03490968	-0.033075344	0.019287044	0.030665772	-0.03561225	-0.012080086	-0.035055064	0.033850327	0.012894529
0.0066947346	-0.03206859	-0.00017263269	-0.039665475	-0.07898445	-0.023414755	0.07048655	0.080458686	-0.045808397	0.01281494
-0.07015726	-0.04668308	0.008148261	-0.007965238	-0.077613235	-0.07085977	-0.011897192	0.060130496	-0.026132708	0.057295367
-0.020619445	-0.0065465313	0.03825795	0.019440856	0.033735633	-0.012227946	0.0546616	0.037916474	-0.020459931	-0.030364513
0.025697563	-0.016283823	0.045684155	0.033197865	0.02477176	0.0161345	0.019902749	0.025684092	-0.04703716	0.0008548419
0.018835077	-0.024747772	0.022436654	-0.012956678	0.01849388	-0.04304431	0.008629851	0.03844483	-0.041746274	-0.001929495
-0.004339975	-0.024826365	-0.013803024	0.019471383	0.06257987	0.06386982	-0.047333524	0.028529491	-0.0013806437	-0.021941548
0.011176518	-0.033080045	0.0151921455	-0.04945323	-0.015600578	0.0060815564	-0.024275824	0.055951796	0.014825596	0.02249636
0.07955404	0.015763981	-0.02521143	0.09413283	0.046802476	0.049532775	-0.060038477	-0.03307413	0.07121585	-0.023761649
-0.0028850357	-0.015382452	0.0001543776	5.8273617e-05	-0.04428849	-0.06509908	-0.023514023	0.02212004	-0.040575325	0.010191565
-0.008704233	0.044312656	-0.040108256	-0.03965762	0.028325532	-0.033243224	0.02353161	-0.051053736	0.020093808	0.00015364985
-0.0032286476	-0.0113119	-0.03027342	-0.017922517	-0.029370505	0.036776084	0.061058782	-0.008365527	-0.035539716	0.06319696
-0.060841925	-0.024533458	0.045348454	-0.032407645	-0.022563644	0.022884976	0.036774147	-0.03059255	-0.0075045275	0.033065885
-0.06702516	-0.04944948	0.0026031993	0.01446142	-0.0029720936	-0.025060363	-0.014872171	0.050298598	-0.007866401	0.03854609
-0.02457086	-0.0035484892	0.022043336	0.0005913756	0.011514132	0.02885561	-0.026183086	0.044023816	-0.018316336	0.027202873
0.0051808595	0.014746221	0.028140083	-0.037310727	0.039558157	-0.042447068	0.017314903	-0.021632405	0.028957272	-0.019255864
0.006820424	0.014514209	0.024117833	0.009566254	0.011941573	0.05439073	0.014221906	-0.02724555	-0.034313746	0.012370071
-0.08174663	-0.043364108	0.053144123	-0.07988144	0.004008355	-0.050192658	0.058145452	0.06583205	0.005932733	0.04658316
-0.007269298	0.019837884	0.044548914	-0.038334597	0.019937977	0.010001434	-0.03142348	-0.029791107	-0.042181	0.04285189
0.023792284	-0.045824725	-0.012674413	0.03197724	-0.014122938	-0.032386325	-0.043534223	-0.047969166	0.028340435	0.0178657
0.0011766315	0.022413248	-0.014559638	-0.06379875	-0.049712863	0.009437875	0.041662302	0.011912795	-0.03407553	-0.006754129
-0.01517598	0.022686299	-0.028950552	0.03473613	-0.04033728	-0.022449221	-0.0071037714	0.01693985	0.04204075	-0.032304622
0.015139555	-0.04171042	-0.043071076	0.01196592	0.030163795	0.052307736	0.0413822	-0.05190498	0.0340893	0.041634258
0.037797067	-0.0015657202	-0.037454028	0.08340462	-0.002852949	0.082575984	-0.06071861	-0.0455698	0.0029423002	0.012811499
0.005954138	0.0063805846	-0.03309641	0.0035158845	-0.015380316	-0.033244587	0.014115402	0.022986807	-0.013680989	0.03987077
-0.006137894	-0.0099219605	0.04160463	-0.041198272	-0.0061408994	0.010075087	0.04726606	0.040185552	-0.027169824	0.02464616
-0.017443035	-0.002114862	-0.015861139	-0.053896118	-0.05210359	0.023019364	-0.019262616	0.057094406	-0.039553925	-0.023380192
0.048890144	-0.0070543843	0.029831447	0.041536104	0.040793434	-0.019274961	-0.046783026	0.039038215	-0.015482218	-0.049002342
-0.038665894	-0.000548388	0.055952966	0.020813951	0.008670069	-0.017835613	0.0062808143	-0.00964318	-0.03865442	0.02823738
-0.022995356	-0.007351408	0.0014180779	-0.03103145	0.0051100263	-0.00073957694	0.025569983	0.04258779	-0.061464902	0.06428014
-0.0025041967	-0.025290603	0.0041742404	-0.012270562	-0.008104744	0.030112479	-0.013072364	0.041327562	0.050600566	0.02005352
-0.006989677	-0.059624072	-0.02373268	0.022661366	0.0037435957	-0.026527181	-0.020622632	0.02948547	-0.023404079	-0.003312637
0.017208945	0.015939882	0.037476458	0.0073681786	0.019949751	-0.029253557	0.055800315	0.044944488	0.02448422	0.0037335118
0.045898702	0.012640893	-0.004502793	-0.02579077	0.052434962	0.028209792	-0.03955406	-0.018816499	0.035570275	-0.036076378
0.04356229	0.0010762099	0.0314491	-0.001585486	-0.01477442	0.036479626	0.009336722	-0.025472421	-0.012237334	0.024566019
-0.03272469	0.009249556	0.006248054	-0.03361985	0.03806721	0.039079808	0.015517686	0.006039279	0.039353713	-0.03275346
-0.0039529894	-0.05014322	0.069799244	-0.007671407	0.0038740607	-0.03584535	0.07010739	0.04858627	-0.08297661	0.06329049
0.071422115	0.06971769	-0.023004826	-0.02650417	0.0019588906	0.046385895	0.019775102	0.008915299	0.047160976	0.009129406
-0.0039963597	0.07770987	-0.039937414	-0.011662801	0.0062207035	0.044652827	0.008906401	-0.013846221	-0.011200359	-0.009067269
0.05550235	0.052898914	-0.00571291	0.048558984	0.07002542	0.0057668816	-0.07415526	-0.0008514264	-0.013382042	-0.05804882
0.014541075	-0.024140256	0.010734693	0.005132559	-0.046236016	0.00094383373	-0.015316936	0.027121449	0.035853412	0.0018780077
-0.030247752	0.025007885	-0.04651102	0.04928594	-0.0012748095	-0.0054436056	-0.029438978	-0.028565718	0.060291298	-0.051939692
-0.05792087	0.03632664	0.016807165	-0.012006771	-0.055313505	0.010325304	0.030047256	0.03355564	0.0011692168	-0.044547036
-0.038302995	-0.024712387	0.030030081	-0.0355474	0.03661027	0.010201887	0.032514844	0.029645225	-0.028403975	-0.040940832
-0.041049093	-0.015983455	0.038008362	0.017013054	-0.048048835	-0.07749329	-0.020420158	0.0048630508	-0.031515133	-0.01793273
-0.010432818	-0.039236978	0.03806074	-0.0007137727	0.017435526	0.0029107952	0.022935862	-0.017753262	0.009338059	0.024155807
-0.021176206	-0.0023304801	0.022812333	0.062439624	0.03229906	-0.0077163624	-0.044355854	0.028601475	0.008252348	-0.03718705
-0.04212338	-0.038950272	0.043405958	0.008149868	0.0014299935	0.006029334	-0.028652504	0.011677589	0.032173626	-0.012842661
-0.06433875	0.008869599	0.061818633	0.028258558	-0.048967063	-0.029647442	0.034610324	0.01439407	-0.00210533	0.04267443
-0.089410566	-0.018529432	0.02296816	-0.0052255713	-0.04828595	-0.08532286	0.060232516	0.08506226	-0.068551265	0.07510883
0.028756056	0.014281261	-0.007776113	0.038075402	0.044460986	0.0521204	0.0017721927	-0.083509356	0.08417651	-0.017999416
-0.03425694	-0.051921945	-0.012471678	0.034574296	0.01252747	0.03355937	-0.038577843	-0.03598815	-0.043683894	0.030344117
-0.028295835	0.04362534	0.011131354	-0.010244059	0.04178768	0.0027932234	-0.048742678	0.021596726	0.021482171	0.0057956036
-0.02068561	-0.0029398832	-0.028243529	-0.017072616	0.024113137	0.03975992	0.02655352	0.050841734	0.01114949	0.003622279
0.053977802	-0.027115008	0.024048932	0.03460167	-0.027452616	0.024166644	0.023923445	-0.016670797	-0.029730638	-0.019748434
-0.047555666	-0.01906391	-0.031573698	-0.056122605	-0.051060043	0.012443337	0.03553996	-0.027209587	-0.05557336	-0.0015339936
-0.021221096	0.013891605	-0.040839426	-0.047270767	-0.04294518	-0.027770134	-0.035123195	-0.016767234	-0.019985892	-0.027065946
0.021929044	-0.003145916	-0.01351477	0.021568613	0.014870682	-0.033222683	0.055663887	0.012136691	0.013704988	-0.013942751
-0.019976133	-0.019576801	0.017232146	-0.015702274	0.029025028	-0.0019186308	-0.0036471097	0.025097022	0.050186176	-0.057428773
0.06005979	-0.007657565	-0.044182885	0.053442467	0.021650571	-0.004895397	0.02094194	-0.045203514	0.041148376	0.0035479644
0.051664475	0.08569492	-0.05099655	0.022311687	0.06464048	0.00958155	-0.0592666	-0.017705964	0.0010573778	-0.060946524
-0.04240562	0.028670436	0.026624417	-0.050326418	-0.04097654	-0.069405094	-0.023833971	0.01943709	-0.042899292	-0.018108036
0.0054030246	-0.07391385	0.04221184	-0.00040758707	-0.08141552	-0.010933885	0.01869588	0.0069121467	0.00043268886	0.017400293
0.0012287892	0.024847258	-0.007536297	-0.0139104165	0.0025356826	0.021979045	-0.0064714123	0.05936879	-0.032053467	0.056126855
-0.04047938	0.00032664806	-0.012439525	-0.07501602	-0.07644824	0.006229785	0.050848648	0.048115756	-0.017794384	0.0163436
-0.02811088	0.03810754	-0.032114152	0.031069843	-0.047600616	0.010730836	0.061313443	0.040889744	-0.01797189	0.025430704
0.037573226	-0.04417291	0.021353172	-0.02297422	-0.045163676	0.029392013	0.0031346884	-0.0022039064	-0.03086809	-2.271292e-05
-0.0016763484	0.017261509	0.013159016	-0.01801484	-0.00088588364	0.011496619	0.0008686172	0.04933021	-0.058069017	0.056321517
0.008372079	-0.03860981	0.029433014	-0.017176501	0.021954311	-0.01764879	0.047676813	-0.026389888	0.012587841	0.025062097
-0.04082452	-0.04767242	-0.0066939564	0.028309546	0.028078947	0.020771457	-0.0392174	0.010548753	0.024132712	0.040058192
0.051273808	-0.0060071666	0.031179367	0.022133568	-0.023135448	0.040376183	-0.0029100247	-0.046470836	0.008198551	-0.0036004272
0.037245605	-0.0090007	-0.05381466	0.004858773	-0.02264406	-0.009147327	-0.05638545	0.014212958	0.02162641	0.027453896
0.008909856	-0.00798751	0.047886048	-0.02351609	0.023058875	0.033821076	-0.040990666	0.003478292	-0.0465549	0.029031577
-0.010290803	0.013303594	0.01025238	-0.014849572	-0.014354112	0.038441684	-0.041724093	-0.037482675	-0.037436806	0.021939533
0.029690461	-0.022972055	0.03260746	-0.042213168	-0.006330472	0.020240063	-0.019646455	-0.024942013	0.03010756	0.012855189
-0.06695825	-0.04364024	-0.017063837	-0.031371932	-0.045292117	-0.0013511208	0.020576445	0.036490697	-0.01959934	0.009542564
0.0003205397	0.022101268	0.013925577	0.034717195	-0.006003942	-0.018187987	0.003394881	0.000733601	0.057562456	-0.0048575243
0.049483344	0.023086308	0.020297837	0.013597636	-0.014070653	-0.03371014	0.0098745525	0.028309224	0.0420102	-0.013379425
-0.03755503	0.049269643	-0.048265517	-0.030271811	-0.032408226	0.01853552	-0.04683925	0.035943072	0.026490089	-0.034321878
-0.048111044	-0.04201394	0.058806732	0.0036078854	0.024730679	0.015273422	-0.04014477	0.051804584	-0.050514594	0.039528538
0.050931938	-0.015842983	0.01149133	0.008958096	0.004295084	0.0037291567	0.038483612	-0.064001255	0.0056475042	0.0034761813
0.011911566	-0.014042222	0.0313316	0.024721982	0.003830545	4.4090164e-05	-0.03560511	-0.022601893	0.002085166	-0.014634245
-0.0057854713	0.001201005	-0.0010242152	0.043737687	0.008415609	0.029044652	0.018431427	-0.032623187	-0.011015511	0.047278095
-0.022165937	0.007856108	-0.025698699	0.062550806	-0.012065595	-0.023136023	-0.018346205	-0.008872958	0.02675284	0.009964805
0.010711035	0.008048969	0.036827136	-0.051001947	-0.04889987	-0.055199906	0.012550315	0.008370626	-0.012993941	-0.041381788
0.03024283	-0.010756288	0.0060049137	0.03959956	-0.02143556	0.059269454	-0.03831155	-0.013761358	-0.022050727	-0.054977927
0.04082814	-0.039668415	0.030525751	-0.0014312934	0.044129122	-0.011522566	0.006243002	-0.012194096	0.042104762	-0.0057727965
-0.012148764	-0.045776878	-0.0026089349	-0.06757569	0.0072478917	-0.063756056	0.03404258	-0.021868866	-0.046848387	0.004177422
-0.006347245	-0.032811668	-0.04089331	0.037131995	0.041295305	0.002412521	0.03899862	0.030276252	0.034099568	-0.03805092
-0.02043258	-0.023918537	-0.032619324	-0.010607769	-0.039662596	-0.037901677	-0.031829897	0.013368886	-0.014071618	-0.012136036
0.005999075	-0.03838514	0.019260893	0.02532589	-0.043720774	-0.01909828	-0.030652255	0.038066562	0.025790855	-0.026308374
-0.013780152	-0.0060918787	0.04523286	-0.006232111	-0.0067904918	-0.023614509	-0.049441855	-0.042181887	0.034943573	0.037794504
-0.031917367	0.01853318	0.01856414	-0.05066714	0.033208236	-0.0066961455	-0.017326154	0.058555424	-0.013332452	0.055790816
-0.014881741	-0.03658716	0.03189071	-0.07817142	-0.07798438	0.002995323	-0.015338915	0.01582747	-0.03647935	0.008332165
0.012436457	0.012397474	0.031210672	-0.040816743	0.026429038	-0.02668093	-0.029785424	-0.021253057	-0.020410677	0.00474602
-0.02343524	0.0033167228	0.018739622	0.012206074	-0.01534255	0.03348476	-0.008045037	-0.005951224	0.0365819	0.029545432
0.025795924	0.034275126	-0.066217996	0.033687435	0.01633826	0.0019278062	0.015028121	-0.0025172543	-0.020417945	-0.050340496
-0.040123012	-0.043327704	0.05547048	0.018968161	0.03354796	-0.0004282913	-0.01816549	0.06153667	-0.04473574	0.013921363
0.002100562	0.013282659	0.06109799	-0.028489083	-0.06793227	0.010155314	0.05978155	-0.015177534	-0.036070373	-0.01696547
0.025184732	-0.0374587	-0.00040745022	0.0036860516	-0.028582636	-0.008284517	0.014437486	0.0065597207	0.0016763123	0.0088949725
-0.037769657	-0.026177773	-0.0030984504	-0.0620061	-0.059826918	-0.062063728	0.030904524	0.018641884	0.012371986	-0.020787887
-0.013091165	0.022329142	-0.0074077467	-0.006590101	0.00483567	-0.055235755	0.028046453	-0.020263568	-0.05659277	-0.009725129
-0.051820848	-0.015799703	-0.032656837	-0.051241636	-0.018313682	-0.038735565	-0.013520728	0.04868724	0.041682947	-0.011680644
-0.026983654	0.050123576	-0.0038047035	-0.028766938	0.052740976	0.039727222	0.002286703	0.026994087	0.040510055	-0.035586003
0.053406358	0.006474463	-0.034693956	-0.013721823	0.012328596	-0.016881943	-0.030625053	-0.03769926	-0.02990975	-0.023661062
0.0021358267	0.0015669041	-0.04224755	0.0069822166	0.028812693	0.03711382	0.027867427	-0.024540633	-0.04426853	0.02676163
0.048702046	-0.0138095515	-0.060318474	0.06596302	0.030974278	0.015076797	0.029616522	-0.020279502	0.01298617	0.017356498
0.009232983	-0.078290515	0.041805316	-0.060524236	-0.06857776	-0.045186426	0.03764646	0.04967126	-0.053284585	0.025885275
-0.016023101	0.014967292	-0.045574103	-0.040387392	0.04657251	0.03422865	-0.036552485	0.016429223	0.0037206023	-0.001448955
-0.02953986	-0.013991998	-0.006658772	-0.029412786	0.0030318303	-0.023501636	0.013998207	-0.019906115	-0.00014599919	-0.0014647499
0.016573496	0.043788467	0.023603825	-0.0196629	0.018051215	-0.0162354	0.025061805	0.012149219	-0.011568371	-0.0007303334
0.028208768	0.043257646	-0.04495467	0.07245226	0.050023906	0.04222483	-0.0478331	-0.027373375	0.015927471	-0.03429285
-0.022501126	-0.028225753	-0.04240044	0.03652676	-0.027241101	0.04512165	-0.036118228	0.041167397	0.010828929	0.012038607
-0.058120064	-0.019068193	0.01103786	-0.00017417283	-0.0058618393	-0.012786166	-0.02306466	0.08695149	-0.02132572	0.044036537
-0.040618867	-0.041356605	0.049921792	-0.049008403	-0.010737639	-0.011738891	-0.025847038	0.011095302	-0.048126236	0.011367729
-0.0031038933	-0.045038376	0.049945578	-0.03776582	-0.0035600506	-0.0068929796	-0.009586243	0.030780345	-0.044100862	0.0005008509
-0.026878938	0.026432259	0.010353658	0.0013103388	0.0055481945	-0.05220034	-0.012566133	-0.03698845	0.011754163	-0.010494008
-0.014268754	-0.017182583	-0.017174834	0.05361307	-0.0072256024	0.020079004	-0.0019229902	-0.051174037	0.04148141	0.0142353885
0.015714517	0.057712954	-0.051817495	-0.011161712	0.05639045	-0.019931065	-0.04738168	0.009865073	0.0034035235	-0.05470657
-0.04353525	-0.04577664	-0.0006743741	0.024270471	-0.036808826	-0.027603306	0.008824395	-0.006191585	-0.04320282	-0.02342273
-0.05103659	-0.013567955	0.019946313	0.025152188	-0.042877603	-0.048941065	0.030890627	-0.028613381	0.00046528442	0.0101656765
-0.012341508	-0.033616763	0.008618773	0.035534758	-0.023814477	-0.03910348	-0.058756303	0.0007148543	-0.021856893	-0.0051950924
0.01999546	-0.0128325615	0.023851654	0.029741421	-0.022087535	-0.024764609	0.038452912	0.013631074	-0.023720786	0.056411594
-0.07524512	-0.029479504	0.015924605	-0.03210367	-0.010423962	-0.07588247	-0.01248894	0.07355197	-0.027375331	0.03121794
0.062310275	0.00888403	-0.06392592	0.008800493	0.02717449	0.021823812	-0.0015234661	0.0018775765	0.023262303	0.013919815
-0.00929627	0.027244799	0.0022536798	0.031134173	-0.01904569	-0.0575974	0.0025669697	0.052216444	-0.030272761	0.025435772
-0.026631188	-0.008502952	-0.042381167	-0.008538705	0.030550404	0.05586736	-0.03901996	0.01791306	0.05186201	0.0074850293
0.02027224	0.01144732	-0.038961634	0.039456777	-0.009307425	0.049062602	-0.036231887	-0.01959534	-0.039086863	-0.037582032
0.06076609	0.026093159	0.0074259113	-0.011803405	-0.008670652	-0.033743482	-0.00952644	-0.0045253458	0.033704113	-0.041740485
0.065944396	-0.003618394	-0.017462753	0.06683049	0.07025924	-0.004710862	-0.005109498	-0.061923184	0.007646635	0.002262493
0.025903855	0.03329816	0.011623862	-0.022103263	0.043958493	0.020560784	0.017973948	-0.0075955447	-0.039915565	0.037316285
0.024853539	-0.045282368	0.037649535	0.0052192104	0.0032960123	0.0048185172	0.011568593	-0.026940428	0.024007937	-0.007210912
-0.033988744	-0.020307818	0.008227094	-0.054843634	-0.050199147	0.031431463	0.0396969	0.0029064554	0.0027107357	0.049050935
-0.0054531125	0.016256787	0.0077549084	0.014180206	0.0040147225	-0.013631027	0.049580794	0.052061785	0.005888425	0.049085133
-0.04058988	-0.0011923079	-0.010178233	-0.08452767	-0.055111364	-0.036434647	0.021230783	-0.003995275	-0.031604003	0.04889107
-0.014647684	-0.012311532	-0.009281937	-0.055350922	-0.06023099	-0.050435487	-0.037820734	-0.026123859	-0.005460734	0.04986732
-0.0026725815	-0.024127996	-0.014785717	0.034074225	-0.015817365	0.054337826	0.016555244	-0.014379518	-0.02109232	-0.035938434
0.0089644715	-0.08608683	0.08937152	-0.009166027	-0.062696494	-0.07788031	0.061716106	-0.0040713977	-0.083525665	-0.00032348404
-0.018273877	-0.00863276	0.0017742581	0.00046132732	0.04288024	0.044067588	0.05294168	0.037834156	0.0074631074	0.029325383
-0.06054498	-0.022013638	-0.025248904	0.014753974	0.005530674	-0.046850413	0.014591158	0.010355095	-0.05887615	0.010463747
0.031769864	-0.04054631	0.03739501	0.010587615	0.028361488	-0.004991354	-0.012858615	0.046174604	0.028598994	0.010979881
0.022375636	-0.039930854	0.020501079	-0.06208023	0.009381272	-0.01876086	0.07465751	0.02382202	-0.050569773	-0.014484411
0.019586924	-0.03776676	0.066512145	0.023375435	0.0067671435	-0.03770472	0.053448945	0.02970717	0.027378889	0.016649183
0.037941307	-0.016959144	-0.013569139	0.049138952	-0.020063194	0.021209227	0.014476686	0.015824128	0.02157336	0.02928298
0.01923032	-0.029662272	-0.014699896	-0.023837056	0.014325754	0.033130188	-0.03184747	-0.031753518	-0.001596158	-0.01514027
-0.013228929	0.055401433	0.013116317	0.07067335	0.042857524	-0.0012590707	-0.017140236	-0.0046623284	0.008969179	0.027458034
-0.008082843	0.0039356085	0.04411824	-0.053791106	-0.034167647	-0.027516088	-0.011344564	0.034728967	0.025211962	0.045936514
-0.050301917	0.0029607408	-0.006920988	-0.031891264	-6.838911e-05	-0.025487406	0.044558637	0.03112617	0.029693374	-0.03720481
0.029515969	0.03989351	0.051765483	-0.03628008	0.007166311	-0.027473386	-0.006545074	-0.0048784143	-0.015079506	0.0067066285
-0.014837214	0.016268112	0.03731781	-0.05691733	-0.023869097	-0.0421979	-0.013232342	0.022361187	-0.021691652	0.051906396
0.01992346	-0.02810222	-0.044913407	-0.020878218	-0.008305895	0.035527106	-0.003280601	-0.02728476	-0.030481633	0.023946831
-0.041514434	-0.018838577	0.051129606	0.00022724172	-0.0048611527	-0.060840867	-0.00809721	-0.01824544	-0.025651174	-0.0007113564
0.011530076	0.012337745	0.0029687092	-0.067686155	0.0032811998	-0.039355747	0.029367222	0.060081434	-0.036237977	-0.011388417
-0.01228744	0.026067177	0.01440667	-0.03570507	0.010472251	0.030448468	-0.052519042	0.0005758214	0.028454121	-0.037186947
0.015496721	-0.037399646	0.007445308	0.024016352	-0.010307069	-0.030683683	0.038149122	0.01733768	0.05154773	0.04541816
-0.02864837	-0.01836407	0.04890762	0.03794425	-0.0121225985	0.023842867	-0.039498325	-0.04364878	0.032476995	0.013758842
-0.035366714	0.04503571	-0.027898269	0.042879265	0.010861071	-0.037217233	0.045330286	-0.029843166	0.046057705	0.035850026
0.056823876	-0.0043331683	0.023897702	-0.025402514	0.0036686354	-0.005290202	-0.0064416924	-0.0032863296	0.02825007	-0.040577948
0.008865064	-0.02804456	0.03883668	-0.01810213	0.036290206	-0.02874415	0.00044946023	-0.022660773	-0.041676316	-0.015414933
0.0359413	0.03595678	0.04649395	0.008620874	-0.0044653094	0.024411764	-0.03034358	-0.008505687	0.039972287	0.019990403
0.06040189	0.013260027	-0.02960677	0.001411392	0.020524915	0.04577726	0.0062369634	-0.052327797	-0.03677078	0.015273584
-0.013052267	0.015842184	0.0045849932	0.040797357	-0.0056351908	-0.0099287955	0.023453178	0.026875101	0.0100223515	0.012249165
0.0351064	0.035096757	-0.017370379	0.035832398	-0.037066355	0.029083954	-0.028085243	-0.029807612	0.03081399	0.04105169
-0.018914731	-0.014214544	-0.009628586	0.06154974	-0.005719204	-0.01642748	-0.03534729	0.013299377	0.018513208	0.023360282
-0.04690197	0.014935772	0.058126643	0.0011416855	-0.024221051	0.0057031843	-0.036857173	0.0037896424	-0.0389649	0.006067797
0.056108005	0.012445666	0.010952074	-0.020233328	0.014200603	0.023903348	0.040848028	-0.01118534	-0.025927309	-0.047548715
-0.02374412	0.020146824	-0.012129596	-0.049572133	-0.021420175	-0.008166026	-0.045112807	0.028741153	-0.015757015	0.034447283
0.0051708487	0.0018922803	-0.033904325	-0.014743773	-0.015602076	0.02519874	-0.014121346	-0.0016670305	-0.054087073	0.01919308
-0.020383785	-0.04282578	0.014356295	0.0040002544	0.034338605	-0.028714135	0.022454772	0.02133123	0.023070319	0.022739306
-0.010449426	-0.009504669	-0.039417986	-0.03893382	-0.054025717	-0.05762766	0.03466244	-0.042222053	0.01977455	-0.04441347
0.034182936	0.024126248	0.007506417	-0.039614294	-0.0058288756	-0.022462167	0.04761639	-0.021899447	0.0033095686	0.0070395526
0.017562725	-0.0066271187	-0.04728525	-0.009832672	0.009699312	0.06882446	0.017429618	-0.012967749	0.05817701	-0.00071735564
-0.032806445	0.010656251	0.001426806	0.0391732	0.031598236	-0.038180187	-0.048173275	-0.0015673726	-0.00552937	-0.0024582269
-0.014563161	0.013156996	-0.03508572	0.034636013	-0.022755794	0.02093432	-0.038125478	-0.0384635	0.06039903	-0.012213034
0.05580684	0.025613727	0.016045716	0.006875443	0.028004564	0.040369827	-0.01575135	0.032706212	-0.0077544916	0.03515483
0.025273971	0.065480486	-0.0593464	0.03908691	0.0276881	8.063785e-05	-0.044261564	0.03532696	0.02238423	-0.029999536
0.032070175	0.044221293	-0.0007366778	0.007235896	0.006307504	0.008748924	-0.049744077	-0.024285264	0.060211904	-0.053232383
0.013673597	-0.0010304492	-0.034024093	0.0007485283	0.017594388	-0.0034510973	0.008910053	-0.004124163	-0.0075585367	-0.05782388
0.044560857	-0.034517497	-0.019016964	0.03633438	-0.039368905	-0.010425081	0.028845962	-0.039369438	0.008972748	-0.025406295
-0.054458015	-0.009785935	0.014212671	0.012249293	-0.02216501	-0.037715383	-0.018941868	0.044962786	-0.016762596	0.04907651
-0.019368608	-0.0008135875	0.046778362	0.009140749	-0.052916713	-0.0050092363	0.017941987	0.059864484	-0.0620994	-0.031967465
-0.02850988	0.00012696079	0.039917182	-0.0501676	0.025976375	0.015737403	0.0680059	0.036021873	-0.014323406	0.02366922
-0.021419903	-0.00434329	-0.041211337	0.026855797	0.07343393	0.016198605	-0.07405052	0.006030236	0.025846021	0.0030496432
0.07028899	0.029163986	-0.003197066	0.028113676	-0.0094278585	-0.020371037	-0.064484276	-0.020434719	-0.005868078	0.007129074
0.0249258	-0.0019425931	0.022388047	0.044935487	0.009083386	-0.024048107	0.018373966	0.0048621097	0.0054845526	0.032865483
0.013686476	0.047982495	-0.026804404	-0.017867077	-0.038202353	-0.01851764	0.038651347	0.01602292	0.034720346	0.045960825
0.085723184	0.0038019624	-0.029428791	0.025342662	0.002939858	0.036286373	-0.052004807	-0.004041023	0.08430904	-0.07467757
-0.054785974	-0.048637494	0.006075998	0.0062306277	-0.041634724	-0.018381609	0.027690768	0.07637819	-0.010890493	0.02830314
0.03561248	-0.0438212	0.020453602	0.007153557	0.037400756	0.016097875	-0.0026050857	-0.01005789	0.024364987	0.012923892
-0.015613505	-0.015507072	-0.024469832	0.041568145	-0.026929937	-0.016715487	0.04660974	0.025761334	-0.0034848968	0.017123947
0.038821917	0.03576443	0.023010049	0.014813725	-0.028912945	-0.021802217	-0.045459513	0.006809687	-0.034463875	-0.0021704487
-0.03679175	-0.024447663	0.03424713	-0.05838005	0.005950208	0.007231781	-0.0013896077	0.078420945	0.01540997	0.028779935
-0.03088547	-0.028590035	0.04918547	-0.010639126	-0.020607514	-0.060212996	0.045618035	0.021836078	0.023512619	0.008967233
0.03896871	-0.0032608612	-0.0017257882	0.034419525	0.0006725241	0.02750993	-0.052454446	-0.08346783	0.010962307	-0.015988369
0.002973521	0.062473018	0.0052103554	0.06792703	0.013911833	0.015554207	-0.034500755	0.004999711	0.03753572	0.013161874
-0.009768002	-0.003510628	-0.033730242	0.001362809	0.031594004	0.04250898	0.057771914	0.041999597	-0.018505996	0.049539868
0.0072877505	-0.022343501	0.033057936	0.051738877	0.014360472	0.0044402196	-0.05003113	0.0063402615	0.029245108	-0.04897706
0.029348206	-0.0034896776	0.020876477	0.032856762	0.029022474	0.0066921613	-0.02156142	-0.014259141	0.0047137635	0.02379995
-9.58642e-06	0.01922154	-0.06541286	-0.0044010896	0.00016219678	-0.018212741	0.0075568287	-0.04341462	0.003684364	0.015314435
0.023903674	0.07566197	-0.05239124	0.01553836	0.08512512	0.02727826	-0.04347225	-0.03292411	0.013693215	-0.0749843
-0.06921803	0.010289974	-0.011937891	-0.061614685	-0.013501241	-0.061095715	0.061685678	-0.0011412492	-0.032990213	0.026923126
-0.0017563765	-0.02303675	0.027188608	0.005781079	0.014539997	0.041742917	0.0065057906	-0.03193185	0.031695142	-0.022234311
-0.042069186	-0.03015528	0.049923256	-0.05894014	-0.056198783	-0.034142654	0.006104896	0.00065895333	0.01563852	0.026891062
0.0343962	0.034292508	-0.0033494886	0.057552867	-0.014305835	0.0406539	-0.058822863	-0.018698331	-0.00425134	-0.031127961
-0.038202215	0.029014327	0.02933651	-0.035288095	0.006009917	0.039330233	-0.049622044	0.030726928	-0.006455971	-0.024612369
-0.045480695	-0.02111213	0.00487896	0.030085953	0.03138866	0.021683116	0.046398442	0.06651333	-0.041619316	-0.024244137
0.019995933	0.040835045	0.025529068	0.018537622	-0.024543103	-0.020140091	-0.025026761	-0.009222566	-0.018746711	-0.020077996
-0.037091814	-0.07191833	0.016553178	0.0021034842	-0.021505013	0.014741401	-0.032870665	0.031633418	-0.046390492	0.019397555
-0.01539578	-0.046789914	0.023923773	0.0010097218	-0.050556976	-0.0011130223	0.0029170942	0.024676988	0.01624415	-0.011692853
-0.02293755	-0.046402402	-0.01147485	0.039481364	-0.050434064	0.012423807	0.051053274	-0.038848862	0.03664733	0.048573647
-0.011499331	0.01232943	-0.0020970337	-0.0052364417	-0.00078547676	-0.044990573	0.03514595	-0.028266303	-0.03926476	-0.018022293
0.046191968	0.016046816	-0.030441592	-0.020538267	-0.0147629045	-0.050525703	-0.008546111	-0.028111108	0.030935846	0.038796205
-0.05606636	-0.010503141	0.017017145	-0.057273056	-0.06532017	-0.021134581	0.042881407	0.02126416	0.0267063	0.018625164
0.02048051	-0.041264307	0.043386847	0.01097754	-0.05394813	-0.019187702	0.0057044374	-0.030344984	-0.014046087	0.043033764
-0.016595198	-0.010712774	-0.035999224	-0.030140338	0.0029169882	0.055928905	0.039033003	0.024661833	-0.029554488	0.0103194155
0.025415182	-0.010460973	0.03238455	0.001344427	0.03700375	-0.022904275	0.031162037	-0.01532623	0.026449384	0.046400998
-0.035955153	-0.020842353	-0.018672084	-0.015385471	-0.006669926	-0.035158604	-0.010739945	0.021425229	0.012926686	-0.009402254
-0.02725225	-0.053928	0.04550612	-0.043268632	0.023347054	0.03501179	0.008595659	-0.03381651	-0.01084561	-0.025092479
-0.01516314	-0.033550743	0.028804589	0.02469053	-0.03268545	-0.02468318	-0.023868812	0.035146352	-0.03475268	0.018375285
-0.055694044	0.008171241	-0.023042865	-0.002007566	-0.0032346174	-0.025387203	-0.022675384	-0.026888799	0.014013579	0.054716904
-0.0072837584	0.014515582	0.01153745	0.014461259	0.014196349	-0.0014044228	-0.031728495	0.03984607	0.011633167	-0.031668525
-0.04152512	-0.001716287	0.044610314	-0.029916113	-0.059470687	-0.056234594	0.045451745	0.043152783	-0.008255757	-0.015582333
-0.030348323	0.014805427	0.036744434	-0.031698395	0.034022618	0.05241344	0.00017936395	-0.00044850053	-0.012422391	0.021456286
-0.010760749	0.0029696892	0.014925768	0.012672435	0.019944215	0.016929578	0.01596844	-0.05026467	0.059167646	-0.012907356
-0.057636216	-0.0672126	0.022968706	-0.0075963293	-0.03850399	-0.060062267	-0.0035958388	0.06655983	-0.054711223	0.047919318
-0.03862947	-0.009054458	-0.021304771	-0.024897182	-0.05657846	0.0004898498	-0.026063524	0.06793336	0.01964552	-0.0110909585
-0.06952893	-0.05160594	-0.0018912054	-0.015669847	-0.0014443939	-0.071414255	0.06528404	0.05005564	0.009274528	0.0361564
0.054204214	-0.0051198904	0.020713132	-0.018868575	-0.001889959	0.060769323	-0.03389395	-0.0027191688	0.06658674	-0.030601555
-0.00410416	0.012936873	0.02014709	0.010222464	0.032322012	-0.042755105	0.022851033	-0.029434716	0.032105017	-0.0051475037
0.010131953	-0.05404287	0.07373657	-0.0389669	-0.0045738793	-0.038965017	0.071904466	-0.0017788283	0.017147798	0.042224098
-0.022786396	0.01929956	0.007834361	-0.022648107	0.073408805	0.024819946	-0.008781221	0.008143029	0.0640543	-0.06317251
-0.008774694	0.029439323	0.03910845	0.01003797	-0.039524727	0.00968403	0.023665642	0.00719629	0.025679857	-0.023537334
0.031509563	-0.017621232	0.015194915	-0.021598216	0.02356694	-0.040072225	0.055130266	0.00024894334	-0.035924528	0.027000623
0.0032580611	-0.003507834	0.0018567605	0.068611555	0.06030227	-0.009155338	-0.048199568	0.007928725	0.058986943	-0.022282954
0.0023077836	-0.036353562	0.028027454	-0.049357966	0.024337167	-0.028196283	0.023040708	0.019840427	-0.017968977	-0.02923453
-0.00401363	-0.04911105	0.045923814	-0.0023137396	-0.067239076	0.007119431	0.03835479	0.065962106	-0.019743562	0.060210776
-0.01570777	0.00028310096	-0.008854062	0.001062968	0.043374132	0.05889331	0.01880944	-0.058687534	0.05207905	-0.05126159
-0.0047797803	0.03755394	-0.0377687	0.025338216	-0.026134836	0.022781445	0.011393631	-0.04205382	0.048780493	0.018055864
0.060101487	0.02929588	0.021177901	-0.031532913	0.05610392	0.0066087046	0.014581631	-0.06556342	0.017513214	-0.018287519
0.032545827	-0.010579172	-0.020670252	-0.011504003	0.013851005	0.0433372	-0.008681804	-0.03376001	0.034541633	-0.039466448
-0.04714067	-0.038240403	-0.03386038	0.01666638	-0.00043781794	-0.024647364	0.04935523	0.024096202	-0.04427259	0.029443128
-0.037053805	0.0053226803	0.011731586	0.017326947	0.015299869	0.024003163	0.0025090557	0.019276403	0.016841022	0.020649794
-0.032410905	-0.05052915	0.027195612	0.011294124	-0.037505902	0.03626527	0.03671723	-0.010496971	-0.021025097	-0.038842637
-0.01927019	-0.0097675035	0.03421862	-0.037476473	-0.01969556	-0.020369014	0.06574895	-0.009912504	-0.017805388	0.015448643
-0.034953393	0.0029653097	0.031656463	0.0055480213	0.014837776	-0.026722645	0.022334205	0.059417892	-0.0014349174	0.055282798
0.008814808	-0.024937207	0.031736225	0.00306554	-0.008162675	0.036024746	-0.029709686	0.019093687	0.055322833	-0.050750732
0.0050813854	0.053448267	-0.063907005	0.010180882	-0.01544323	-0.022045366	-0.076022066	0.0101418495	0.030821461	-0.062057905
-0.02967707	0.034604117	0.027729722	0.03641975	0.042364325	-0.011748722	-0.0066995206	0.018227814	-0.021051997	-0.0224658
0.035586655	-0.017965661	0.014324122	0.043876953	0.020360729	0.050219607	0.0063021057	-0.05849244	-0.0029171994	-0.013988228
-0.011878822	-0.055652596	-0.0021865775	-0.06526136	0.011060016	-0.047817897	0.05272917	0.03931047	-0.032201957	0.016310088
0.04034525	0.0226731	-0.047921415	-0.017573614	-0.03289947	-0.012980498	-0.0030375302	0.0017637821	0.021656368	0.03473027
0.031113952	0.019551076	0.025042756	0.03240319	-0.03708178	0.03287701	0.04388776	0.031739797	0.03737485	0.014958326
0.03196068	-0.028240876	-0.011978998	-0.030433789	-0.012490118	0.033200756	0.038635246	-0.01101025	-0.038865812	-0.040734958
-0.013816467	0.020216383	0.016410245	-0.027542908	0.015543828	0.057507075	-0.031117644	0.030606277	0.018763172	-0.02711167
0.03509055	0.0044480227	-0.038608167	-0.041244496	-0.058951285	-0.020570656	0.04061902	-0.017545315	-0.0061867894	-0.010312299
-0.048936263	-0.016224986	0.018305615	0.00029846036	0.014802828	0.019856473	-0.04010333	0.007994912	-0.034188967	0.037530642
-0.018149892	0.03842113	-0.028598532	0.009293422	-0.019367892	0.037484463	-0.012692281	0.0011073917	-0.012860818	0.051580384
-0.045551598	-0.034009755	-0.04166146	0.0049012057	-0.0068311463	0.04792806	-0.008321755	0.014659771	0.04576713	0.0057633636
0.03264981	0.030742563	0.029787887	-0.044434953	0.002799806	-0.02939458	-0.006899152	0.035327587	-0.032068755	-0.004073831
-0.034680802	0.04401747	-0.0032881622	0.01778201	0.031495906	-0.0019933076	-0.029839877	-0.0030275974	0.05925631	-0.05523313
0.0024661366	-0.0034215075	-0.06211414	0.05360609	0.0112413345	-0.029071582	-0.021908036	-0.026484417	0.019682242	-0.056325894
0.052996106	0.022009758	0.023654392	-0.009803055	0.05784656	0.013051528	-0.0448682	-0.04212811	-0.015305989	-0.038138732
0.0015717276	0.005060578	0.071011096	0.0008558336	-0.012767266	-0.03269102	0.0068214443	0.073362134	-0.06610701	0.04637385
0.042763785	-0.046533365	0.00571989	0.013637952	-0.038755283	-0.018465469	0.022010641	0.055282515	-0.04687773	0.00078376144
-0.043865193	-0.030478127	0.057255574	0.023619067	-0.03284603	0.024095694	-0.017705796	-0.014364824	0.0076917517	0.04713798
0.0026606214	0.007418909	0.0108804675	0.041512173	-0.0070069744	0.025685243	-0.05008018	-0.068022385	0.07173516	-0.014459211
-0.023410998	0.019218722	0.0046487767	0.0176073	-0.04760298	-0.021516629	-0.0133619625	0.03816908	-0.03301564	0.02932128
-0.014908593	-0.01764924	-0.045845084	0.0018118644	0.0069579296	-0.018548688	-0.05931341	-0.04148274	0.06250505	0.0067531574
0.020387134	-0.005754452	-0.0173911	-0.023510857	-0.027376605	0.024235535	-0.015199495	0.027587386	-0.025229773	-0.009385171
-0.04658582	0.04260214	0.028631123	0.015845252	0.022511594	0.0046004164	-0.02924252	0.016644815	0.0140637355	0.06009511
0.055910617	-0.024668382	0.0323692	0.031677984	-0.01755963	0.0059208698	0.009997554	-0.009710637	0.016008629	-0.008151771
-0.062008724	-0.05251454	0.019532427	0.02290463	-0.045374945	-0.05348506	-0.038406163	0.062113747	-0.01580104	0.010221945
0.007247158	0.01743244	-0.06109099	0.011972461	0.036554787	0.056798484	-0.0015923182	-0.019848365	0.052354123	-0.013476114
-0.02903124	-0.033193145	0.0668447	-0.073192246	0.011722431	-0.010394938	0.046071198	0.07329882	-0.0022525876	0.067375354
-0.036208693	0.019204317	-0.010878306	0.022286687	0.033164784	-0.03718118	-0.0057388097	0.04163328	0.04178595	-0.010307967
-0.028143061	0.0063698823	-0.014328633	-0.020975217	-0.028886579	-0.041688688	-0.03452635	0.057034537	-0.018881928	0.04720282
-0.009299614	0.021684874	0.045268208	0.03930896	-0.037464812	-0.016922409	0.032913055	-0.004038347	0.041446544	-0.0433672
-0.0093664285	-0.053865775	0.025953664	-0.042354032	-0.01009786	0.007823626	0.02000687	0.0366649	-0.07352794	0.0024886408
0.019263553	-0.03947062	-0.018285345	-0.055594232	-0.052027088	0.020278538	0.017547736	-0.013255922	0.037854433	-0.010813246
0.070065364	0.04990656	0.0019267806	-0.016026566	0.02261935	0.034959476	0.013454154	-0.05370993	-0.008897914	-0.06536301
-0.0134190265	-0.04109326	-0.011890917	0.012042109	0.008758537	-0.076123156	0.05322285	0.063696906	0.011828346	0.020103034
0.012497192	-0.0066891676	-0.00037778442	0.043624125	-0.018941699	-0.035502817	-0.00012590761	0.028757125	0.039722122	0.021306584
-0.007995153	-0.042381264	-0.0058383658	0.009456253	0.025215015	-0.01026637	-0.0029866442	0.047953054	-0.050651375	-0.0064249076
0.054671623	-0.010738139	-0.03605578	-0.021257779	0.042411923	0.026172172	0.011326591	0.0134309605	0.029246219	0.02937281
-0.063547276	-0.029376976	-0.0022731011	0.021396026	-0.022233546	0.003259464	0.06626906	0.04203043	0.013421976	-0.0018850717
0.043731574	0.02433135	0.033284057	-0.006708885	-0.0103852665	-0.005335357	-0.045531936	-0.040691808	-0.006800941	-0.040088896
-0.00489026	-0.016100097	-0.008455728	-0.040589046	-0.021983583	-0.022156885	0.036732282	0.073011786	-0.046343505	-0.019280829
-0.041542213	0.0037179296	0.021197945	0.0162673	0.02510547	-0.021593248	0.0037174008	-0.0105737	0.023148026	0.03997811
-0.034770824	0.0058205575	0.030706773	-0.0009837432	-0.004122192	-0.027760345	0.068159	0.06198167	0.028196197	-0.028149078
0.00022268515	-0.032345705	0.00081414636	-0.081027634	-0.036313616	-0.02596955	0.045830496	0.07961549	-0.04239762	0.046394233
-0.0014993519	0.032852888	-0.051221848	-7.541426e-05	-0.021767676	0.032668848	0.007871863	0.02346107	0.038696155	-0.028815653
0.0107584065	-0.017525138	0.033979237	-0.050319806	0.038048588	0.027076311	-0.036059853	0.0018180277	-0.04843272	0.006779552
-0.030335655	0.053883977	0.02771443	-0.012738059	0.04861149	-0.0354855	0.0046283426	-0.0016058907	-0.0206076	0.021519367
-0.015195463	0.008846048	0.02016682	-0.024511527	-0.017974738	0.011760044	0.04096023	0.020826709	-0.047030833	0.05148775
-0.026492566	-0.02940091	0.01691796	0.030073142	0.04003507	-0.033404686	0.04767796	-0.029281303	0.051635504	0.038012598
-0.077299066	-0.006761961	-0.016661983	-0.009498453	-0.05517686	-0.0041338266	0.055163935	0.013754532	-0.06545621	0.002478209
-0.0067912578	-0.06193963	0.039799877	-0.059148334	-0.01466418	0.007522942	-0.022433765	0.0055184164	-0.007075186	-0.00038741
0.010283488	-0.02253043	-0.008940275	-0.032028843	-0.063053705	-0.00903116	-0.006446425	0.0111491205	0.022060825	0.058773186
0.010331466	-0.010743114	-0.028500622	0.02022349	0.03478863	0.03331899	0.037024166	0.015562629	-0.0044763936	-0.034538165
-0.053909253	0.022287672	-0.020414859	-0.01164813	-0.006478474	-0.039239954	0.020745544	0.004385882	-0.01761741	0.035978816
0.0061740493	0.03561227	-0.02624855	0.058206044	0.03739427	-0.013999037	0.009560222	-0.008259902	0.0046873596	-0.04572603
-0.03695178	-0.0038003607	0.05693662	-0.032099	0.02497886	-0.015638357	-0.009530121	0.024564084	-0.001094641	0.020416945
-0.023038901	0.015569994	0.044293195	0.013450851	0.011901186	-0.0037386864	-0.038180817	0.03064652	-0.060582902	0.02437607
0.030909153	0.021777285	0.005983895	0.029575465	-0.02195336	-0.034497485	-0.036155414	0.012268883	0.03326677	0.028758386
0.031557914	-0.01633476	-0.023126874	-0.014459529	-0.016590048	-0.011056974	0.047851916	0.024222938	-0.010795528	0.021876873
0.060935088	-0.033433232	0.02218568	0.028343864	0.051642932	0.015383137	-0.015345703	0.0028518378	0.057987984	0.024399819
-0.024138778	-0.056814674	0.020462148	-0.06263796	-0.004142046	-0.004563463	0.022123039	-0.026233789	-0.03529448	-0.013415987
0.022230629	-0.03974063	0.03737662	0.0046686563	0.004939833	0.004098951	-0.01144679	0.0058364817	-0.07473552	0.036834396
-0.017789483	-0.029008474	0.038585126	0.047698643	-0.000635861	0.0062654605	0.027832156	0.016681751	0.004919315	0.006662536
-0.0054114554	-0.009374924	-0.003109793	-0.025332743	-0.008697372	-0.012437933	-0.0012825826	0.014251367	-0.053541604	0.059092727
0.03233815	0.02913689	0.038041744	-0.046629943	-0.029552583	-0.006793999	0.035095494	0.0045070294	0.034620233	0.0040976754
-0.04323553	-0.00047032727	0.043719493	-0.047749113	0.04418483	-0.031828936	-0.024817852	-0.021147275	-0.015314664	-0.02161477
0.04409225	-0.0064533087	0.03124654	-0.05058149	0.031130042	-0.038027707	-0.038457874	0.0032088992	0.017974596	0.025302794
-0.07230872	0.015228393	-0.014759132	-0.057003222	-0.0072237714	-0.0014432565	0.00980222	0.046242304	-0.054361463	0.07488682
0.025347503	-0.048336092	-0.026335951	-0.018465083	0.018278623	-0.05128271	0.030517275	0.056812245	-0.026226293	0.008224914
0.004691144	0.043270037	-0.02124464	0.0040611713	0.020789253	-0.05179098	-0.018228184	0.0028271326	0.0029987665	-0.0153466975
0.05007976	0.0076632625	-0.026073013	-0.033576656	0.0073805256	-0.0031923025	-0.028586257	-0.013005947	-0.020400012	-0.025217285
0.004681755	-0.05345936	-0.002076439	0.0010162318	-0.026525376	0.0043456187	-0.032531384	-0.025231868	-0.002887026	-0.019685816
-0.041264888	0.030361881	-0.037295878	-0.01660964	0.044514347	0.019288976	0.039510295	-0.049783103	0.035898536	0.035920292
-0.027444927	0.028349131	-0.044315975	-0.034013674	0.027850838	0.049092248	0.0043100137	-0.057674907	0.024053603	-0.0061559957
0.0016633336	0.054767244	-0.049690776	0.016612377	0.039514672	0.03567594	0.032825224	-0.009091278	0.04642651	-0.053439677
0.04518719	-0.02390075	-0.028338064	0.048641175	0.032936662	0.023418305	-0.027523246	0.037955694	0.008940037	-0.010157689
-0.0510925	-0.050187178	-0.035404325	0.04607285	0.0009434193	-0.0054782247	-0.028727317	-0.046331942	-0.041489847	-0.008908766
-0.019238006	0.013300398	0.017657327	-0.015132614	0.0014888443	-0.021441866	-6.55562e-05	0.03614075	0.038524028	0.02719914
-0.02850885	0.033530142	-0.030949214	-0.016048959	0.050251946	0.020754926	-0.055704203	-0.03140173	0.041014574	-0.03088917
0.0056046387	0.033645246	0.025453482	0.031197209	0.01604988	0.008873182	0.0057453057	0.005000154	0.036937825	-0.036988206
0.04232897	0.031421866	0.0123026045	0.025063066	-0.037729304	0.011490605	-0.03749095	0.0026908626	-0.033724975	-0.03786095
0.03327363	0.038721792	-0.024503047	-0.050948475	-0.0016925443	-0.0060049593	0.039624386	-0.042006955	-0.026900766	0.005264203
-0.0049564126	0.045404557	-0.06728106	0.003312232	0.047427148	-0.0037986417	-0.048641402	-0.021824395	-0.0058079376	0.007087213
-0.03148038	0.019969495	-0.047030635	0.012440478	0.0070985905	-0.010038228	-0.013493024	-0.06137057	-0.028396638	0.026916847
-0.069584206	-0.013862021	0.013383686	-0.0107166795	-0.02323661	0.022234	0.039836198	-0.014385843	0.01739295	0.012767208
-0.014270247	0.013771681	0.022804786	-0.006907635	-0.03636656	-0.012144061	0.04592586	0.042315736	-0.01698387	0.025748534
0.027384525	-0.01772751	-0.019720033	0.03506684	-0.032499414	-0.03580815	0.039774537	0.021882053	0.035905708	-0.011683777
-0.0145628285	-0.023608511	-0.046838768	0.017549291	0.023018826	-0.037660226	-0.051412743	-0.013827616	-0.02303679	0.032397702
0.01769852	0.0021385415	0.0075708646	0.026978714	-0.0028167674	-0.01064316	0.006359493	-0.007219169	-0.00070964993	0.008076407
0.061036315	-0.013847613	-0.007888923	0.0350255	0.012772106	0.0356454	-0.021874702	-0.03838511	-0.009022489	-0.04545382
-0.007923723	-0.028033327	-0.063324794	0.030225646	0.042834222	0.023403544	-0.03128857	-0.055951506	0.060991805	-0.02986145
-0.053181365	-0.013121761	0.058082383	-0.04260625	-0.017205304	0.023550479	0.052142315	0.021735327	-0.011379444	-0.026158199
0.030089326	-0.06172459	-0.022681117	-0.012690728	-0.041098036	-0.034717668	0.05241064	0.020415245	-0.013403768	-0.039664842
-0.02651148	-0.06280081	0.01469042	-0.08601962	-0.08275023	-0.060251594	0.00269553	0.0011186865	-0.051786304	-0.008181085
-0.016743949	-0.054287802	-0.015618956	0.0029704503	0.0044599413	0.041744906	0.04697933	-0.028516429	0.035207476	0.044544928
-0.05244208	0.012302532	-0.024016187	-0.023745494	-0.031642526	-0.023429357	0.031043466	0.023172006	-0.029276151	0.057125848
0.027067667	-0.016411228	0.050247636	0.00047298928	-0.03384028	0.019119453	0.036950104	-0.027756553	0.017226445	0.026161518
0.013046986	0.038100593	-0.01588728	-0.048916187	-0.018256301	0.03087634	0.032503076	0.027958283	0.002681563	0.022443075
0.06082562	-0.014790078	-0.02141545	0.05918754	-0.027932106	-0.022739053	-0.059345264	-0.044950884	0.051432434	-0.065780126
-0.0009712265	-0.059428297	0.035639234	-0.049226787	-0.026912257	-0.025254551	0.034040548	0.08114684	-0.008908164	0.03086762
0.0074778185	-0.05493271	0.038329706	0.005680436	-0.05404768	-0.032807596	-0.046821218	0.019862272	0.02915871	0.015725495
-0.024781195	-0.022326652	0.04004649	-0.02483317	-0.006518853	0.01773507	0.024244307	-0.019642327	0.031250585	-0.038483337
0.03998094	0.013794554	-0.036282074	0.0018023147	0.05927535	-0.0040976168	0.034872282	-0.00087167363	-0.013681432	-0.03597866
0.05077119	-0.023466047	0.025132097	-0.013813633	0.025847852	-0.03274804	-0.017172007	-0.05413588	-0.032457974	0.02604371
-0.035720732	0.043612815	-0.036338184	0.0017633743	-0.03525893	0.0028966735	-0.04760073	0.04446994	0.022586413	0.02582367
-0.014297177	0.003593444	-0.041638236	0.018649006	-0.017178398	-0.02085022	-0.050430674	-0.073431365	0.03967197	-0.029378038
-0.007691453	0.009483663	-0.014702948	-0.0202747	0.011830768	-0.05305223	0.03542662	-0.02196265	0.041358415	0.058603127
-0.019829543	0.072717346	-0.014390283	-0.0019514293	0.02259093	-0.016151382	-0.037777636	-0.025018595	0.0724259	-0.0176387
0.04258563	-0.012997445	0.030284602	-0.005605553	0.032348927	0.022873007	-0.02221654	-0.014604966	0.055803526	0.018647851
-0.039521746	-0.018557038	0.024327857	-0.00090466626	-0.0067847082	0.0062734787	0.04112536	-0.02742228	-0.031001434	-0.0419516
-0.003369561	-0.031064592	-0.03063857	-0.003492109	0.037683375	-0.017882776	-0.022899812	0.03090429	-0.024277534	0.03541629
0.009968143	-0.036493838	-0.052565377	-0.03892426	-0.026203176	0.02123399	-0.003826668	0.013685319	-0.035319373	-0.01605592
0.026021315	-0.0060272864	-0.037330575	0.04678788	-0.031344436	0.02660236	0.029350832	-0.030678071	-0.038051624	0.0387182
-0.011880226	-0.061017968	-0.014961694	-0.07079735	-0.04800346	-0.014253005	-0.03771002	0.015668584	-0.0003867016	-0.032399748
-0.00077227806	0.01262113	-0.014073666	0.013007014	-0.0020824145	-0.032649	-0.0001100514	0.037473958	-0.026764303	0.021388544
0.035775904	-0.02821373	-0.0443654	-0.03351649	0.051687893	-0.0013416664	-0.017028542	0.023259498	-0.012961355	-0.014732293
0.027850695	0.017805532	-0.010006698	-0.015479591	0.03794716	-0.009833798	5.9800364e-05	0.014117116	-0.039727025	0.020011578
-0.0008051793	0.025644172	-0.026213294	-0.0022426534	-0.015110689	0.00012242846	-0.021167317	-0.039499775	-0.026743399	0.03512536
-0.043041497	-0.0154485	0.012168567	-0.043381598	-0.030509474	0.029761165	0.013110404	0.007529047	-0.061995707	0.0021526497
-0.06964588	-0.07764674	0.062201884	-0.060113937	0.0027728595	-0.02349125	0.0030034848	0.07814208	-0.030753953	0.022673296
-0.025008524	0.01339904	-0.009071209	-0.0051397323	-0.0011248164	0.013247411	-0.047978792	-0.010170525	0.025230803	0.026204046
0.011003787	-0.01229349	0.00016828944	0.0194081	0.023137769	-0.054169476	0.04088362	0.057716083	-0.022360278	0.024154091
-0.01681167	0.043494612	-0.0074045802	-0.0016489805	0.01219842	-0.018250378	-0.04490687	-0.009065765	0.0103597175	-0.030218212
-0.03082902	0.01730785	-0.036420114	0.032796215	0.01506683	0.017688643	0.029447235	-0.04598529	0.024393829	-0.016667133
0.039657705	-0.020632017	0.021230135	0.052436706	0.048217364	0.032037985	-0.0064525804	0.042362485	-0.031055083	0.01621351
0.008125806	-0.01528909	-0.0080883205	0.020204615	-0.030589802	0.013390963	-0.008085726	-0.012466414	0.0063912664	0.017778695
-0.015776884	0.013321619	0.01549487	0.003035162	0.0020148284	-0.0076859305	0.03416289	-0.013777278	-0.045867827	-0.02705826
0.035082277	-0.061615992	0.016878912	-0.050781157	-0.060849283	-0.040715903	-0.014526952	-0.022802535	0.021045413	0.046234794
-0.023892634	-0.04822537	-0.029318664	-0.013313429	-0.012044711	-0.0285506	-0.018831456	0.013896212	0.004609695	-0.036511745
-0.07041286	0.008289479	0.013820124	-0.050865877	-0.06569053	0.0051330803	-0.01975589	0.04527855	0.0004354945	0.035283353
0.04279481	0.046449337	0.0049460093	0.02938298	-0.0042377105	0.034798797	0.01042259	0.037886396	0.017472325	0.02678768
0.040293813	-0.0292089	-0.012139664	0.05150202	0.04811049	-0.0032202147	0.03730104	-0.039627004	-0.041512664	0.016788056
-0.047257494	-0.0305756	0.06600207	-0.051996082	-0.04962224	0.0025718699	-0.03517254	0.0004939025	0.004748542	0.045669295
0.030058816	0.00361667	-0.0017265398	0.04225047	-0.012859756	-0.03586408	0.039890815	-0.004381914	0.00278952	0.0083411345
-0.012092579	-0.02433529	-0.040582534	0.035424244	0.025550153	0.034533806	-0.03342552	-0.0010293325	-0.018236374	-0.004222992
0.02315914	0.033589028	-0.0001807637	0.006920824	0.050752647	0.067276135	0.03178452	0.030403258	-0.009055349	0.00012955233
0.001690851	-0.0627337	0.009836557	-0.0031970188	-0.0061885007	0.0017041033	-0.041798737	0.030348992	-0.06694351	-0.017579209
0.032730803	0.0018930347	-0.07395506	-0.018077532	0.06843048	0.014806995	-0.018576406	-0.024082804	0.017308157	-0.07361247
0.01605787	-0.045072436	-0.03533998	-0.046030756	0.015673662	0.0042869127	0.033742372	-0.03071203	-0.05039924	-0.009495997
0.05599358	0.017419716	-0.006563484	0.03454918	-0.008326209	-0.0064021386	-0.06359962	-0.017461417	-0.033956546	-0.036481872
0.0033550796	0.043969166	0.026766574	-0.035902735	-0.016326016	0.025665244	-0.012311628	0.008624459	0.007356517	0.02009734
0.015817413	0.0117739355	-0.0032506096	-0.019147197	0.02098987	0.03608264	-0.005806063	0.01558059	0.016170764	-0.008654978
0.0358513	0.07449837	-0.016399113	-0.018914202	0.06335939	0.014902764	-0.012466052	-0.0745233	0.06041723	-0.024671612
0.06829023	0.06806965	-0.013563306	0.054063097	0.07496883	-0.012439864	-0.07843192	-0.082191475	0.016092112	-0.0795601
0.024573239	-0.0005199018	8.494492e-05	0.0476376	0.0114104785	0.03954379	0.03340486	-0.0051055513	0.0583876	-0.000577048
0.009896947	-0.051578097	0.047613427	0.0075630364	-0.021195414	-0.049647562	-0.0069013396	0.017603714	0.022748275	0.0404459
0.0025313182	0.004510995	-0.0043617142	0.005203195	-0.018414903	-0.03925937	-0.035688724	0.035823867	-0.046475977	-0.023911308
0.07347445	0.025334952	-0.06542622	0.041891832	0.001246112	0.07137145	-0.0433857	-0.054164544	0.08096156	-0.011783065
-0.008211949	0.009697817	-0.0057811053	0.010193042	-0.035706628	-0.026812712	-0.02650625	-0.020119378	0.003795527	-0.026236061
-0.009130808	-0.019134143	-0.050134383	-0.026163427	-0.010613377	-0.016057024	-0.0035465707	-0.05218756	0.01685162	-0.05975163
-0.0033183212	0.044749334	-0.04975573	-0.007408506	-0.003936442	0.056904055	-0.049375247	0.020809773	-0.014651916	-0.01387457
0.032021694	0.04858036	0.0015608047	0.0023404115	0.0005649727	-0.037000824	-0.04513968	-0.0007692448	-0.015497116	0.04371781
0.021607667	-0.022538735	-0.06933378	-0.00977378	-0.021099199	0.03487555	-0.007951875	-0.014091858	0.029905995	-0.040741194
0.01786381	0.018655643	0.0073575107	0.05442423	0.028260048	-0.015740732	-0.06374652	0.015213233	-0.01831646	-0.05825637
0.039494123	0.016221348	0.0021395304	0.07231178	0.018616954	-0.010754857	-0.030621205	-0.05358563	0.057723343	-0.08024118
-0.007833346	-0.017316712	-0.046765316	0.051541865	-0.004914146	-0.01880278	-0.0032926914	0.031502057	-0.03884004	0.016874362
0.040709436	-0.021154668	-0.017327411	-0.023255084	-0.029418351	-0.01606596	0.0042811255	-0.028222814	0.021113023	-0.015378674
0.004589204	-0.038025875	-0.002474518	0.03446518	0.021597404	0.04827359	0.026782498	-0.04078653	-0.008031303	0.022435073
0.029796619	-0.009958961	-0.019551223	0.027035449	0.0007668113	-0.002871474	0.027715616	0.007326078	-0.014415019	-0.029624023
0.004767546	-0.00059912243	0.031162048	0.007474791	0.016386349	0.028112823	0.041219987	0.042646635	0.02847568	0.053457476
0.007630379	-0.03474627	-0.014271293	-0.005875206	-0.03219115	-0.0043047927	0.03814521	-0.013014106	0.0034060855	0.0049566943
-0.05854994	-0.04649047	-0.0204806	-0.06673866	-0.029873516	-0.053194456	-0.04821443	0.055861816	-0.00063448225	0.05810744
-0.0721232	-0.06623741	0.04727252	0.013740402	-0.073433734	-0.00089684536	0.013292906	0.048929434	-0.03167528	0.061642513
0.0018552634	-0.039446868	-0.037724126	0.037203413	-0.0012143139	0.043868884	-0.00457946	0.0340373	0.005398479	-0.028017446
-0.00044841532	-0.016016435	0.025160983	-0.040612884	0.007073284	-0.019045286	-0.013288333	0.021108529	0.0028754834	-0.042311776
-0.05123936	0.014214091	-0.03282259	0.01732108	0.0039585433	-0.033016864	0.0204579	0.025371604	0.009393838	0.006367264
0.036727056	0.0292023	-0.046984058	0.0722087	0.018839449	0.014327177	0.013116589	-0.044788722	-0.0047737733	0.008130405
-0.06860437	-0.027239133	0.059918933	-0.051682804	0.026186787	-0.04551527	-0.04566632	-0.010211413	-0.0027627032	-0.026183428
0.049646035	-0.031341657	-0.017987525	0.011126733	-0.0022337004	-0.018770162	-0.05562073	-0.004924775	-0.03548765	-0.03835556
-0.0626511	-0.042606927	0.008029467	0.0026801191	0.015499154	0.009820131	0.059604585	-0.022276804	-0.037008498	-0.017732823
0.06828666	0.008648178	-0.015479707	0.038273882	0.07330813	0.049259968	-0.082287155	-0.0037465468	0.024290567	-0.06617239
0.020957343	-0.013475772	-0.028092572	-0.0052675554	0.016466483	0.040610537	-0.034184854	0.02266122	0.029540425	-0.00888994
-0.02494292	0.050797205	0.018807217	0.033789597	-0.011435784	-0.016225815	0.03183146	-0.018178262	0.039419137	-0.03820429
-0.015218378	0.015713593	0.04919378	0.0172296	-0.009899395	0.022679659	-0.035253257	-0.015179231	-0.008671225	-0.0073922286
0.016975641	-0.024604322	0.0036568777	-0.05585794	-0.057252996	0.017067742	-0.02128248	0.010905213	-0.046648756	0.038311657
0.030264322	0.026506383	0.017461019	-0.012064394	-0.0418999	0.044679653	0.060046583	0.015614915	0.0052479412	0.047127593
0.0064443224	-0.01565198	-0.011105112	0.050664365	-0.027323956	-0.006570376	0.040085148	0.012515303	-0.044007525	-0.026993081
-0.054252878	-0.006140986	-0.025932625	-0.0053747604	0.010448354	0.031342894	0.05809639	-0.02832652	0.012746993	-0.017547516
-0.05438715	-0.028873753	0.0236727	-0.014263254	-0.014310842	0.0121488795	0.041675296	0.055304423	0.0041579395	-0.02270681
0.037594892	0.049769904	-0.057210017	-0.007262658	-0.015903236	0.0066373134	-0.02070278	-0.009200946	0.01143108	0.0073652244
-0.0051785405	0.008234323	0.04282168	-0.030466909	-0.021037543	-0.026140096	-0.015849328	0.046158027	0.013527224	-0.0155331865
0.045880407	0.05492144	-0.05581009	-0.030925099	-0.011518623	0.00901053	0.045830544	-0.04718847	0.030165205	-0.026170595
-0.012516265	0.01801445	0.027430426	0.019669868	-0.04853943	0.00091330847	-0.028375408	0.059370335	-0.056785323	-0.01768717
-0.01615877	-0.050964896	0.01828643	0.010026088	0.004849998	0.0073311827	-0.047052402	0.013220591	-0.04636524	-0.018310737
0.047639206	-0.02784761	0.039181966	-0.014888193	-0.028890908	-0.014706597	0.0019709722	-0.0191838	-0.005243755	-0.021580197
-0.026326785	-0.026197996	0.020162825	-0.031842034	0.015396964	0.035061575	0.047692932	-0.00930948	-0.0053615267	-0.009427954
0.0056532146	0.024422616	0.012119624	0.045829944	-0.021842485	0.004143065	0.010439908	-0.02880975	-0.00642477	-0.020072412
0.010432063	0.06455956	-0.058730666	0.050696332	0.07138955	0.0013356027	-0.037343822	-0.003543452	-0.017434735	-0.04550848
-0.039206922	0.036643736	0.017617486	-0.054056585	-0.03176581	0.0015101887	-0.0024649135	0.01806978	0.024503982	0.005219572
-0.037538614	0.039438255	0.0032856383	0.0017639443	0.033143222	-0.030095695	-0.020698627	-0.0049717175	0.050393898	-0.026951745
-0.059831824	0.006277663	-0.017302256	0.017097617	0.005856626	-0.040501367	0.050774164	0.033099007	-0.01051895	-0.005918551
-0.016906867	0.038999822	-0.044670444	0.035695355	-0.017529164	0.047109183	-0.0005312527	-0.012913801	0.015963433	-0.036910865
0.051188447	-0.024842318	0.033190165	0.046809178	0.006958631	0.058642	-0.0063251387	0.024174493	-0.03029202	0.037057165
0.04251688	-0.027037475	-0.04619817	0.011180611	0.005377268	0.03398063	-0.0685296	-0.000986527	0.048807543	-0.06482122
0.03393078	-0.03260904	-0.03822294	-0.016758176	0.013456757	-0.032832634	-0.0030358606	-0.038140975	0.04395743	0.008558563
-0.015656795	0.02426211	0.013256305	0.0034878515	0.01028024	0.06265349	-0.04570683	-0.025590232	-0.0069989725	-0.034245808
0.021844387	0.075070225	-0.049458787	0.07687421	0.032859568	0.061456416	-0.067151494	-0.023557562	0.026278751	-0.022656618
0.03655871	-0.010415531	-0.02941892	0.042154636	0.023405496	0.044023093	0.055796284	0.009061615	0.02300391	-0.042348802
0.05680404	-0.00857875	-0.05352012	-0.00797826	-0.016324332	0.012113635	-0.03630344	-0.038515966	-0.022813918	-0.04155276
0.037948348	-0.0033904125	-0.005582296	-0.044536352	-0.020917278	0.0033238803	0.00037181962	-0.0050218897	0.04030835	-0.015999751
0.0132824145	-0.028897662	0.016787348	0.058218844	0.028566418	0.03409692	-0.013342725	-0.046576835	0.053880483	-0.0048188563
-0.05246177	0.037272833	0.048986174	-0.03338114	0.0116589945	0.0022020245	0.01640744	-0.035083685	-0.052638896	-0.021344244
0.012776383	-0.030036926	0.052771185	-0.07503071	-0.05192586	-0.044765875	-0.0050018956	0.03808841	-0.027442286	0.07431519
0.008595038	0.043251652	-0.045279395	-0.02919833	-0.01800887	-0.032643247	-0.009530106	0.023970185	-0.009003432	0.015342282
0.03620559	0.009443232	-0.020616485	0.03982545	0.024845183	-0.024348564	-0.041495167	0.005444928	0.06382729	-0.026216645
0.03385085	0.015570931	0.022007644	-0.047233257	0.015541512	-0.044268	0.02402098	-0.03297242	-0.023415968	-0.04290137
-0.007451302	-0.017443022	0.027424043	-0.061193556	-0.0074435505	0.0132751	0.05404852	0.0007498586	0.020696871	0.035038266
0.014160513	0.02873492	-0.014163111	-0.011233272	0.04665318	-0.0035006292	-0.0052892016	0.0042869556	0.024150873	-0.0040909895
0.0070001185	-0.002487426	-0.02127846	-0.034909032	-0.010853423	-0.016011572	-0.021806307	-0.020210585	0.029989585	0.008892986
0.03220856	-0.026113186	-0.0027087836	0.045229677	0.0028641617	0.039696153	0.027177826	-0.025967052	0.041535836	-0.0474662
0.010798472	0.008384227	0.028846724	-0.055423453	-0.048472617	-0.033882223	0.037701942	0.08512416	-0.054010987	0.002734508
-0.05495167	0.03812917	-0.022161867	0.017387513	0.03967983	-0.008788977	-0.045372892	-0.021521183	0.014177836	-0.028498733
-0.00017227519	0.008000087	0.024520248	-0.014816599	-0.07113807	-0.03874755	-0.009698662	0.020888995	0.007982948	0.013622353
0.04192674	-0.011921731	0.046172407	-0.015150959	-0.0052784756	-0.0034443496	0.043257944	-0.005170949	-0.03288461	0.030890767
-0.013669563	-0.01681912	-0.03899968	0.026729468	-0.005359947	0.03026212	0.0010196435	0.018275542	-0.016822005	-0.06542985
0.02906469	-0.024892025	0.021677844	0.03432676	0.035322618	0.031210994	0.008203755	0.019008553	0.009233132	-0.046981737
-0.016917769	0.028538547	-0.029196095	-0.010050567	0.024877265	0.052005585	-0.026819859	-0.04771397	0.0010965682	0.011634094
-0.07238301	-0.065027796	0.074775755	-0.065868735	-0.046092715	-0.036517605	-0.02825657	0.023199614	-0.06163558	0.040330574
0.052549515	-0.02244344	0.010575852	0.022379685	0.017239258	-0.039390806	0.05439517	0.043342154	0.047984917	0.010455726
0.015429961	0.068137415	-0.00970058	0.04945512	-0.016560562	0.04699918	0.023043193	-0.021307053	-0.02409091	-0.03780783
-0.030604834	-0.03209955	-0.004854352	0.0045766947	0.013708572	-0.033972714	0.022004088	0.039106037	-0.028403018	0.013199871
0.008429453	-0.0054747346	0.04462604	-0.014055153	-0.05149981	-0.005300178	-0.015904862	0.045332126	0.007668934	0.0072542154
0.007012024	0.010209415	-0.04970673	0.049102884	0.08525782	0.041348625	-0.05893741	-0.062486045	0.04361633	-0.030939246
0.0025260323	0.025118934	0.03801464	-0.052700166	-0.060996126	-0.012463797	-0.028711231	-0.010079804	-0.060817942	0.039735503
0.01610282	0.014038798	-0.0048807263	-0.015319191	-0.040448748	0.04893795	-0.052939754	0.0062102936	-0.040195473	0.0028031073
-5.0171166e-05	0.010069711	-0.050836213	-0.00034151727	-0.004576757	0.021533692	0.043248955	-0.0005225022	0.064768076	-0.04028118
0.022415834	0.07079189	-0.0008226211	0.0656733	0.031212963	0.062451757	-0.03768572	-0.041163098	0.043898053	-0.021278987
-0.034384966	-0.04060515	0.006708138	-0.014128456	-0.040898472	0.012393236	-0.016670113	0.017556498	-0.038710415	0.055461325
-0.0200877	0.04042068	-0.042574637	0.04989938	0.01386874	0.019042328	0.021079782	0.016122237	-0.034912735	-0.04415124
-0.071447074	-0.02386818	0.007985821	-0.033606168	0.0061858296	-0.016588788	0.06463651	0.01610806	-0.037034903	0.0038947414
0.029143237	0.004829846	0.027330358	0.049451098	-0.026733516	-0.01724137	-0.06225278	-0.014319807	-0.0018572625	-0.049410056
-0.01640119	0.037869517	-0.04473791	0.05541257	-0.028072344	-0.033105817	-0.058837377	0.033352293	0.018518947	-0.015392148
-0.006503429	-0.01901916	0.022412675	0.024982452	-0.010678929	0.014165036	0.02982305	-0.028670345	0.030659784	0.045969337
-0.060057916	-0.03312987	0.045365218	-0.053929336	-0.082274325	-0.045471814	0.0015520997	0.038081747	-0.068607494	0.010965415
0.0104146255	0.002199154	0.054697353	0.012421981	-0.023208376	-0.013245426	0.001836496	-0.012719676	0.020198442	0.044116758
-0.04057211	0.020567283	0.044197373	-0.058285587	0.0067540207	-0.060690157	-0.054424323	0.07247989	-0.013833312	-0.028118722
0.03491034	-0.044060584	-0.017420074	0.02892338	0.035895918	-0.036487784	-0.012824028	-0.044050183	0.027463151	0.021397766
-0.01682577	0.030424751	-0.00037357333	-0.040731378	0.025509268	0.009300591	0.025356166	0.02631979	-0.051495258	-0.0055235587
0.021772204	-0.01183012	0.049994133	-0.023623755	0.019833878	0.016457453	0.013753784	0.046025094	-0.021042446	-0.036483333
0.021571225	-0.001173053	0.046271626	0.03354364	0.04698639	-0.04261363	0.0052699223	0.005069837	-0.041635837	-0.028842928
0.02357613	0.06069529	-0.037384182	0.015679052	0.038961634	0.05499453	0.010821072	-0.04665903	0.015058423	-0.026790537
-0.015552521	-0.06489833	-0.013673377	0.010235076	-0.01501062	-0.06678782	0.041505724	-0.024864653	0.00221377	0.05817293
0.008419813	-0.01267618	0.060649358	0.014333061	-0.022160117	-0.008371426	-0.016712422	0.017092034	-0.028214851	-0.02095358
-0.020728026	-0.03525802	-0.0015936093	0.027669735	-0.053145535	-0.026506422	-0.045542486	-0.0421135	0.017968884	-0.033001613
0.038435817	-0.0327282	0.037085775	0.019671315	-0.0045965537	0.015302197	0.0024209977	-0.035282303	0.015054843	-0.004591247
0.027989538	-0.024376176	0.00718135	0.019764828	-0.02125757	0.040768687	-0.00751304	-0.06252896	0.05185849	0.018847307
-0.020680364	0.021351244	-0.010369285	-0.008904089	0.040774293	0.011324408	0.008038506	0.043441374	-0.04365076	0.011197311
-0.002025703	-0.01338882	-0.02283362	0.03821724	-0.010161037	-0.005228355	0.0035960246	-0.0060983826	0.058366645	0.011049104
-0.032647274	0.02116991	-0.032254357	-0.00027854118	0.02184029	0.00851029	0.0026694355	0.0030142253	-0.026835965	0.037415978
0.035593458	0.05846573	-0.0070978673	-0.003993115	0.0362239	0.024388589	0.03290507	-0.04609128	0.047054682	-0.038424656
0.013654942	-0.03790218	-0.046301004	-0.03235793	-0.01868505	-0.01827098	0.031846564	0.03816809	-0.04050918	0.022862917
-0.02447671	0.006456603	-0.001997352	0.0006505969	-0.033450745	-0.004453939	0.006494606	0.007832497	0.00646179	0.0186612
-0.012701712	0.055612452	0.0054823607	0.032202978	-0.018760601	0.06048033	-0.03577442	-0.027351499	0.033338368	-0.01308466
-0.0018946057	0.027895795	0.0033760248	0.07844779	0.03544176	0.010928478	-0.02029792	-0.031400453	0.023769474	-0.07131033
-0.018926214	0.045357015	-0.021002084	0.027533406	0.033355083	0.03892558	0.031290166	-0.030515097	0.016543204	-0.015291556
0.06488034	0.0086582685	-0.016806139	0.05002297	0.07014407	0.06757165	-0.0053435722	-0.06866353	0.02594367	-0.018935267
0.045519378	0.009702219	-0.018159915	-0.024155565	-0.015919171	0.0223096	0.028893372	-0.03560496	-0.00033761698	0.044268027
0.040219363	-0.013146422	0.015208704	0.0021517512	0.050265357	0.04451762	-0.011265304	-0.0004274478	-0.024247102	-0.012236579
-0.0022911949	0.041720547	-0.038752493	0.03483542	-0.026476966	-0.027543219	-0.0037743787	-0.030684168	-0.012772485	-0.007992885
-0.0019221966	-0.017298508	-0.050238833	0.011879307	0.06274147	-0.017249625	-0.033883456	0.024322819	0.030667406	-0.033481155
0.07083819	0.009365067	0.02313087	0.023397688	0.048455805	0.05103753	-0.06833518	-0.04404369	0.063517354	-0.014122135
-0.012561874	-0.039408024	0.039802715	-0.02643152	-0.034036923	-0.057321228	-0.01979316	0.012850682	-0.06875708	0.06118789
0.020384459	0.06688926	-0.06536627	0.011716954	0.012692934	0.038186844	-0.05130315	0.00658395	0.016522104	-0.0437521
-0.010458342	-0.040844936	-0.0010327878	0.024268344	-0.0013293474	-0.060809914	-0.032180864	0.06085362	-0.034505915	0.036297385
0.009180112	-0.05739017	0.012041302	-0.015654614	0.017240858	-0.0048627993	0.014056959	0.0073368894	-0.06690648	0.0529783
0.022319512	-0.051661097	0.0105633885	-0.031415377	-0.045156356	-0.050469205	0.033664938	0.06413886	0.017310381	-0.002819389
0.03368167	0.013592531	-0.03006361	0.06568122	-0.00015532327	0.043292608	-0.06823629	-0.02643742	0.0042306148	-0.03892548
0.023524866	-0.025315773	0.022291552	-0.030537061	0.032318816	-0.037150066	-0.013941143	-0.05231662	0.023559706	0.037588097
-0.039871875	-0.055089917	0.033552375	0.004252337	0.026644476	-0.035708323	0.045727797	0.06345223	0.019076686	0.051254097
-0.023015624	-0.027816413	-0.033293698	0.045611545	-0.018144326	0.024181878	0.026480187	0.018128691	-0.033568453	0.026694905
-0.004168708	0.039256465	-0.02274763	-0.038470745	-0.03353474	-0.012140859	0.0053452114	0.03803238	-0.014265085	-0.020920008
-0.083543964	0.0061896457	-0.012196969	-0.0013802742	-0.033546064	-0.06934716	0.011713327	-0.009549587	-0.05296528	0.044292796
-0.055530943	-0.05663147	0.049919166	-0.052198227	0.019611748	-0.07120154	0.012861572	0.020353585	0.010593155	-0.024232982
0.0037256714	0.031076074	0.005274508	0.022303136	-0.02154258	0.022089634	0.008045176	-0.045055214	0.02643073	0.024440486
-0.07248525	-0.0015888287	0.037166845	-0.018021086	-0.05793449	-0.03688143	-0.022132184	0.068137445	-0.055895165	0.03068407
-0.018512158	-0.062111083	0.05579259	0.015402414	-0.036357563	0.009535681	0.039773054	0.049981263	0.024288151	0.061179977
0.029585332	0.06384113	-0.010627286	0.0059551024	0.062795475	-0.010853964	0.02087024	-0.02753018	-0.024262011	-0.0062191817
0.03970149	0.053407628	-0.062685944	-0.016086694	0.048087377	-0.024727423	-0.05588833	-0.059647165	0.006239069	-0.06638419
0.031405814	0.013233589	0.045159247	-0.026199512	-0.05996861	0.026822092	0.033854485	-0.021752955	-0.016414214	-0.011747956
-0.05392071	-0.051006336	-0.025212228	-0.0021969106	0.016097082	-0.046788927	0.011730097	0.046712186	-0.045066882	0.001647339
0.0060334974	-0.03235032	0.042699292	-0.029514594	0.027382223	0.010649407	-0.0031627775	-0.007157024	-0.0007868063	-0.026097504
0.060679488	0.067822695	-0.0087750275	0.04640941	-0.0013742546	0.08550391	-0.031108977	-0.057794996	-0.012101141	-0.051211704
0.04278669	-0.016974153	-0.02001002	0.023455825	0.0150063345	0.035013244	0.017196152	0.031018123	-0.0076839603	-0.003206069
0.016496576	0.05110623	-0.051269513	0.030191125	0.0711211	0.047560465	0.020416332	-0.04393731	0.062208794	0.0077462792
-0.0070480853	0.029173078	0.031051273	-0.034515236	-0.002768323	-0.01804613	0.022820309	0.042472348	0.026614979	0.008862966
0.02823566	-0.0074340785	-0.009848234	0.00998628	-0.023875587	-0.03393664	-0.0017199059	-0.0475388	0.04611518	-0.029841376
-0.002378342	0.0055942726	0.009281266	-0.02592057	-0.010923945	0.02722286	0.0017810784	0.008542944	-0.03409207	0.03747635
-0.023074731	-0.021685563	0.01954602	0.046003483	0.003998846	-0.0073674177	0.051045604	-0.0052462057	0.034321588	-0.033328164
-0.0038388749	-0.03560117	0.020276135	-0.045531496	-0.052742727	-0.054909576	-0.049790762	0.04411891	-0.03519533	0.03888527
-0.0082114795	-0.038350724	0.0612877	-0.03184656	-0.0014111234	0.024185507	0.0060192547	0.026137313	-0.0058073313	-0.033284318
0.0027326262	-0.03226995	0.031870488	-0.026701113	0.029535715	0.004670318	0.007085116	-0.0010326437	-0.014952155	-0.017858775
0.06567829	0.07093391	-0.048036	0.019772144	0.020036867	0.03175444	0.057115637	-0.08676615	0.081394754	-0.07514895
-0.02976529	-0.021214422	0.015432084	-0.017532658	-0.045836996	0.0010920403	-0.028119493	0.026507288	-0.008737937	0.00852261
0.012464937	0.028950812	0.032616414	-0.035958398	0.032444965	0.012048171	0.019174421	0.0136060165	-0.05827333	-0.01591168
0.038822312	-0.037038572	-0.011791973	-0.003025714	-0.012586211	0.052640874	0.044381503	-0.03191302	-0.014564655	-0.02590573
0.010186917	-0.0180066	-0.0036152618	-0.0521668	-0.04035719	0.016125694	0.029621812	0.012386876	-0.050389625	0.0029342205
0.017090028	0.036974724	-0.030639885	-0.02138891	-0.033376724	0.03476813	0.025991937	-0.049088433	0.035743248	-0.017753428
0.03903811	0.0329378	-0.019543136	0.0117299715	0.056822423	0.016327044	-0.032894135	-3.8468777e-05	0.042047657	-0.045507867
0.06141793	-0.01255102	-0.019385712	0.014915343	-0.001654297	-0.012929833	-0.049335	-0.0032738822	-0.02439657	-0.015621814
-0.013945088	0.046628963	-0.026949989	-0.027578248	-0.03252729	-0.04889992	0.012409223	-0.04462643	-0.03139345	0.016533079
0.048168074	-0.032079555	-0.051591057	-0.0012208142	0.026067412	-0.021722669	-0.016292704	-0.02720978	0.03489538	0.012359809
-0.0037771086	-0.012507953	0.050965894	0.041728072	0.043327264	-0.0095126005	-0.03021198	0.03824299	-0.035694115	-0.018222846
0.03636103	-0.03945377	-0.03441403	-0.0105446465	0.027277382	-0.030518953	0.03474052	-0.035450593	0.031701125	0.04294267
-0.012941531	-0.014849587	0.003932223	-0.04008798	-0.036642455	0.0017218308	0.030666629	-0.01846256	-0.030075291	0.051715083
0.007828326	-0.019936508	0.021301089	-0.037332043	-0.054369736	0.0026827322	0.003214897	0.0014700755	-0.016177187	-0.002910207
0.00952896	0.08554754	-0.054060124	0.066103555	0.047822118	0.014798174	0.007149157	-0.079006776	0.03809505	0.0032653257
0.00032175166	-0.0077461665	0.0033154236	-0.029141879	-0.044511583	-0.00045580152	-0.034545857	-0.010932445	-0.0036987716	0.044754595
0.049577933	-0.027948253	-0.030547732	-0.031817343	0.033903126	-0.029242309	0.03666564	-0.015790008	0.03497662	-0.02922875
0.0027563209	0.007742801	-0.02909951	0.05189504	0.030828748	0.005331495	0.008957781	0.02847039	-0.013778902	-0.040954214
-0.036611836	-0.024458917	0.0064016515	0.041686963	0.017822674	-0.0057204757	0.01949059	0.040639907	-0.03080438	-0.031038273
0.022193657	0.036595494	0.025245834	0.052929148	0.009293183	-0.011216842	0.006966825	-0.01464346	0.02750363	-0.004165271
-0.040536024	0.015034858	0.031539638	-0.00920599	-0.05356372	-0.014960128	-0.013364468	0.018329153	-0.03286771	0.0049415417
0.028347863	-0.008636685	0.018341675	0.04001002	0.045474216	-0.044717267	0.008110389	0.001148199	0.03925954	0.012563062
-0.05163386	-0.059776988	0.0052370103	0.021302735	-0.05396551	0.0045085684	-0.0040566786	0.036799315	-0.0545675	-0.03205915
-0.016048018	-0.029584967	0.023151627	0.018018285	-0.040107355	0.034950055	0.027810385	0.021370785	-0.0208888	0.060366143
-0.039000776	0.03742284	0.013697067	-0.053218216	-0.046678763	-0.051581156	0.049869586	-0.026941583	-0.044558153	0.032425117
-0.049693897	-0.050925512	0.05005622	0.0024229581	0.010830416	-0.055329133	-0.03206903	0.047885496	-0.04861529	0.043440785
-0.047581214	-0.0021095073	0.04650066	-0.06304562	0.027850388	-0.0031674472	0.048218105	-0.03149959	-0.055947635	0.024889609
-0.02479847	0.065224424	-0.038929015	-0.002798022	0.009495588	-0.018861357	-0.051882062	0.0024368628	0.03466604	0.003426303
0.028417563	0.030221727	-0.047833372	0.033849087	0.008957718	0.067387804	0.024357757	-0.046775002	0.0392795	-0.004300359
-0.0051607634	-0.03593666	-0.032551102	-0.041604802	-0.03874878	0.0033584172	-0.008546614	0.025120474	-0.022383455	-0.029623304
-0.046683874	-0.042756457	0.053976446	-0.020779079	-0.0035950989	-0.01973655	0.019687576	0.033943705	-0.015380548	0.013200663
0.01629229	0.003432828	-0.03334845	-0.0490014	0.0010668577	0.041325334	-0.020825468	-0.015520146	-0.0009886572	0.048998315
8.1850085e-05	0.00783446	-0.014599788	-0.0048014475	-0.025633236	-0.06497563	0.024801236	-0.004533436	-0.0014050684	0.02294938
-0.044220194	0.002181095	0.022487024	-0.046024427	-0.0008533738	-0.0041808984	0.048996154	0.0050911284	0.008694732	0.0011821458
0.035559475	0.012824245	-0.006444998	0.0039133946	-0.030466456	0.04209345	-0.028688768	0.014812791	-0.043572165	0.046334133
0.013125585	-0.007281967	-0.025338916	0.018814206	-0.04247321	-0.0319025	0.011433202	0.025055975	0.040266138	-0.022643711
-0.0155693265	0.03769465	0.036103196	0.027163647	0.002764343	-0.011479086	-0.028735181	0.05414865	-0.027736168	0.039797477
0.05784875	-0.028743658	0.019373441	0.023358455	0.024169656	0.054420915	0.033167694	-0.012959724	-0.011217671	-0.0052820235
0.025686592	-0.011451828	-0.03626795	-0.0004554721	0.010855325	-0.03983109	0.040970404	0.011617096	-0.009309318	0.009046741
-0.033898693	0.031367734	0.04495158	-0.05834289	-0.012118729	-0.010358623	-0.0036927324	0.062336434	0.034134332	0.055339754
0.00093852007	0.0021641513	-0.061787043	-0.017443469	0.053895134	0.029953685	0.019268777	-0.03119518	0.0023878817	0.0007517478
0.012037344	-0.02353025	0.014553526	-0.00023146841	-0.029541338	0.05600961	-0.04238761	-0.004796391	-0.037698273	0.045194272
-0.043358047	-0.04987304	0.05285309	0.01962166	-0.01884024	-0.01650728	-0.023629047	-0.013866324	-0.020138472	-0.02424455
0.0016469437	0.059357744	-0.06669764	0.026286095	0.02812351	0.010518489	-0.012311044	0.021571737	0.06515319	0.0011263308
0.0077866786	-0.030641701	-0.0018772422	-0.033997472	0.0024031145	-0.004151467	0.003185903	-0.05688787	-0.023854412	-0.06497074
0.0417209	0.01547487	-0.047068685	-0.015949259	-0.042531498	-0.042520363	0.021268595	-0.0049608233	-0.0314744	0.0064967196
-0.04715883	0.0104933465	0.0038115191	0.027610585	-0.005751124	0.012139921	0.035242964	0.049728237	0.009323015	0.054377805
0.037923407	0.021540776	-0.020713147	0.0502162	0.035038106	0.07340151	0.007828522	0.012015611	0.028367095	0.011413796
-0.0411053	-0.06325063	0.0317986	-0.040756613	-0.029994367	-0.036525078	0.01184177	0.013907236	-0.011453009	0.047386527
-0.035817035	-0.011282869	-0.00456046	-0.04203168	0.014011955	0.016196458	0.041256793	-0.02036203	0.027577167	0.02105823
0.008150106	0.018319273	0.041903295	-0.042593617	-0.035532944	-0.0641411	-0.008550403	0.06657721	-0.02138716	0.0682851
-0.051689684	-0.008199423	-0.00057535287	0.004948782	-0.021609029	-0.0047106748	-0.013612399	0.017960427	0.01614462	0.03205387
-0.025614075	0.0005321725	-0.041062452	0.041526224	0.042497758	-0.041406833	-0.043829415	0.034584325	0.032427486	0.043531276
-0.040355418	0.01292018	-0.022163626	-0.053372767	-0.053477347	-0.060461633	-0.00027524354	-0.013549636	0.009044418	0.064705074
0.0027727038	0.014739558	-0.044759464	-0.031582106	-0.03609375	0.027373275	-0.021543194	-0.040774155	-0.014886474	-0.037204776
0.019831087	0.017785147	0.012142775	-0.011796157	0.044573117	-0.0386622	-0.038715053	0.0060816095	0.016570171	-0.011442427
-0.011892153	0.02924292	-0.06640081	-0.014049367	0.05231696	-0.027751451	-0.005849152	0.018025897	-0.031326454	-0.017555468
-0.02418358	-0.025727397	0.009503403	-0.023185499	0.015136517	-0.06877982	0.0064422004	0.019265937	-0.031193241	0.06261265
-0.043244835	-0.03645208	0.010744463	0.022322062	0.016203064	-0.027385298	0.0637673	-0.021712923	-0.049142204	-0.018352335
0.0075339098	-0.054345824	0.0087455725	-0.04316991	-0.021571085	-0.02263651	-0.03149741	-3.5309808e-05	-0.010043231	-0.02147586
-0.01948223	0.002637587	-0.031055238	-0.033431116	0.029462483	-0.007224815	-0.003107311	-0.05199528	-0.033255033	-0.0025510322
-0.054064445	-0.00067532854	0.042839557	-0.032571528	0.012121324	0.013789854	0.031639438	-0.043965004	0.043981623	0.029438693
-0.021664115	0.07144229	-0.015621495	0.024609124	0.03158331	-0.00013478007	-0.061719786	-0.0010288449	0.06242601	-0.034559496
-0.06192332	-0.010132096	0.0656385	-0.042396836	0.031554677	-0.015435488	0.015159714	0.049635448	-0.032871105	0.049381163
-0.051532745	0.037134353	-0.003909911	-0.034005538	0.02517709	-0.037650052	-0.011232301	0.0033622927	0.046912327	0.004456226
0.031005617	-0.05305084	-0.015269647	-0.014402089	-0.04893277	0.009423109	0.043550093	0.037388425	0.003452353	-0.024144487
-0.02219296	0.06912704	-0.047349177	0.033060797	0.01820984	0.051074784	-0.059038952	-0.06847657	0.061227262	-0.06779947
-0.0147304805	0.021444371	0.0065179924	-0.00523616	0.06369909	-0.0116247665	-0.057478014	-0.018949548	-0.02001661	-0.04800541
-0.059354365	-0.051490832	0.0463486	-0.028824445	0.0026043956	0.016577845	-0.019822352	0.058421593	-0.05110803	0.050642844
0.0676772	0.06300681	-0.008376787	0.030840104	-0.021444874	0.047218706	-0.039742827	0.0047458066	-0.010279237	-0.019502716
-0.011217822	-0.04177518	0.06502529	-0.04303666	-0.014971092	-0.010076088	0.06728325	0.058730867	0.01860834	-0.02003176
0.019726539	0.078338526	-0.038274106	0.05383534	-0.0047509745	0.011106798	-0.010876383	-0.036587823	0.06865951	-0.021638691
-0.013735799	-0.047518894	-0.002496018	-0.031466022	-0.03603504	0.027783623	-0.034309175	0.008083688	-0.0072236643	-0.038611416
0.029957796	0.038361616	0.034155585	-0.036828045	-0.009187328	-0.021664646	-0.026929088	0.00080866384	-0.0457559	0.037555974
-0.047507443	-0.058948923	0.02765491	-0.030022865	-0.083104104	-0.020001026	0.011557126	0.0034141282	-0.0007802931	-0.011623206
0.009114552	-0.01209932	0.04386468	0.011880274	-0.0022537133	-0.0012063453	0.046917714	0.052080482	-0.031852182	0.050848044
-0.029921465	-0.04246526	-0.040122874	-0.038823187	0.04571979	-0.0018343421	-0.0067381775	-0.04609823	0.020391412	0.04974223
-0.053455	-0.05325365	0.06227208	0.013062359	0.0042368886	-0.021392789	-0.013299346	-0.00902927	-0.01578917	0.0015216973
0.0074965064	-0.0042508426	-0.0072534243	-0.0037571988	0.037069295	0.04301089	0.008197705	0.0224785	0.051267337	-0.048317336
0.05784726	0.046306405	-0.0032533752	0.062533475	0.02228314	0.00047632397	-0.023155246	0.011751246	0.003125123	-0.03229453
0.022674737	-0.045744322	0.04108346	0.00069822767	-0.012800782	0.0048335376	0.038932454	0.029570593	0.027693328	0.058353394
-0.029602163	7.4709824e-05	0.03188147	0.046552096	0.06326454	0.05473365	-0.036775723	0.026925998	0.049424056	0.008893257
0.00589736	-0.0013600735	0.03370304	0.0007441018	-0.049441684	-0.06821905	-0.0014188061	-0.010409139	-0.0090852715	0.05152
0.043037847	0.02334767	-0.038772658	-0.02237153	0.04061565	0.013627817	-0.049166888	0.0143798385	0.020993343	-0.04561144
-0.0060671703	-0.07006106	0.057541866	-0.034208797	-0.04708458	0.011019649	0.02519901	-0.000116136354	0.02846258	0.05993921
0.061309103	0.058789495	0.0010216493	0.008775575	-0.00065024063	0.073795035	-0.019826077	-0.035952557	-0.010591237	-0.03563279
0.04419505	0.05936514	-0.008709781	0.05279244	0.023359224	0.050197147	-0.05809772	-0.043670345	0.051533286	-0.04293669
-0.02801071	0.030488273	0.028705442	-0.016253276	-0.001748499	0.032345243	0.03670214	0.017552406	0.04692899	0.020528123
0.0032650223	0.026089063	-0.05442959	0.00820006	0.045598138	0.016943818	0.0017537669	-0.04409184	0.01723146	-0.015126176
0.06571183	0.047196638	-0.052731026	-0.0086353505	0.011855906	0.07099436	-0.03598454	-0.07949295	-0.0058431677	-0.0748346
0.029854314	-0.0013145461	-0.03635846	0.008025509	-0.038991705	-0.021031287	-0.0077530984	-0.035173163	0.038817376	0.028958347
0.011285539	-0.015477884	0.006051309	0.026592122	-0.03454444	0.026184862	0.013263982	0.028532708	0.024869397	0.03638234
-0.0026220055	0.0029686473	0.014393759	0.0521085	0.058022834	-0.014289661	0.0007823388	-0.04537883	0.061992977	-0.021283025
-0.049756523	0.016627427	0.046585005	-0.032242578	0.023585193	-0.009389034	0.04960153	0.023543062	-0.028454416	0.054686937
-0.015359591	-0.03373259	0.04501634	-0.029875547	0.0066249794	-0.019678105	0.021871135	-0.0051090345	-0.075589724	0.073445566
0.06571001	0.06966313	0.0125804255	0.06667008	0.021881966	0.017060421	-0.0040921643	-0.004847329	0.06961214	-0.051827133
-0.040179286	-0.04504172	-0.019340709	0.04385944	-0.01994268	0.022435104	-0.033411935	0.026233824	-0.010085985	-0.027832814
-0.038912226	-0.008095094	-0.0016548436	0.0025812695	-0.067805	-0.05087945	0.0053935326	0.013618474	0.012503901	0.022204632
0.041633427	-0.0022242707	0.018981311	-0.02720604	0.010410367	-0.028537102	-0.031110846	0.0004461269	-0.015553143	-0.031211255
-0.0367807	-0.037497316	-0.030800346	0.037115484	0.018381763	-0.026504446	0.035384055	0.0230198	-0.006372441	0.037506647
0.017350333	0.0467452	0.02587398	0.043720946	0.026825354	0.01334109	-0.022160804	-0.07030576	0.048364382	0.022532431
-0.07599792	0.011043311	0.04504768	0.0021182452	-0.07172953	0.003032676	0.022095907	0.045917567	-0.036888517	0.025205577
-0.00025946926	0.026270438	-0.037027583	-0.056778967	-0.027762543	0.022027364	0.031371653	0.007514834	0.017380994	0.041639213
0.011873584	-0.03135501	0.0043905647	-0.06618468	-0.0019553655	-0.014395377	-0.00858063	-0.02391982	0.0020453297	-0.023621796
0.07563634	0.06359989	0.0012173033	0.049289104	0.03783413	-0.017134074	0.00922889	-0.072102904	0.060068097	-0.064840764
-0.040113293	0.010482233	-0.0064539574	-0.031803902	0.019102165	0.033140574	-0.039236814	0.045407765	0.04331208	-0.014373675
0.004879476	-0.043836944	-0.008750715	0.0040390044	0.027718024	-0.010982368	0.019816685	0.01751735	-0.029860001	-0.01638984
0.006980257	0.020866796	-0.02099905	-0.01986547	0.03422234	-0.008168307	0.02631556	-0.018192109	-0.05170878	0.02787788
0.038002856	-0.0087809805	-0.019881703	0.016703624	0.07686203	-0.012823966	-0.04684402	-0.04297969	0.0058193933	-0.01123048
-0.03501757	-0.028168466	0.038262762	0.023722861	0.03734607	0.033239327	0.027614733	0.026178205	-0.006818179	-0.03617149
-0.07066103	-0.010225387	0.050327696	-0.017456328	-0.06904567	-0.07597413	0.03848171	0.02321361	-0.055361222	0.0034273337
-0.017045066	-0.010633422	0.012973396	-0.041316308	-0.021180788	-0.0122345	-0.029022112	0.0507689	0.018864408	0.030779572
0.06056232	0.042148188	0.008667344	0.03665288	-0.027644895	0.000552269	0.012544161	0.024783129	-0.0060578217	0.010716605
-0.025092807	0.02729927	0.041898254	-0.0036846134	-0.011261905	-0.00768874	-0.030650366	0.047735594	-0.001348444	-0.015204812
0.045202903	0.00833351	-0.001706038	-0.035976086	-0.007910966	0.034354188	0.019156985	-0.036385287	-0.04359161	0.009094244
0.050605398	0.01957424	-0.065183416	0.07693874	0.019984366	0.042911112	-0.0027490368	-0.027258387	0.067883365	0.01703072
0.0049385135	0.00025032522	-0.028020361	0.019763172	-0.0146054225	-0.017837003	0.027877275	-0.046461113	-0.043322768	-0.004082345
-0.051716734	-0.023928976	0.04028554	0.030135918	-0.021477602	-0.05375329	-0.034815796	-0.0021373497	-0.034330666	0.018565265
0.012126048	-0.009792755	-0.0023896033	-0.020724641	0.008738512	-0.07235661	0.041150864	-0.01876869	0.0029072454	-0.01080799
-0.044899575	-0.04624664	0.07554365	-0.05765038	-0.011097023	0.01022597	0.017509451	0.043086387	-0.04641884	-0.017131398
-0.016570088	-0.030656062	-0.02644435	0.012220812	-0.045521688	0.0009174651	0.022024488	-0.0005488484	-0.0060643298	-0.03914071
0.022421928	-0.035046004	-0.047137886	-0.013933812	-0.0027306962	-0.009641372	0.032263737	0.023618817	0.01660638	0.018137326
-0.052838314	-0.07035321	-0.013878086	-0.06869907	-0.024828404	-0.006565378	0.067983314	-0.018404821	-0.06990167	0.020890784
-0.03906627	-0.049224444	0.018670248	-0.009325366	0.014277637	0.011581582	0.047981013	0.037975043	-0.054845463	0.02486476
-0.08538815	0.008041234	0.077471696	-0.0786917	-0.069087744	-0.015308948	0.047172546	0.015644109	0.0033879944	0.04805531
0.04366594	0.010898732	-0.0149804	0.05527016	-0.029090233	-0.01291778	-0.041208606	-0.05995204	0.020388832	-0.041968267
-0.03239405	-0.03013545	-0.04730024	-0.047867533	0.009377655	-0.01975697	-0.013627905	0.025393635	0.0257188	0.04684244
-0.077838294	-0.010123329	0.07699821	-0.027905714	-0.005980364	0.006707573	0.048351314	0.018069964	-0.06918463	-0.020412013
-0.028724188	-0.0543563	0.055550247	-0.032120064	-0.04916489	0.021233382	0.0061047752	0.034595035	0.019546162	0.030841833
0.03152478	0.013587539	0.020593056	-0.0114955	-0.06075431	-0.045039494	0.04317996	0.020970186	-0.004220461	0.050404042
0.016548105	0.03997562	-0.048692424	0.06219555	0.04908365	0.026243601	0.015420088	0.011122745	0.06740145	-0.027317442
-0.00080721057	-0.009584747	0.0044667725	-0.0027208326	-0.031389125	-0.004579047	-0.004563451	0.024351668	0.026579432	-0.026767831
0.00013049417	0.066612124	0.013879299	0.07255045	0.055279303	0.068896905	-0.06264218	-0.04322792	0.014342763	-0.033688743
-0.043493927	-0.022680366	0.009068582	0.022199295	-0.0035856303	-0.0060965237	0.0626069	0.045957338	-0.059349984	0.056875568
-0.016207121	0.028722867	-0.034481376	-0.012405288	-0.008646293	-0.044956367	-0.02073949	0.00034897096	0.00345874	-0.036460754
-0.0020873016	-0.014128227	-0.042854182	0.02489305	0.03773023	0.023718938	0.029198013	-0.011999379	0.009214644	-0.03920581
0.0076618916	-0.012505956	0.040111728	0.0022180772	-0.014805271	-0.007213618	-0.024855265	-0.021296807	-0.04101996	0.06400103
-0.03846858	-0.017987657	-0.04145207	0.048531972	-0.023861818	-0.033283096	0.00574426	-0.033531144	0.021070283	-0.013269356
-0.030525748	-0.02561157	-0.0057386365	0.0523244	0.022517018	0.019011838	0.03946025	-0.041609038	0.046500806	0.035669688
-0.025734084	0.025790771	0.04392688	-0.02922032	-0.012835144	0.022495056	0.024904285	-0.0050335336	-0.031306423	-0.016493566
0.02004984	-0.0073455055	-0.020946799	-0.0077952244	-0.035464607	0.035026375	0.04617572	-0.027385509	0.026823934	-0.012869161
0.02350196	0.026438754	0.0041845716	-0.039686903	0.03103747	0.0021402626	0.04698597	0.052928694	0.033500332	0.011369849
0.025438223	-0.0032916877	-0.056564122	-0.0054385895	0.035019748	0.013117286	-0.04226884	-0.060165297	0.0709313	-0.040254362
0.015599081	0.027900983	0.029310903	-0.011818643	0.012427691	-0.008772027	0.03992923	-0.020378739	-0.038460307	0.016278237
0.008142102	-0.04404277	-0.011821473	-0.00077510905	0.0005198492	-0.04407256	0.04210535	0.051304024	-0.054937873	-0.023487536
0.013038098	-0.045376763	0.044593267	-0.072687045	-0.0660994	-0.016736934	0.019194135	0.05165998	-0.071485184	0.024556417
0.022973467	-0.030991659	-0.006956605	-0.048871256	0.003271244	-0.01740947	-0.01330526	0.064820156	-0.031203102	-0.014608824
-0.034331635	-0.044750456	-0.014774382	-0.046047833	-2.4156407e-05	-0.024382161	0.021698276	0.024406243	-0.041522067	-0.026452314
0.058140356	0.038068328	0.008247886	0.03335387	0.038327843	-0.030493967	-0.030425841	-0.02523633	0.023656642	0.014926976
0.004504981	0.016454794	-0.007758465	-0.01967584	-0.004208624	-0.011529746	-0.049082614	0.0292314	-0.045503702	-0.016781585
0.03072085	0.0039983885	0.014933129	-0.017801894	-0.037297066	0.0062610665	-0.03933785	0.0030229331	-0.009850279	0.025925633
0.019516017	0.05055375	-0.04583506	0.0014981424	0.007896039	-0.013252409	0.008475842	0.0068157907	-0.009536508	-0.03496768
-0.0031945338	0.018751549	-0.037420765	-0.023141285	-0.036828384	-0.013968668	-0.020101447	-0.05201711	0.045760665	0.025113516
0.061383415	0.039702598	0.018675117	0.049010504	0.0026896305	0.009678194	-0.013282477	-0.05837736	0.00315447	-0.04902059
-0.020760646	0.0074161035	0.015454641	-0.055999316	-0.054604556	0.02586972	0.01237634	0.0014117598	-0.01695164	0.022244038
-0.0038745538	0.010707103	-0.024525288	0.020416949	-0.018616663	0.014140811	0.050726693	0.057670306	-0.004848538	0.02513172
0.037766714	0.021250857	0.013011327	0.026193334	-0.018909704	0.018822756	0.027890297	-0.03621966	-0.047052667	0.03032458
-0.066549174	-0.01622746	0.03969135	0.009710888	-0.014562105	-0.07215259	0.04770222	0.005160529	-0.05840804	0.04063081
-0.030739825	0.03991433	-0.01398905	0.025931656	0.02874969	0.026148798	0.00057569885	0.027218001	0.022624869	-0.016458673
0.0030421314	0.015950171	0.0063697463	0.0046579484	-0.020998675	-0.04773203	-0.037470274	-0.022091882	0.014941123	0.0032175498
-0.06333179	-0.0750707	0.030892892	-0.0042426735	-0.059676226	0.002585257	0.055337984	0.02275932	-0.041180026	-0.023837939
-0.022172924	-0.010451532	-0.058312085	0.028077234	0.022766829	-0.008072929	0.029499216	-0.01887278	0.011819785	0.03593879
-0.012529219	-0.082926035	0.031841964	-0.04717679	-0.0056908657	-0.06279098	0.014348762	0.04201593	-0.056370296	0.023452543
-0.017119728	0.0056833164	0.06190669	-0.018543923	-0.00466693	0.0016685633	-0.015187407	0.018357093	-0.018156797	0.0042900033
-0.0544696	-0.0016081743	-0.019993883	-0.032182075	0.009642808	-0.039421245	0.043185253	-0.026744716	-0.058167186	0.023792364
-0.026922733	-0.03030859	0.028277082	-0.0034758141	0.03470642	-0.028594865	-0.03167919	0.030961225	0.03824881	-0.06209636
0.013339929	0.034893025	-0.0012728017	-0.0021045683	0.0026530824	-0.015340206	0.006933468	-0.0438229	0.042790193	0.028549274
0.0199678	0.025719546	0.025029443	-0.003353006	0.031099753	-0.020998038	0.0099826725	0.029605247	0.047341157	0.019874914
-0.007584381	0.020059302	-0.054235157	0.0017289656	0.016642887	-0.03302595	-0.010292232	-0.001271196	0.030546017	0.034713697
-0.05434392	-0.025021754	-0.038833585	-0.0058888043	-0.01609814	0.034988683	0.034975242	0.030475479	0.016884733	-0.0035219637
-0.01113772	-0.035727248	0.0060620485	-0.03456689	-0.0138564585	0.056281094	0.03851607	-0.023497062	-0.019561626	-0.047537576
-0.06890695	-0.03431853	-0.012817348	-0.0035241556	-0.013895977	-0.016566152	0.004132479	0.05856687	-0.018625833	0.06527687
0.050396383	0.025758963	0.0036478068	0.07225273	0.034636203	0.07662202	-0.018453011	-0.07160787	0.046103425	-0.022175288
-0.011244495	-0.014879765	-0.0016948939	-0.047702692	0.026302123	-0.05052284	0.01905019	0.009401952	0.03649875	-0.011340287
0.055640806	4.119614e-05	-0.00030300324	-0.031976867	-0.017530484	0.04869201	0.039567064	-0.013226382	0.019486068	-0.054385558
0.038051922	-0.026509011	-0.0051770248	-0.020494735	0.025502503	0.03050873	-0.044081647	-0.04780943	0.066742614	-0.008993614
0.03982112	0.037579913	0.0077398596	0.023737848	-0.0028438177	0.06743687	-0.02670383	-0.0294669	-0.0066573108	-0.040927164
0.032829694	-0.0071944543	-0.05056174	0.0011622905	0.01748382	0.049218062	-0.043016303	-0.0777916	-0.0069373264	-0.044091005
0.021515734	0.023659196	0.0135295475	0.0047680847	-0.007159961	0.038050286	0.003810532	-0.08103476	-0.014835698	-0.07878001
-0.026357068	-0.002392179	0.07131882	-0.042782333	0.0015903614	-0.027097005	0.036661502	-0.0010444747	-0.021192065	0.061655525
-0.017362345	-0.0651462	0.014544023	-0.043730233	0.002945657	-0.06349148	-0.018282127	0.043341145	-0.0030243949	0.038659252
-0.0175791	-0.062397514	0.04163378	0.023525538	-0.039166965	-0.0001987211	0.028162584	0.067919515	-0.022912294	0.010622351
0.016755234	0.023168396	0.03621445	-0.015187489	-0.026572092	0.023770295	-0.003900552	-0.005729611	0.038109463	-0.026273584
0.046816792	-0.039270326	0.035207495	-0.014057166	0.0379709	-0.03148431	-0.020863846	-0.0003417532	-0.012528474	-0.05067333
0.034962617	-0.031302113	0.026964083	-0.0014016615	0.042048603	0.01787891	0.031185454	-0.008204591	0.05723712	0.023362927
-0.014316291	-0.0729057	-0.015362099	-0.05016377	-0.042902917	-0.045448232	-0.005670648	0.029657818	-0.02025353	0.037678357
0.058843754	-0.018734887	-0.014003387	0.023432363	0.022680452	0.01587155	-0.03897052	0.017096454	0.014294139	-0.05668255
0.04267739	0.015840786	0.0100990655	0.02950149	0.021046525	0.030541161	-0.023161285	-0.064792946	-0.025264135	-0.0015930545
0.0009427653	0.04061451	0.0054874853	0.03357937	0.033497706	0.03382538	-0.015889883	0.0061811735	0.031795897	-0.0055116
0.04286987	-0.0042428123	0.0396012	0.019088306	0.042283904	-0.0042899656	-0.036246847	0.041637305	0.0026516195	0.006184756
-0.0085658105	0.0032498008	-0.030734496	0.038314212	0.022319091	-0.0016266084	0.033198003	0.056453303	-0.005873777	0.036968604
-0.05283632	-0.011876838	0.016397886	0.003048027	-0.034554973	-0.010074692	0.013530658	-0.007444289	-0.06641198	0.06492377
-0.04444401	-0.010451637	0.05433063	-0.021736437	0.016853645	0.006110167	0.010679313	0.043404303	0.02838512	-0.0003657221
-0.046597663	-0.059277847	-0.013534463	-0.06463315	0.014500022	-0.062946066	-0.01670708	0.043432057	-0.002338381	0.011563166
-0.0149889095	-0.03213317	0.0173765	-0.049682952	0.013736201	-0.0019325652	-0.04276568	0.017555885	-0.033283852	0.055642933
-0.018135639	-0.03659023	0.040282857	-0.06431346	0.012379304	0.023345053	-0.017658358	-0.02824859	-0.03187692	0.053262904
0.031836975	0.0112180235	-0.0017612854	-0.013945142	-0.013247619	-0.012901034	-0.02564997	0.028158499	0.06643124	-0.0128023885
-0.03334974	-0.027893811	0.030727994	0.033564128	0.008624715	0.028780604	0.025366865	-0.006792244	0.021732766	-0.02071103
0.053248443	0.04989435	0.04363111	-0.042566285	-0.015967488	0.014885957	0.0101797255	-0.03384943	-0.0010338674	0.02886655
0.017162735	-0.04125411	-9.123731e-05	0.028205233	-0.039279785	-0.0038537364	-0.018602328	-0.022253156	0.04865159	-0.038662024
0.027927961	0.043221217	0.03864089	0.012510805	0.044484805	-0.027446115	0.03254658	0.0398014	0.028731957	0.001458271
0.033512037	0.022752257	0.0007015732	0.051843658	0.035173427	-0.0013512499	0.026042806	0.022768531	-0.029965805	0.006964965
-0.001639262	0.043908954	0.0077657206	0.049884956	-0.034515563	0.00667746	-0.018722186	0.030231953	0.047241442	0.03920568
-0.0037065044	0.05504034	-0.03426236	-0.017828606	-0.032470986	0.05114396	-0.026689386	-0.0113242725	0.003876289	0.036036026
-0.030554043	-0.044997748	0.0037839815	-0.04117815	0.011074346	-0.042222995	-0.0017506193	0.02123203	-0.0050605177	0.05940922
-0.07418403	-0.059604716	0.032919854	-0.058440983	-0.001351454	0.01275584	0.07446017	0.045667	-0.0395836	0.035907414
0.0048106057	-0.046463594	-0.03265958	-0.010653249	0.03715276	-0.042207383	-0.020153183	0.010119554	-0.037790533	-0.0426563
-0.008034699	0.03790682	-0.043186724	-0.02730472	0.04035514	0.047401674	-0.051174246	0.0355472	0.00011538568	-0.043748036
-0.010107988	-0.011883112	-0.006411075	-0.0422112	-0.05553474	0.03281359	-0.0639551	-0.011325016	0.0314036	0.034628157
-0.0542123	0.017685318	0.036225162	-0.047983207	-0.06075436	-0.011735635	0.020521732	0.074713945	-0.061440732	-0.019349493
-0.016145779	-0.033658225	-0.032842815	0.016795266	-0.013734144	-0.020928856	0.023268037	-0.047237974	-0.0025387872	-0.017532261
-0.0046342155	-0.019039309	-0.051004965	-0.012676704	0.012224699	-0.0049056867	-0.002217791	-0.06256424	0.019113176	-0.058531534
-0.02175248	-0.012586697	-0.0074998466	-0.023532802	-0.04548526	-0.053116713	-0.023350105	-0.007739885	-0.061955582	0.039403133
0.039679587	-0.018170672	-0.017635053	0.006709012	-0.0043858867	-0.013252303	0.0136054745	-0.0074716783	-0.032840688	-0.045872595
-0.010312682	0.010007132	-0.025276793	0.019261556	0.014571877	0.03771487	0.003037394	0.007373112	0.007966009	-0.037388433
0.022677165	-0.036524214	-0.023274934	0.025921226	-0.041345138	-0.024163073	0.02930849	0.0028025622	-0.02499301	0.058574524
0.05059983	0.014545783	-0.026789827	-0.011789235	-0.00067875953	0.014375732	0.012755327	-0.0056584016	0.07244235	-0.03691332
-0.013738435	-0.009856564	0.04229639	-0.0026828942	-0.06998145	0.0123860845	0.07901791	-0.016333602	-0.02516335	0.035303034
0.037122596	-0.010083143	-0.053769816	-0.007657599	0.05158034	0.019453231	-0.03188197	-0.059721548	-0.005764795	0.013906472
0.069648415	0.034578037	-0.017659267	0.0056281853	0.038245246	0.021977592	-0.0072363126	-0.051994402	0.010097395	-0.0059918086
-0.02145132	-0.057555515	0.022400513	0.007884563	0.029000279	-0.06280538	0.015052361	0.005045279	-0.056764964	-0.028218234
-0.055815186	-0.038356483	0.0044778567	0.017848719	0.007863716	-0.03035057	0.026609302	0.038056426	0.008201335	0.05086325
-0.013676562	0.03890913	-0.0088860225	0.023059525	0.00998976	0.036716316	-0.014808571	0.015378992	0.039684977	0.020316685
-0.043435566	0.014308845	-0.036078855	-0.014783642	-0.026800074	0.012978794	-0.031026047	0.03798924	-0.018850606	0.026116343
0.015432571	-0.04966398	-0.015287311	-0.044633385	-0.05624104	-0.04482645	-0.036474638	-0.025251051	0.042011928	-0.03417621
0.011426641	-0.021720538	-0.033230696	0.019631268	-0.018475294	-0.008530808	0.02761231	-0.040131815	0.049590696	-0.026504394
-0.0039045063	0.011563841	0.04040443	0.021331672	0.015844224	0.011709512	-0.0026525692	-0.05437572	0.0066761617	0.016526653
0.027967874	0.021812389	0.032147687	0.015730655	0.010624439	0.0077341343	0.017236581	-0.034763314	-0.020816144	0.0027280953
-0.00436331	0.048114836	0.020422922	0.0012554104	0.0033746795	0.054289784	0.021834735	-0.05316285	0.03758782	-0.028615288
-0.02788193	0.031632837	0.012994251	-0.02456329	0.014796442	-0.023292558	-0.050565284	0.01917265	0.034672752	-0.019654889
0.025942534	0.002534913	-0.011247862	0.00056035246	0.008551944	0.034092482	-0.015298248	-0.042106695	-0.015378013	0.008770383
-0.047535323	0.0060876147	0.05238345	0.013861157	-0.033203114	-0.0128783425	0.040594228	0.020015314	-0.0139581645	0.030919202
-0.04184903	-0.012723491	-0.046497513	0.026215537	-0.047944095	0.04676844	0.008947223	-0.016695695	0.010215448	0.010573655
-0.039109893	0.0093617905	-0.029821197	-0.04275284	-0.009103165	0.038867842	-0.046317343	-0.023280744	0.014343735	-0.0069677727
-0.008368165	0.030796194	-0.014601407	-0.02508107	-0.0009930008	-0.042091303	-0.0044952626	-0.023334797	0.032769382	0.04278199
-0.028550787	-0.049891487	0.032085877	-0.020072063	0.006491538	-0.06175168	-0.0136813605	0.009247557	-0.060412437	-0.0042390865
-0.056045488	-0.0493776	0.027935151	0.022820067	-0.009937186	-0.015093388	0.027962567	0.0071693123	-0.05097832	0.050509058
-0.030861272	-0.011612046	0.010963447	-0.06345185	-0.04137176	-0.0274882	0.045315392	-0.017494095	-0.04446388	-0.030428873
-0.010031391	0.04577264	-0.009803007	-0.012308419	0.026025832	0.05372295	-0.051001597	0.02251633	-0.017626725	-0.05961854
-0.007896292	-0.03827315	-0.0230883	0.013143209	0.00071880064	-0.006896777	0.056714617	0.02090042	0.015595606	0.07079268
0.03671372	0.03564733	0.013013057	-0.016026719	0.037441958	0.00021966553	-0.051829707	-0.008046851	-0.007134305	-0.061725933
0.02570359	0.024709651	0.016030082	0.0535907	-0.032712232	0.008685692	-0.04138706	-0.051521983	0.052492883	0.011678585
0.054309215	0.03873272	-0.025746204	0.06220962	-0.019668953	-0.033616193	-0.058525603	-0.045051172	-0.0150694465	0.03428995
0.008086468	0.025414392	0.029228067	-0.027954752	-0.021812206	0.014566515	0.026669009	0.025035018	0.026240695	0.005716664
0.028423928	0.0055362466	-0.054395523	0.069026746	-0.0039360826	0.054579843	0.015394149	0.01184594	0.019612845	-0.03442154
-0.010832366	0.0261327	-0.046861723	-0.019974148	0.00053146813	0.038663212	-0.04355494	-0.02080865	0.06280533	-0.01354434
0.028015962	0.027154876	-0.0010912635	0.0502981	-0.0056525995	-0.011312624	0.019570755	0.040082596	-0.027384233	-0.05916757
0.042412452	0.05367837	-0.03754205	-0.02843744	-0.018867439	-0.03609007	0.0052491855	0.020094853	-0.02224147	-0.010067265
0.04242615	-0.04247642	-0.017103238	0.0030395424	-0.02423884	0.006508601	-0.028569577	0.009323094	-0.043867227	-0.04580709
-0.07327494	-0.04902943	0.032519832	-0.06555351	-0.011332795	-0.024474738	0.043983806	0.06655288	-0.003915811	0.023253655
0.045789436	0.023524268	-0.058994967	-0.0034118483	0.04991491	0.017134361	-0.021636982	-0.06876058	0.013842103	-0.0036044107
-0.06496304	-0.058455627	-0.0097373575	0.012575302	-0.04804975	-0.0350073	0.01834139	0.040290974	-0.06953995	0.030568361
-0.009670856	-0.026114488	-0.003783175	0.014247927	0.02094658	0.047251496	-0.005755367	-0.05834017	0.015055537	0.0021607052
0.0133192055	-0.013023285	-0.011889172	0.013480678	0.010295836	-0.037311018	-0.0099399015	-0.0059000584	0.048869595	-0.039399777
0.0221263	0.024752874	0.004012366	0.007097165	0.051924456	-0.008936938	0.005271332	-0.0030504158	0.04338003	0.022703497
0.03315323	-0.017597413	0.0031741117	0.016606072	0.02521263	-0.017007384	0.027049981	-0.024346922	-0.012057861	0.014466453
0.012947896	0.00703324	0.058462083	-0.050924227	-0.041321874	0.01000057	0.06766944	0.056938376	-0.026452666	0.011767874
0.040266365	-0.010215658	0.0069149924	0.03797114	0.0059058475	0.058792464	-0.049458925	-0.06670794	0.033636607	-0.018354675
-0.006967768	0.036373623	0.0021117518	0.05906791	0.0846131	0.015663259	-0.050833847	-0.06358929	0.024437461	-0.038030688
-0.020748314	-0.039066013	-0.026340483	-0.045123722	0.022509854	-0.029036188	-0.039638374	0.022305973	-0.0036997385	0.032173272
0.010152635	-0.03857864	0.014274009	-0.027367078	0.021838892	-0.022521226	0.025769455	0.017834378	-0.02305049	-0.04633057
-0.04223661	-0.0051872367	0.014023598	-0.0035766824	-0.004928421	-0.01957687	-0.0016800668	0.03340213	0.042784955	-0.038665697
-0.020083258	0.019879242	0.006761308	-0.02093481	0.025886416	0.033988565	0.015987575	-0.07112443	0.071488895	0.012000135
-0.00031410457	-0.036869302	-0.032538123	-0.044197235	-0.029053962	-0.005234522	0.06289965	0.03262373	0.014217344	-0.021220325
-0.046439216	-0.028326377	-0.020647887	-0.041607063	0.004476882	-0.025672479	0.0085133	-0.03340164	-0.010103699	-0.019957853
0.017173138	0.022457154	0.014539986	0.018226437	0.033355616	-0.046129294	0.032472894	-0.012735358	-0.037609823	0.059660565
0.016434716	0.030928906	-0.024241583	0.0016501154	0.02906526	0.030541385	-0.01999492	-0.031499546	-0.026432736	0.041469622
-0.00907522	0.021174876	0.0011948844	-0.0034545583	0.009952599	-0.009476104	-0.046819672	-0.027510477	0.01154098	-0.04960232
0.027328882	0.014885557	-0.06000529	0.0352687	0.03258626	-0.0058239414	-0.03185148	-0.008736154	0.049286034	-0.0067582973
-0.038672198	-0.039123975	-0.042508516	-0.0041539073	-0.04077059	0.03402967	0.03012653	0.033014745	-0.039090697	-0.005065471
0.017833252	-0.048241913	0.025389083	-0.036007453	-0.01629522	0.027544903	-0.036314547	0.056666818	0.03114313	0.046241906
0.07272322	0.022198841	-0.056803383	0.054162707	-0.0030238347	-0.013685957	0.006366018	-0.021093525	0.06349765	-0.06416929
0.050202224	0.04338276	0.0047279308	0.025856111	0.053654555	0.072148696	-0.003171133	-0.030869164	-0.019875294	0.011974062
-0.028191026	-0.048283067	-0.029932769	-0.054902073	-0.058561828	0.009482255	-0.0025911357	0.009015557	-0.06177453	0.05609787
-0.07519037	-0.051600747	0.030094774	-0.042542785	0.00472696	-0.062383633	-0.0091443425	0.058935467	-0.02626971	0.054367356
-0.0056643523	0.004053546	0.016954437	-0.04180499	0.031114891	-0.014116865	-0.056248534	-0.016410384	0.031455047	-0.007471293
0.06861385	0.025984136	0.017876925	-0.023918899	0.046664998	-0.0020742225	0.026791384	-0.02873283	0.017994596	-0.07184007
-0.0018314992	-0.049106542	0.054452285	-0.02467171	0.033185244	0.02307645	-0.015132939	0.04275145	0.036476076	-0.007907762
0.0043197703	-0.0746528	0.045416903	-0.03739669	-0.07739835	-0.031254396	0.06958817	0.008458511	-0.050414	0.059074987
-0.056478553	0.0047757677	0.059540506	-0.016548188	-0.003440614	-0.05197482	0.052402414	-0.03376477	-0.00018193052	0.016288336
0.022316435	-0.016563796	0.035041533	0.025244894	0.024145348	0.034893874	0.008097671	0.009459799	-0.005813338	0.028934674
-0.007194128	-0.05185202	-0.019255226	0.027542423	0.02807157	-0.046042047	-0.020572567	0.034055576	0.033899553	-0.043863837
0.0231858	0.015485721	-0.0024645561	0.0007646746	-0.029606478	-0.05577882	-0.045275804	-0.029871518	-0.037649833	0.038554553
0.0057813725	-0.02176223	0.02465427	0.042698592	0.04140852	-0.013935582	-0.038515534	0.038209546	-0.0378977	0.018813247
-0.023351163	-0.0499845	0.03223568	-0.034967065	-0.079456866	-0.06437791	-0.009737249	0.028360687	-0.0022187391	0.0710907
0.016198294	0.05538624	-0.053627796	-0.027162155	-0.027873194	0.018716162	-0.016493963	0.014553679	-0.031568818	-0.014932483
-0.0012393858	0.0316918	0.031043602	-0.0029661965	0.029163208	0.012652013	-0.037140764	0.030419184	0.031344477	-0.054980814
-0.001532229	0.05956169	-0.012373673	0.058377367	-0.012280494	0.04446067	-0.023486743	-0.026250808	0.068345144	0.017839605
0.0032762734	0.0063945963	-0.02423221	0.02331157	0.05514308	-0.023917459	0.015710576	-0.005176342	-0.034936823	-0.05254964
-0.007476078	-0.0227732	0.022646677	0.003121131	0.050290205	0.029433906	0.002441158	0.0062005483	0.012966816	-0.006455306
0.013969623	-0.014090335	-0.04794261	0.0074578295	0.02696724	-0.018194806	0.0036173128	0.035906866	0.03898148	-0.045122493
-0.023434984	-0.021906134	-0.033107802	-0.03778647	0.03501018	0.045984637	-0.004417477	0.026586305	-0.015311139	-0.039430887
-0.010410926	-0.0023177818	0.014169946	0.0069643473	-0.0020410125	-0.0486572	0.039604835	-0.030361794	-0.01724281	0.055638272
-0.043797705	0.014028596	-0.014917372	-0.036350586	0.022890408	-0.039873768	0.0074950075	-0.013532524	-0.029620206	-0.043973394
0.026176687	0.041845925	0.04147502	0.039736778	-0.005760087	0.02025673	0.021723982	-0.029293563	0.01336823	-0.021877497
0.03031128	0.044654105	-0.0032768142	-0.021160776	-0.029793316	0.016814237	-0.052636374	-0.005740466	-0.013163152	-0.0033407905
0.015244494	0.03637886	0.014289025	0.055783276	-0.025693197	0.052295916	0.022436682	0.011296844	0.012458994	-0.0570576
-0.003121042	0.0545025	-0.058776822	-0.03470642	-0.012271186	0.045839783	-0.047575973	-0.054374583	0.053907804	0.01921796
-0.056496125	-0.03060223	0.008486757	0.034301884	-0.02299711	-0.028277224	0.030802555	0.044693768	0.023417199	0.04546879
-3.3044067e-05	0.058515646	-0.019418688	0.051412378	-0.025845848	0.01726219	-0.043481328	-0.007417438	0.009851804	0.02527012
0.02599963	0.03973512	0.0051231645	-0.0017721674	0.03360771	0.039224606	0.05953754	0.036532477	-0.023665285	0.02919045
-0.029991655	-0.0009186446	-0.040842485	0.03843117	0.01630098	0.046545036	-0.047795255	-0.0020892385	0.026457222	-0.033414993
-0.031022236	0.0039149295	0.037627373	0.014934533	0.019438319	-0.04252511	0.015573569	0.014184299	-0.0021035948	-0.00022808809
0.049915113	-0.031959537	-0.055080265	-0.0057014567	0.024078192	0.017684117	-0.014094463	-0.025569037	-0.015857857	0.03312102
-0.07855749	0.014366379	0.008076555	-0.055075146	-0.0015775836	-0.06615938	0.045990825	0.017986747	-0.059326474	-0.0043786652
0.049150344	0.068434745	-0.04501118	0.051196784	0.05716368	0.005196295	0.02839198	0.006692482	-0.01238012	-0.012089189
0.039419804	-0.046981502	0.009871416	0.03365255	-0.00070406654	-0.05687088	0.033960626	-0.020122103	-0.040432747	-0.034050833
-0.072497696	-0.006645018	0.055914115	-0.061395332	-0.07245079	-0.08473836	0.0062177437	0.028988501	-0.07176478	0.014612941
0.009549523	0.024234122	-0.05293681	0.023450106	0.038204346	0.07261827	0.013061709	0.0015368466	-0.010591028	-0.04205836
-0.037090313	-0.031576913	-0.01550011	0.019391049	0.003796709	0.030390821	-0.022944983	-0.036310732	0.026326332	-0.019282103
-0.0089119645	0.023500789	0.060642436	0.022470118	-0.036986243	-0.026898796	-0.02581352	-0.014321592	0.010639894	0.02234293
0.0024904727	-0.062393468	-0.0067945444	-0.0010602453	-0.03906017	-0.002317002	0.032306977	0.06465007	0.018989256	-0.022633908
-0.034551583	0.005625512	0.0712622	-0.018814977	0.014929325	0.019453345	-0.02043029	0.05025313	-0.06805532	0.03189177
-0.004908372	-0.008743564	-0.038616136	-0.010078761	0.02664689	0.05232546	-0.019541526	0.018189473	-0.0118323695	0.019771844
-0.06336222	0.008382238	0.011027036	-0.020983234	-0.07253571	0.023633467	0.059617124	-0.023102477	-0.023293395	0.008655748
-0.033702623	0.006412975	0.057510104	-0.06617617	-0.033971187	-0.039847728	-0.030962517	-0.014334457	-0.031072607	-0.0047730547
-0.055367175	-0.003178868	0.009196458	0.029865975	0.025195314	0.015692126	-0.0014893058	0.019456748	-0.041641884	0.0028301238
0.0015648976	0.039096914	-0.05392734	0.010952981	0.046783045	-0.013276708	-0.048582304	0.04449903	0.02041826	0.012391829
-0.03282312	-0.05570751	0.046232633	0.02006631	-0.04895724	-0.039151903	-0.041246083	0.0047499575	0.006930389	0.050664302
-0.0018572293	-0.021532897	0.03537004	-0.013565369	-0.045278445	0.024360677	-0.010006802	0.05199397	0.0052547255	0.016727421
0.018826606	-0.02960869	-0.042842973	-0.017545832	0.024772342	-0.019949595	-0.034369417	0.030672215	-0.030049633	0.04593841
0.022697031	-0.0010855338	0.0097021	0.03795986	-0.018921165	-0.01346371	-0.0236151	0.03672335	0.016698495	0.010034372
0.028617678	-0.0024137357	0.049312398	0.008860928	0.0025549307	0.006110834	-0.00850263	0.0633398	-0.0035333317	-0.030228531
-0.010015142	-0.023536857	0.02181261	-0.054244127	-0.01659345	-0.05987936	-0.011270455	-0.002116116	-0.050002784	-0.006942599
-0.044549096	0.04274396	-0.044435292	0.022396598	-0.027513921	0.0331866	-0.023785677	-0.025464961	-0.038232677	-0.028656198
-0.028544536	-0.012830643	-0.00963184	-0.073744394	-0.009301807	0.009692631	-0.04393072	0.058675397	-0.027498158	0.0505022
-0.077558674	-0.05611502	0.01349175	-0.026049934	-0.049302574	-0.0059052124	0.007879619	0.021641426	-0.009568297	0.00982607
0.038631458	0.017646974	-0.003581821	-0.031724613	-0.027578782	0.04810475	-0.05240246	0.0053501814	-0.008024749	-0.020890933
-0.018254578	-0.039245293	-0.02028853	0.007727131	-0.0060470556	-0.00039308335	-0.013437589	0.0037411537	0.038991172	-0.03326219
0.053108275	0.05917277	0.023993447	0.026981419	0.051069554	-0.030745082	0.012381115	0.019902863	0.0302032	-0.040457536
-0.017535683	-0.013372441	-0.029597761	-0.014648269	0.035639845	-0.03001702	0.018503563	0.003374708	-0.015077837	0.03926812
-0.010675823	0.02104316	0.07369666	-0.05954794	-0.02490833	-0.025170274	0.013762372	0.0046196105	0.00042831304	0.05000558
0.050138116	-0.036233835	0.035843242	-0.03852582	0.035578046	-0.02099379	0.004435799	-0.049108148	-0.038819797	-0.027901242
0.022661481	-0.0046980134	-0.0020538813	0.028348086	0.049023665	0.041300166	0.035825375	-0.049518008	0.059521597	-0.060657945
-0.049575195	0.0075533674	0.016270678	0.032508537	0.034148764	0.027978016	-0.034202848	0.00017395911	-0.0266053	0.037563797
-0.04786825	-0.057983663	0.038118217	-0.03613504	-0.042651154	-0.03206104	-0.013425769	0.04483697	0.040272236	0.019704098
-0.047550768	0.024504308	0.0013347412	0.021408688	0.031727448	-0.009216318	0.024478847	-0.018338967	-0.018920796	-0.004333351
0.0020683885	-0.007897628	-0.03485907	0.029458424	0.05692641	0.0035855123	-0.057287004	-0.059733253	-0.015595951	0.0341125
0.045240857	0.017169869	0.019409806	-0.0275257	-0.00808896	-0.021299113	-0.0023204912	-0.053963166	0.048953567	-0.03215453
0.017032865	-0.013861172	0.0011005586	0.0025792331	-0.011510288	0.05927829	-0.041865263	0.0013224736	0.026202422	-0.03523679
0.06429676	0.013125668	-0.005225203	0.04452312	-0.010919784	0.02780958	-0.006662367	-0.038440224	0.043874655	0.017217137
-0.007882869	0.031408753	-0.018178536	0.03964837	0.058805093	0.023154553	0.016440706	0.0027605905	0.03919387	-0.06794762
-0.0017168794	0.062573686	0.0003657467	-0.012055138	0.073530905	0.0018997774	0.00024651052	-0.06406518	0.013606582	-0.072823904
0.037404336	0.022768028	-0.02103127	-0.019873949	0.03264993	-0.03426039	-0.025253857	0.020197066	-0.053905275	-0.0059330887
0.046383336	-0.03999148	0.015226413	-0.0005137424	-0.010085885	-0.03685262	0.035862785	0.038501285	0.023340493	-0.03708995
0.04792296	-0.02204851	-0.04071559	-0.01795486	-0.014669665	-0.042704955	-0.036269397	-0.023055524	-0.02954245	-0.011944261
0.0040329355	-0.044717897	-0.0066041187	-0.013714862	-0.02212663	-0.004258749	0.008232255	0.022150384	-0.007162993	-0.012059292
-0.024702307	0.0010902787	-0.021286005	0.06809768	0.008090051	0.06109708	-0.008947807	-0.0009810393	0.019105457	-0.057220876
-0.044310085	-0.04485232	-0.024108224	-0.013456005	-0.06885333	-0.03564594	0.032542467	-0.0012799944	0.0019361108	-0.023851927
-0.018431593	0.031183578	0.008692989	0.009571254	0.022716288	-0.005906282	0.015151276	0.02897546	-0.039252408	0.0142255705
-0.018010177	0.045865823	-0.0038277903	-0.012855104	0.04954035	0.04692869	-0.025183572	0.043249432	-0.035911366	0.0032184145
0.031857613	-0.015257323	-0.04936408	-0.0142551735	0.019446157	-0.014528574	-0.0072742207	-0.01596278	0.05300181	0.037998088
-0.0004753869	-0.008132508	-0.022321392	-0.0136857	0.043015867	0.04136404	0.012840018	-0.0225182	-0.038656287	-0.01587354
0.03042242	0.020720713	-0.035559542	-0.016433408	0.041025475	-0.030193282	0.016137755	-0.03104251	-0.020163711	0.0056922873
0.024827918	-0.02623425	0.013853566	0.00598007	-0.022191469	0.018757707	-0.008933922	0.008078734	0.043323606	-0.0027522978
0.015558782	0.040683635	-0.022443585	0.0031587358	-0.014598425	0.059783056	-0.012558073	0.007131338	-0.0023951158	-0.007550257
-0.0026207983	0.0036831808	0.03341362	0.021570716	0.028033128	-0.064779125	0.026609257	-0.024304949	-0.030933736	0.045605276
0.06027113	0.06287791	-0.010671779	0.03128343	0.04989709	0.05406802	0.029047973	0.0066791484	0.040897563	-0.0036416424
-0.02830569	0.02010814	-0.044212054	-0.028085168	0.040769316	0.030931218	-0.031045476	-0.04385449	0.034631774	-0.045280833
-0.03057212	-0.050309066	-0.011898734	-0.056685388	0.0036492345	-0.038259644	0.01829506	-0.015318163	-0.027738858	0.029177867
-0.039307553	0.019349301	-0.0059045726	0.013865256	0.04116829	-0.050099485	0.012774953	0.0075138253	-0.008046256	-0.038321458
0.01925395	0.025064547	0.0073901406	-0.038006246	-0.04913366	0.015797198	-0.042004928	-0.025894014	-0.024647932	-0.012721408
0.070644476	-0.002972559	-0.04749254	0.07027087	0.07855476	-0.014514139	-0.04980648	-0.0042536287	0.036299545	-0.03946727
-0.025019675	0.0033876672	0.02122576	-0.003652946	0.04279236	0.040762145	0.026407495	-0.028057666	-0.016915625	-0.02735464
-0.07955439	-0.05688691	0.05323998	-0.06731805	-0.022626095	-0.0064850636	0.03973674	0.076674335	-0.0573003	-0.0030682706
-0.02089745	-0.028182678	0.024675656	0.011533378	-0.012899816	-0.030435348	0.02980948	0.055764314	-0.042036317	0.038492773
0.018491505	-0.05097175	-0.010605683	-0.0016580024	0.019872468	-0.050138712	-0.045812253	-0.03545224	0.016454896	0.038938913
-0.027920835	-0.050765388	-0.012928542	0.005799825	0.023959663	0.028208358	0.017294783	0.009921219	0.025171777	0.025502374
0.007414075	-0.036072757	-0.022209238	0.046723794	-0.009579457	0.014047261	-0.0051029557	-0.0074461154	-0.025971584	-0.017496899
0.0042122076	-0.03416793	0.025014335	0.020109838	0.0086203925	0.049690958	0.013846319	-0.031849977	-0.029060641	-0.048289884
0.013606347	-0.017852215	0.00047491482	-0.0322706	-0.009138667	0.03972946	0.016681556	0.016141802	-0.023709673	0.015009542
-0.034064528	-0.039621744	0.004342506	-0.041269787	-0.012918615	-0.047899354	-0.0032218895	-0.0013642606	-0.053344313	-0.0058488445
0.004096101	-0.034988113	0.017166357	-0.036618557	0.04691088	0.0047958377	-0.020691404	0.01427332	0.003209481	0.03134014
0.04241291	0.054829545	-0.05204698	-0.02508636	0.015819851	0.031991176	-0.058134925	-0.043484174	-0.038341105	-0.020385703
0.03512713	0.059818726	-0.01822026	-0.015203887	-0.010524964	0.04469871	0.025584273	-0.0041301204	0.04041487	0.019200418
0.009289491	-0.016417261	-0.067283325	0.030485377	0.0018815958	0.06003967	-0.04225024	0.02433266	-0.010133612	0.02135191
0.049364086	0.016352545	0.024353912	-0.009635039	-0.042564914	-0.026016712	-0.034752373	0.026752824	0.037082046	-0.04597004
-0.00817552	-0.01867105	0.0150767	0.02721042	0.005405246	0.0113198	0.010499935	-0.020010674	-0.019058768	0.025634814
0.009075263	0.022570882	-0.00012999715	0.015864113	0.0027985598	-0.029333986	-0.02600622	-0.0029761805	0.04933748	-0.06131431
-0.017317597	0.02612089	0.03163201	0.046825152	0.046004165	0.029339911	-0.039278794	0.051143028	-0.03536556	0.012592786
-0.048111066	0.012044527	0.028392145	-0.025393208	-0.037490774	-0.08193911	0.04568859	0.019441703	-0.045533754	0.055543143
0.04009341	0.015080041	-0.0399983	-0.03186168	-0.021914024	0.054140322	-0.05546675	-0.05505408	0.04462171	-0.024367856
0.032625042	0.007264429	0.0079888115	-0.023130212	-0.017374245	0.024561573	-0.009356948	-0.06302665	0.01903918	0.030477503
-0.0007190077	0.027315773	-0.053354442	0.040069085	0.022354033	0.046919208	-0.0431336	-0.0036890558	-0.019453244	0.03691584
-0.014966232	-0.050978146	0.011521059	0.03883145	-0.057882205	0.033096854	0.005407905	-0.008047392	-0.026267882	0.01996965
-0.040270556	0.017956413	-0.016598457	-0.05112045	-0.0177933	0.024903895	-0.032460026	0.01885673	-0.018119812	0.017906502
0.033788685	0.005539357	-0.029897382	-0.015931245	-0.033225138	0.03628988	0.017009636	-0.00091806095	0.042266607	0.015447792
-0.031773843	-0.036628477	-0.028089926	-0.037065558	0.03213018	-0.026599731	0.036152307	-0.022564398	0.0066160355	0.05346034
0.026607253	0.0683165	-0.014873554	0.0026924578	0.046197835	0.0040456504	-0.056494277	-0.028881662	0.007288658	-0.025788544
0.0036206746	0.018707586	-0.048842713	0.018478092	0.015583609	-0.0052964473	0.043414205	-0.019356461	0.05528317	0.022081485
0.0020214396	0.012056004	0.008366298	-0.026067885	0.024653746	0.013215227	0.031616397	0.05356339	-0.05327459	0.03548488
0.03601429	0.012234242	0.0032240094	-0.022322156	-0.02986574	-0.014362678	0.008707553	0.02566701	0.027240416	-0.041366458
-0.032565333	-0.0076133315	0.03995663	0.011076404	-0.0003179086	-0.021368727	0.003147664	0.037124246	-0.02312619	0.055128932
0.054755747	0.04020427	0.014335494	-0.0011586478	0.06257526	0.017516742	-0.009026266	-0.0570071	0.0062112473	-0.03185095
0.006533985	0.002254447	-0.037676174	-0.037235405	0.0024171737	0.029157493	0.02361437	-0.008646385	0.016072603	-0.043679316
-0.012605088	0.008591445	-0.009640375	-0.03010096	-0.04180178	0.020503502	0.023852348	-0.0067205452	-0.026804904	0.048792362
0.044487916	0.012993919	0.0039061732	0.0049951845	0.044940654	-0.0076094805	0.02165705	-0.0068125534	0.048054602	-0.041105364
0.031182103	-0.014700678	0.023082122	0.02539489	-0.026849894	-0.030475557	0.021642586	0.01245548	0.016719857	0.040060725
-0.053477112	-0.017071439	-0.015510162	0.009129607	0.030094357	0.04378099	0.028515255	0.02459057	-0.009490614	-0.012710302
-0.029090695	0.004943894	-0.007634846	0.0038965605	-0.039389085	0.034439206	0.05242054	0.028829198	-0.0019492906	0.009246792
-0.0048662666	0.016138036	-0.07626878	-0.0019302157	-0.015136943	-0.007899014	-0.055364132	-0.0035427988	-0.00579145	-0.044367313
0.024965188	0.006905358	-0.024937395	0.036139514	-0.006337767	-0.0011979328	-0.019460773	-0.052396197	0.025257142	-0.0016900215
-0.05149076	-0.050259218	-0.0034025812	0.032422286	0.0032345948	-0.05256272	-0.0041850926	-0.023342175	-0.025083158	0.03172655
0.03245056	0.03262649	0.0043283873	-0.03423449	-0.02698335	-0.043121386	-0.012136716	-0.026857633	-0.021940645	0.0040449975
0.011594151	-0.027362721	-0.03661765	-0.031876322	-0.058072444	-0.009969105	0.03159331	-0.01596888	-0.054927845	-0.022625575
-0.031700972	-0.02451018	0.009297451	-0.033416525	0.014329306	-0.030664997	-0.040734198	-0.040688466	0.045640774	0.038042337
-0.04000434	-0.03207879	0.02582367	0.03927737	-0.042053424	0.017283028	-0.04225405	0.029937949	0.02777169	-0.0009116744
-0.038787577	-0.01018922	0.01706192	0.010879058	0.010038135	-0.01631524	0.026946077	0.043106392	0.0060343705	-0.047080576
-0.018487016	-0.052079048	0.06777619	0.008610266	0.0083629545	-0.02991293	0.021458475	-0.027424753	-0.03308958	0.06304787
0.022513025	-0.002151929	0.063464835	-0.047064237	-0.011201124	-0.06457871	0.017773872	0.054075073	-0.06743942	0.017300513
0.021887021	-0.06645332	-0.009622176	0.022052817	-0.06098378	-0.0395326	-0.00019883066	0.0019578051	-0.011463558	0.032549877
0.0025349208	0.011107415	-0.036188625	-0.0014935114	-0.008477157	-0.0024164186	-0.003796595	-0.0036781065	-0.012781409	0.023910232
-0.017972225	-0.02207608	-0.029725654	-0.0027521378	-0.008915981	0.033565734	-0.006232516	0.059802674	0.017429046	0.052926198
0.023979735	0.03623345	-0.056963515	0.026231233	0.023863664	0.07518276	-0.007908812	-0.06421523	0.08035108	-0.0072187954
-0.003802883	0.033664104	-0.054513246	-0.016926352	-0.016052613	0.03223549	-0.014761775	-0.03862029	-0.03727421	0.015234528
0.026793176	-0.012046688	-0.047411818	0.049565513	0.023347814	0.051812794	-0.03868379	-0.032397002	0.03561354	-0.031084409
-0.04632621	-0.045766212	0.03084641	-0.029218774	-0.0067875595	-0.03829318	0.017238783	-0.025919922	0.030939363	-0.0020753427
0.014809085	-0.0016176844	0.017617721	0.017458297	-0.0013278095	-0.015944974	0.0035226534	0.0069725146	0.015489292	-0.0147547275
0.018317306	0.001963571	0.01615156	0.024200534	0.0055986396	-0.013803766	-0.05923105	0.026493493	0.024675561	-0.035553996
-0.017690966	-0.050792586	0.03143882	-0.010725375	-0.040789075	0.006844126	0.015504094	0.00742548	0.025006799	0.0070246668
-0.043237273	-0.018502003	-0.048665345	-0.03737829	-0.011437743	-0.0013420231	-0.0045683263	-0.048655525	0.014068638	0.023549384
-0.04287963	-0.016954824	0.023351284	0.029921273	-0.010690922	-0.0072235293	0.020572321	-0.031491164	0.014904775	-0.015990295
-0.021582955	-0.07064849	-0.0139519265	-0.08243079	-0.030651925	-0.061864246	-0.011973911	0.05677304	-0.039489523	0.03322019
0.0052045193	-0.014692015	-0.015675206	0.02503091	0.019926885	0.027290545	0.023373077	-0.05777063	0.049890317	0.014800883
0.03210651	0.030753747	-0.023753682	0.051470418	0.0018365273	0.03881775	0.03227157	-0.030838193	-0.0023024767	-0.013022595
-0.07072841	-0.041880827	0.047751937	-0.025902757	-0.015876722	-0.07163472	-0.025800662	0.06574667	-0.033970598	-0.014784347
-0.026016725	-0.025473615	-0.050581444	-0.008559569	0.06588576	0.051329795	-0.013651959	-0.035820045	0.049690433	-0.010108728
0.06850981	0.026416393	-0.04466842	0.03355463	0.03157042	0.042529713	0.00087832595	-0.013812659	0.0012539998	-0.048450653
-0.01144643	-0.015230903	-0.04991184	-0.01806792	0.0024128302	0.04112751	0.044982918	-0.035236634	0.02978051	-0.021668874
-0.061444834	0.01891663	0.07397904	-0.065318756	-0.026112892	-0.063278206	0.041544963	-0.004513047	-0.06908522	-0.0219943
0.005067112	-0.029200304	0.01680593	0.002465853	-0.005258011	-0.009930352	0.015092363	0.07300113	0.016201178	0.023364294
-0.048468612	-0.009068059	-0.028250106	-0.062499553	-0.0487507	-0.059481647	0.017241206	-0.018155862	0.009739965	-0.022619072
-0.025867827	-0.03263917	0.009675164	0.008261157	0.035424095	-0.031356227	0.02168137	-0.025510855	-0.023723906	-0.016970595
-0.03349538	0.02366015	-0.02258825	0.015039507	-0.04247106	-0.0633869	0.028786825	0.06834552	-0.004110831	0.048151895
-0.024676856	0.0074814265	0.07704219	-0.07323576	-0.02098879	-0.008779767	-0.018597314	0.02591714	-0.06290669	0.042047027
0.038343508	-0.025640484	-0.03284245	-0.010075394	-0.010595985	-0.02568768	0.01889152	0.016883664	0.026202317	-0.008126184
-0.013906261	-0.02259854	0.040954422	0.03818395	-0.0016660116	-0.032696463	-0.03270614	-0.024083745	-0.028392168	0.05381969
-0.030750962	-0.03322288	-0.014744701	0.056402713	0.0214829	0.0067811264	-0.04403816	0.012595784	0.04854845	-0.014425484
-0.011496267	-0.057356793	-0.016931565	-0.04531761	-0.05811868	0.00798135	-0.018410366	-0.009228124	0.028116595	-0.0034332476
0.0022678296	0.009052938	-0.0043384708	0.022472326	0.03277454	0.05943985	0.0074319094	-0.06763131	0.064984635	-0.05858932
-0.03861022	0.005918638	0.044624835	-0.03269325	-0.06250508	-0.04308812	0.017250009	0.063449845	0.0010825129	-0.006280695
-0.010131201	-0.015607837	0.042501807	-0.009036949	-0.07210666	-0.023555592	0.0062194513	0.02118557	-0.007870878	0.058176003
-0.017884266	0.02537336	-0.03368457	-0.033533752	0.005454254	-0.026849873	-0.041198067	0.0067923907	0.059440807	-0.030637512
0.033381443	-0.04167664	-0.0004918963	0.04263466	0.024765765	0.02510857	-0.016919633	-0.029608564	0.043254122	0.0016356512
-0.018454693	-0.026452675	0.008746823	-0.021409247	0.020757716	0.0022101656	0.024894474	0.0123275	0.036252704	-0.0016179276
-0.028973661	-0.0040341993	-0.0016405998	-0.012994702	-0.019541524	-0.0071873553	0.04089778	0.0147051485	-0.0435256	0.017113538
0.009097081	0.016527027	-0.06805884	0.024133598	-0.010595364	0.0006261239	0.020746777	-0.024099294	0.02369358	-0.008282313
0.023957938	0.04173689	-0.017499903	0.011621206	-0.01675332	0.014284912	-0.02503915	-0.02981262	-0.04626025	0.034657232
0.017158855	-0.049975406	0.011868505	0.0033842772	0.023481034	-0.00047861823	-0.03152415	0.048813127	0.030227536	-0.0086396355
-0.027371809	-0.039620038	0.024166891	-0.00627091	0.039148323	0.023077404	0.039348103	0.0350771	-0.043145265	0.03914841
0.0019297245	-0.017888907	0.07365553	0.009201833	-0.06637678	-0.03446368	0.04417875	0.071836814	0.011349613	-0.012171699
0.0026494649	0.07294083	-0.053325284	0.023441304	0.050478067	0.010333294	-0.010824362	-0.04436975	0.0046082586	-0.054454517
-0.01832553	-0.02942772	0.027787827	0.0038554904	0.050295364	-0.021766614	-0.025986778	0.031247575	-0.012982797	0.00019599682
0.019222565	0.024674172	0.027209483	-0.032432415	-0.014828777	-0.006962177	0.0208566	-0.008720946	0.05490677	0.021639718
0.029853156	-0.04814172	-0.00082333066	-0.040522564	0.002004941	0.031392615	0.058332175	-0.012069313	-0.045623016	0.042176694
0.010207197	0.01709851	-0.06854465	0.043563403	-0.018447962	-0.02722915	0.015269354	-0.021870315	-0.016726928	-0.01655291
-0.05496721	-0.02122666	0.015419689	-0.0026562044	-0.055520553	-0.0323465	-0.019396635	-0.000477289	0.0145602375	0.008695622
-0.04181387	0.040054873	0.02200909	-0.051790543	-0.05595702	-0.012706773	-0.035310175	0.012386039	0.012516315	0.008841429
-0.018127963	-0.019283658	-0.0034224496	-0.040572725	-0.018869555	0.0014550502	0.0058713676	0.042803433	-0.055225212	-0.03471562
0.036816925	-0.0033184197	-0.02918037	-0.035809577	0.021272896	0.015569248	0.03819959	-0.038176436	0.011898947	0.0139653515
-0.010422947	0.044143815	-0.06723875	0.048196472	0.04585979	0.032238126	-0.05917253	-0.06832985	0.006592821	-0.07914365
-0.015958996	0.045098636	0.027843684	-0.014348297	-0.012661986	-0.027326308	-0.0030497294	-0.036674753	-0.008945037	-0.040546235
0.03522094	-0.033011347	-0.042073496	0.007879268	-0.025575263	-0.03361157	-0.009212974	-0.0355488	0.034439713	-0.023885714
-0.014813358	-0.050504927	0.0049214233	-0.022908337	0.0056526805	0.024454303	0.045049805	0.024701899	0.03011514	-0.019139726
0.040685397	-0.01288571	0.0016024043	0.005021731	-0.003090795	-0.008272409	-0.020757213	-0.0098329	-0.027816044	-0.039424643
0.05072381	-0.016286004	-0.0044520576	-0.0071469964	0.008659323	-0.02229219	-0.061027713	0.029168952	-0.025091369	-0.06773285
-0.0081144655	-0.0007007779	0.005271697	-0.06066713	0.007284099	-0.07577081	0.037856787	0.008163149	-0.020823913	0.06683544
0.030776659	-0.01818409	0.011103696	-0.025834914	-0.022404278	-0.026812084	-0.008721335	0.005310804	-0.018972976	-0.043097246
0.0016984858	0.002474869	0.05180304	-0.046359852	-0.07032793	0.0025927161	0.03426424	0.04692427	0.01635072	0.020225698
0.040688295	0.025783215	-0.036025975	0.017223181	0.0014282657	0.018641716	0.0023356657	-0.03811563	0.032231748	-0.04315453
-0.018774305	0.046289522	-0.040638704	-0.04058528	0.034164947	0.03688647	-0.049500372	-0.0035019203	-0.029689046	-0.027883314
-0.033132527	0.0118487915	0.02785364	0.0148913665	-0.018512605	-0.012405558	0.029866273	-0.010810008	0.06358352	0.007121315
0.0071366606	-0.0583913	-0.002938544	-0.06242279	0.022713596	0.021324323	-0.05384577	0.01234638	-0.003905066	0.046121474
-0.06496028	-0.023096459	0.04912339	0.014823312	-0.052148458	-0.0089466935	0.020197274	0.035255887	-0.021551017	0.036157932
-0.028258948	-0.040337887	-0.040626157	0.041574575	-0.020283215	-0.0386469	-0.055348538	0.013512499	-0.004148625	-0.038065225
-0.04372695	-0.031627074	0.034832966	-0.043754015	0.015506864	-0.051129166	0.008704805	-0.036572002	0.025320714	-0.017950408
-0.03886543	0.016585302	0.0074458914	0.02730489	-0.0476368	-0.021109166	0.02141673	0.01475544	-0.04496439	-0.0005711633
-0.023460172	-0.037408125	-0.023994856	-0.0074278326	-0.0420979	-0.0062797526	-0.04587478	0.02917325	0.016453404	-0.042319067
-0.03343043	0.045562167	0.04721485	0.016321238	-0.0016449952	0.020281458	0.01369156	0.00055390125	-0.0012219107	-0.006900474
-0.013070738	-0.0011626262	0.03300176	0.041131187	0.011048245	0.032185797	0.006615346	0.044017844	-0.0051479046	-0.03547204
-0.030416477	0.055818364	-0.022573397	0.016910406	-0.007347916	-0.040591	-0.016858188	0.023835532	-0.022353472	0.020050956
-0.06985702	0.00022061158	-0.01525236	-0.05609849	-0.069582805	-0.060543545	0.030466814	-0.0024766424	0.023210505	-0.0043153474
0.011930673	-0.044100795	-0.019790826	0.034194674	0.03143252	0.0019682464	0.06279491	-0.0025705246	0.019087277	-0.0068979724
0.05042347	-0.011355211	0.025529645	-0.010837869	0.022496592	-0.018994007	0.01523985	-0.049133368	0.004143393	-0.0039448435
0.032585405	0.028318863	-0.0135974325	-0.025306301	-0.01989405	0.0014757649	0.044900563	0.030675929	-0.014408182	-0.016989745
-0.04001798	0.007948982	0.0052398467	-0.06789281	-0.014667425	-0.028361598	0.030257385	0.044109147	-0.02103447	0.021238279
-0.014144999	-0.05154694	0.048652794	-0.03687622	0.010563859	-0.00046082234	-0.0037427105	0.00092863606	-0.0066301366	0.051642053
0.014886405	-0.055293184	0.036446977	-0.064212315	0.007815014	0.006316661	-0.007144796	-0.0027270394	-0.0680048	-0.017605856
-0.014145172	-0.009652345	-0.024830177	0.019870793	0.04173778	0.06953434	-0.032487366	0.013427764	-0.001105644	-0.02579271
-0.004363603	0.01622837	0.059490304	-0.00072757044	-0.024416192	-0.032257687	-0.027422845	1.647805e-05	-0.01969915	0.033535752
-0.022674525	0.015941417	-0.047679435	-0.010661835	-0.027772276	0.044667855	0.041981913	0.010170968	0.037730668	0.02384042
0.030784562	0.028450638	-0.011773624	0.023966022	-0.032795463	0.028056793	0.0465895	-0.009629903	-0.022730635	-0.002123272
-0.02937528	-0.025926597	0.0016961338	-0.04706533	-0.053895783	0.0026982625	0.023399519	-0.007403062	0.029084906	-0.0021327338
0.050267126	-0.012218127	-0.036847763	-0.039468173	0.034819223	0.033123598	0.0056231963	-0.057077125	0.020170229	-0.002428745
0.03331508	0.0075256815	0.004194631	0.019212004	0.045868114	-0.014864597	0.027872467	0.019008642	-0.009157801	0.0056735314
-0.030379618	-0.022934882	0.06273187	-0.017932465	-0.057762183	-0.03271793	0.04188108	0.0007277521	0.015120526	0.024332304
0.023892483	0.025318267	0.0038982641	-0.032629464	0.0065004556	-0.053023737	0.042881012	-0.02576923	-0.031657673	0.0262306
0.0010962911	-0.05757767	0.041514084	-0.04759339	-0.03387348	-0.00885612	0.033951197	0.0477347	-0.052605323	0.011529818
0.008148739	-0.019352084	-0.020976441	0.022349352	-0.0100456625	0.023757009	-0.025352126	0.013195527	0.039403606	0.027257653
-0.032410987	0.0055427966	-0.033198494	-0.035974704	0.030106083	-0.013161176	0.038878378	-0.039277967	-0.008622065	-0.01688478
0.03723909	-0.027045073	0.014969095	0.064773135	0.008303798	0.0046308036	0.01862936	0.0040020295	-0.011972716	0.006707036
0.021400329	-0.02846712	-0.020641396	-0.009308865	0.048312295	0.03918512	-0.007809056	0.013792202	-0.008274001	-0.00869256
-0.036434725	-0.04799794	-0.0154469805	-0.043279268	-0.073496565	-0.032131873	0.016171237	0.06072712	0.021890052	0.0039253933
0.046963517	0.0012238481	-0.05145703	-0.024638064	0.04178583	0.011638363	0.006772	-0.00032774964	-0.008651246	-0.026946597
0.0015315594	-0.021142535	0.0064821434	-0.024109816	-0.048719406	-0.06290431	-0.038890358	-0.018399827	-0.016136086	0.020004703
-0.020893017	0.031000048	-0.040469754	-0.007120671	-0.004356861	-0.046960905	-0.004212464	0.0116925705	0.043880817	0.0414262
0.015610376	0.052696925	-0.00832247	0.040774696	0.06402183	-0.0051053218	0.026477372	-0.030737542	0.04762225	0.015874263
0.009151386	0.0024281424	-0.01848211	0.0065008164	0.008546958	-0.00030960728	0.02450282	-0.010603472	-0.056080114	-0.035628676
0.018483063	-0.06549592	0.058844868	-0.05353071	-0.04411566	-0.033364568	-0.036105055	-0.026358692	-0.03556518	-0.020006131
0.005263056	-0.050661713	0.035161987	-0.028134627	-0.030560838	0.037810616	0.020943644	0.021290844	0.03639832	-0.048328638
-0.011507348	-0.0041209967	-0.025065722	0.032186415	0.01742679	-0.008287762	0.005001115	0.021215294	-0.0057880557	0.00074988994
-0.007986659	0.002849272	0.039823897	-0.042208277	-0.029762909	-0.011616546	0.04157903	0.07735047	-0.038679	0.055485763
-0.054350257	0.033561498	-0.036747895	-0.051016416	-0.039009288	0.00192777	-0.057474647	0.016008582	0.011585557	-0.040818565
-0.02898859	0.019193562	-0.023474008	-0.012935502	0.039758738	-0.021706073	-0.009362428	-0.03532409	-0.0009580748	-0.04259717
0.041641735	0.032580387	-0.048533488	-0.0030780088	-0.0134229725	0.060523335	-0.020555183	0.012484429	-0.004520149	-0.015136945
0.0013943344	-0.003761647	-0.018238498	0.03814686	0.049775664	-0.0073068785	-0.0037034126	-0.040455434	-0.046845704	-0.0392814
0.03591788	0.0038872731	0.018618405	-0.00547756	-0.04663351	0.037088066	0.050985288	0.02705053	-0.050977264	0.018801866
0.006025868	-0.009694866	-0.003395479	-0.046842124	-0.04354921	-0.05390019	-0.004682716	0.035169777	-0.004344278	-0.02943096
-0.020554975	0.044629633	0.027615657	-0.010778215	0.05532376	0.04034377	-0.056695867	0.02824173	0.040362302	-0.040804017
0.014771763	-0.04007368	-0.031204218	-0.03803314	0.037935007	0.044802446	0.029533023	-0.0027397093	-0.0075881234	-0.0054936884
-0.029297154	-0.009149253	-0.046851583	0.032933746	-0.04906387	0.05061998	-0.033722658	-0.012748342	0.042262997	-0.0017915692
0.06435655	0.05101985	-0.014007166	-0.0056446847	0.01094502	0.0117484545	0.031852692	-0.0143940495	-0.013905182	0.03336767
0.027238477	0.039021384	0.022154702	0.026093297	0.01849355	-0.004113653	0.022323584	-0.031816848	0.02869107	0.040882092
0.07934069	0.013958321	-0.08084619	0.0038482884	0.04616691	0.07070616	-0.044870198	-0.030895593	0.012491525	-0.068966076
-0.046328645	-0.046206616	0.027781138	-0.04896332	0.03495903	0.012040835	0.039659973	0.03717284	-0.041820552	0.030422237
0.012010595	0.018630298	-0.027340844	-0.019421617	-0.00022843495	-0.021552041	-0.011528031	0.0060812435	-0.02034775	-0.011789736
0.034772094	0.044429302	-0.015371249	-0.010408063	0.010566834	0.01674995	-0.019657722	0.037697203	-0.035137128	-0.04196974
-0.0016677456	-0.007971123	-0.029611833	-0.011899049	-0.05754007	0.029502088	-0.033232197	0.009530955	-0.01126849	0.034648526
0.02577398	0.033097852	0.010579407	0.034773886	-0.05762079	0.03334584	0.0044357534	-0.007253886	-0.030074373	0.036122106
3.777689e-05	-0.010162738	-0.003691829	-0.038609993	0.05086188	0.0069697136	0.028570803	-0.029703697	0.051981397	0.0026240763
0.012479566	-0.030474607	0.001494107	-0.020887678	-0.04691112	0.03882835	0.03064185	-0.004054936	-0.030869521	0.024548067
0.043826174	-0.02720495	0.04750481	0.028905096	0.039999034	0.047125384	-0.0015220083	-0.0033066585	0.012574537	-0.053405546
-0.019070799	0.00049367297	0.023428166	-0.027687576	0.013664831	0.009621805	0.03461834	-0.0068152016	-0.030887552	0.039472196
0.0001323986	0.03589873	-0.020184988	0.03578003	-0.03524041	-0.054631732	0.03225183	0.017997893	-0.0077313245	-0.03315538
0.014533723	0.037088055	-0.05898671	0.016820446	0.024492282	0.043018103	-0.026540462	0.00984356	0.032179456	-0.012710019
0.025014633	0.020626733	-0.0043424508	0.006990499	0.0403414	0.011778764	-0.026847463	0.019145105	-0.01475622	-0.006200754
0.045363884	0.023144405	-0.03680894	-0.017553927	-0.017726116	-0.016932968	-0.0043220143	0.024005711	0.044581663	-0.019223226
0.042537834	0.013534088	0.008505059	-0.017456954	0.05345346	0.052595872	-0.023476157	-0.027159711	0.024523318	0.039342202
0.013776895	0.033896416	-0.023581496	0.04759428	-0.017644947	-0.012083962	-0.015143511	0.015619419	0.033629004	0.0064675948
0.026630424	0.008070551	0.014227672	0.0731743	0.036096245	0.00801582	-0.039421055	-0.06283175	0.06568785	-0.072936244
0.036967047	-0.034139518	0.027581543	-0.008041753	0.015188842	0.027031798	-0.02836336	0.05755375	0.014157604	-0.010660399
-0.025625778	-0.042650003	-0.012463923	0.008571512	-0.037336104	0.02061348	-0.015214741	0.012417557	0.006563549	-0.03502548
-0.0403845	-0.06391247	0.04508169	-0.011825902	0.010341599	-0.069326855	0.011767237	-0.012445783	0.009159434	0.049854692
0.033024326	0.060701847	-0.032350846	0.035679787	-0.030283254	0.041510943	-0.049744874	-0.049078368	0.037947927	-0.038554605
-0.06603884	-0.036437918	0.005546179	-0.016696865	-0.06272887	-0.042106703	-0.035858378	0.028383203	-0.016294055	0.04275508
0.04274664	-0.037978496	-0.019024065	-0.0021014954	0.018858869	0.041718252	-0.0070607667	-0.0015655936	0.018017864	0.019362938
-0.00095460436	-0.037121076	0.031027267	0.016875746	0.024100991	0.019271888	0.016720759	0.02689629	0.035962503	0.008921736
-0.05947185	0.0045208284	-0.021233989	-0.034055095	0.021524401	-0.061084975	0.03305652	-0.028691754	-0.014266721	0.03068238
-0.008296608	-0.027572794	0.049831223	-0.010314094	-0.028894557	-0.054460865	0.05393491	0.04258095	0.020633444	0.046262287
0.014178001	-0.016910698	-0.02002476	0.05133119	0.020097684	-0.015742803	-0.07459085	-0.031187603	0.038849756	-0.0027174088
-0.04522646	0.047203526	-0.0049936003	0.04487138	0.009649377	0.04066324	-0.052107796	-0.055036295	0.044149697	-0.028349295
-0.020504178	-0.021740252	0.02146029	-0.020635353	0.03320974	0.02055943	-0.029862339	-0.048562553	-0.0054052332	0.010731801
0.010507631	-0.006919249	0.031087944	-0.018900318	-0.042368077	-0.047127027	-0.030818691	0.056434657	-0.005152772	-0.01060876
-0.010510807	-0.05198935	-0.005607521	-0.05492565	-0.009779065	-0.040423665	0.049988274	0.025329584	0.00909789	0.04424121
0.025318073	-0.0074772094	0.03929616	0.051454354	0.033190675	0.010134697	-0.015778063	-0.03196371	0.03599373	-0.042295124
-0.038274225	-0.0053030546	-0.019344322	-0.03832156	-0.04583717	0.0133263655	-0.036718417	0.025238508	-0.030430887	0.039611533
0.008082883	0.005732195	0.010095115	0.036679976	-0.025785299	0.032130416	-0.060010824	-0.03493421	0.055046946	0.014749084
-0.019087369	-0.030422565	-0.013064746	-0.024211321	-0.047152545	-0.05479497	0.055941235	0.0014278761	-0.019618802	0.012668786
0.061875142	-0.02780529	-0.02524733	0.045334544	-0.0005771964	-0.0054781823	0.0062843882	-0.059000783	0.02070914	0.007255067
-0.02421554	-0.0079159085	-0.03368265	0.013297919	-0.013636288	-0.026519675	0.019470107	0.0062172096	-0.028825093	-0.031609625
-0.049560502	-0.05328762	0.041482273	-0.05292341	-0.024732672	-0.020851042	-0.00051915774	-0.02343051	-0.038402326	0.06162141
-0.004950209	0.012218512	-0.034534026	0.008786842	0.031908415	-0.006491339	-0.034833442	0.021940919	-0.0032570586	-0.044934977
-0.013599008	0.01340967	0.013670724	-0.0056484556	0.018128801	0.038767625	0.0027498465	-0.042790767	0.0067264778	-0.050114613
0.039131273	0.009403091	0.039077483	0.007891368	0.01566451	-0.016493378	0.002648297	0.026047606	0.006188905	0.015466138
-0.012129402	-0.013803376	-0.011208128	0.021161871	0.011519943	-0.0033565632	0.050849926	-0.022002667	0.00092489953	0.033662237
-0.01214946	0.038187437	0.036152497	0.042841595	0.015528068	-0.008714654	0.02118715	0.027720397	0.040121235	0.044570263
0.004321948	-0.05259178	-0.032936335	-0.032753423	-0.030700924	0.0018036456	-0.009459225	0.037199922	-0.049407735	0.006591099
0.06459669	0.048955202	0.025325278	0.06168911	-0.0029116473	-0.017688476	0.025571804	0.023792533	-0.030066859	0.014209637
0.028488768	0.023181282	-0.024497844	-0.011709295	-0.018247198	0.028227195	-0.041345377	-0.0061256597	0.017611515	0.0022925737
-0.013713032	0.022692906	0.008917705	-0.024403214	0.035746653	-0.01308689	-0.005274765	0.03886013	0.028174173	0.061612755
0.06570436	0.07112468	0.010030142	0.07231286	0.03858381	0.06176284	-0.06710895	0.0137394555	0.0005104258	0.015557648
-0.06488076	-0.043953788	-0.0152017735	0.01945672	-0.004894176	-0.030042239	0.018575212	0.00835257	-0.06994356	-0.010434968
0.031582307	0.047195867	0.029072126	-0.027745748	-0.039496396	0.0046424167	0.037584934	-0.055555895	0.0036883897	0.0044441153
0.03504903	0.057016466	-0.045058835	-0.016180927	0.06859101	0.034697138	-0.05686701	-0.009518854	0.003672851	-0.033773813
-0.0035456223	-0.010608973	-0.037601277	0.00792082	0.05344113	0.012546131	-0.0023010615	-0.013208801	0.02569537	0.012191344
-0.050976362	-0.002889431	-0.038626526	0.0342085	-0.023615373	-0.04741086	-0.01973745	-0.021316221	-0.016643658	0.037815925
-0.06798091	-0.054051813	0.0130223725	-0.03777719	-0.029460497	0.018155245	0.030371103	-0.004320729	0.0069108033	0.02987569
-0.020161461	0.02889042	-0.030099556	0.008664187	-0.01103209	0.042799123	-0.034463733	-0.025551362	0.04083699	0.03796113
0.014600162	0.05422391	0.0100097405	0.060573354	0.0065167756	0.05736467	-0.03125177	-0.03576013	0.0866354	-0.0062905904
0.025121732	0.043947954	0.035466403	0.03495735	0.004847293	0.010391304	-0.0140785705	-0.025153056	-0.041316282	0.01714493
0.0014012883	-0.039692793	0.039345477	-0.024013393	-0.022682656	-0.04000609	0.005720108	0.020890918	-0.05814587	0.016193513
-0.026541643	-0.01789505	-0.022000192	0.027047498	-0.033425003	-0.05399857	0.017181342	0.050638553	-0.04300741	0.018439053
-0.06304838	0.017784813	0.015732547	-0.025569683	0.013975481	0.02488227	0.045765027	-0.026869219	0.03218292	-0.011564241
0.022781128	-0.029512702	0.029007712	0.010872078	-0.055465687	-0.009847601	0.045292787	0.048745237	-0.011303067	0.047181427
0.03981266	-0.006482132	0.021966962	-0.008390998	0.008857555	0.0046385895	-0.00868475	-0.028467573	-0.0044337814	-0.040355947
0.019648962	0.02135882	-0.03652979	0.057543445	0.0075137657	-0.018440215	0.008153157	0.0056161755	0.04039776	-0.049290124
-0.047203887	-0.039072424	0.057451103	-0.0033146066	0.00037615775	-0.049029812	-0.021401938	-0.0014869897	-0.037448023	0.01577226
-0.014443662	0.030177142	-0.009933294	-0.019001456	-0.0008576748	0.06795145	-0.018674096	-0.06338323	0.034280278	0.004225614
0.032010715	-0.00253037	0.024102306	-0.0010098781	-0.055405755	-0.009200319	-0.03042674	0.0115452865	0.0021831212	-0.01720829
0.0022855804	-0.044096556	-0.011438426	0.007337191	-0.069425635	-0.010575442	-0.041201353	0.0033805494	-0.05964452	-0.01865196
-0.012779017	0.012179333	-0.063953616	0.0025734978	-0.02948172	0.018617649	0.013620176	0.007815995	-0.015212869	0.020991638
0.003226891	0.018726002	0.014369248	-0.027019065	-0.003943735	-0.048382476	-0.026615629	0.06818105	-0.0034464109	-0.032330986
-0.038248442	-0.046977352	-0.005711781	0.0051417546	0.050819352	0.02697858	-0.04080999	0.041030575	0.05100874	-0.029627735
-0.046699025	-0.019040663	0.042627413	0.0017926313	0.031287868	0.014480732	0.050216407	0.04811661	0.022158917	-0.012635747
-0.038611565	0.03308651	0.043928433	-0.04571235	-0.0327538	-0.026685605	0.02860558	0.037948288	-0.016500374	0.04799566
0.06122564	-0.014876185	-0.0588362	0.06134635	-0.012086358	0.03168073	0.019083409	-0.066443995	-0.016260916	-0.055986665
0.029498028	0.013434096	-0.012051296	0.018947335	0.01239985	-0.023251548	-0.03548443	0.035384245	-0.048140798	0.012628627
-0.041085534	0.0005511803	0.017880926	0.020434448	-0.026320515	-0.022346899	0.047105923	0.02509897	0.030286208	0.03551598
-0.009809891	-0.018621517	0.00029964242	-0.03528325	-0.016829815	-0.027715469	0.018274095	0.017381031	0.01423856	0.042590953
0.025857242	-0.010708463	0.004726973	0.043678567	-0.017270513	0.013847249	-0.0021066202	-0.05534363	-0.024198702	-0.031933907
-0.0225053	0.009682141	-0.0016723118	0.04769607	-0.007795482	-0.0068780105	-0.031496838	-0.034598023	0.021641687	0.009068266
-0.005347573	0.0015455052	0.019127417	-0.0011723752	-0.019820396	0.029955082	-0.017429762	-0.02045882	0.030485831	0.025032954
-0.032082573	0.032187827	0.026118556	0.008967149	-0.01294891	0.0087739285	-0.018611928	0.027168594	-0.033210967	-0.0013509099
0.025673825	0.031242546	-0.037667893	0.03697632	-0.02446406	0.029202756	0.038978104	-0.03614073	0.028096005	-0.012885629
-0.07552843	-0.026333295	0.0698705	0.0074048135	-0.0392987	-0.079820566	-0.03331063	-0.012410731	-0.051753316	0.030649696
0.0056473324	-0.022920188	0.049918845	-0.0274233	-0.0045171333	0.020199195	-0.02254339	-0.018849913	-0.057685006	0.011798613
0.014261906	8.81421e-05	0.0563346	0.020148676	0.00580424	0.008857487	0.06625785	0.036119092	-0.025777621	-0.028518278
-0.019287273	0.06682161	-0.008697367	0.010935458	0.010063503	-0.024846872	0.019880526	0.029640537	0.023891805	0.0071274205
-0.008283425	0.03874016	-0.03299702	0.003512718	-0.023494955	0.015192003	-0.053144254	0.0051147947	-0.03286679	-0.043929067
0.01673065	0.019899668	-0.023767103	0.029972892	-0.01575047	0.07189721	-0.013406275	-0.0211628	-0.012873186	0.0043459022
0.049258385	0.031754524	-0.030201396	-0.0139518	0.014214912	-0.013785565	0.020454036	-0.021463228	-0.019541547	-0.04730322
-0.009439449	-0.0045580366	-0.0070321057	0.044234496	0.027913734	-0.017779477	-0.002304885	0.030515287	0.038186654	-0.015923725
0.021656714	0.043529708	-0.0032639622	0.009812298	-0.04446	-0.005426707	-0.04641434	0.009617253	-0.0270543	0.043047626
0.027514318	-0.025115851	0.03829034	0.0128300395	-0.037064478	-0.024681952	0.04249025	0.0141678	0.017099308	-0.008322975
0.031627398	-0.0043781637	0.02709005	-0.009192324	-0.05439799	0.025311287	0.02449832	0.026703838	0.032567818	0.059520394
0.035856545	0.033135787	0.052862182	-0.053087443	0.03457366	0.025201915	0.053884387	0.0018514956	-0.055351656	-0.011075745
-0.009925665	0.002258615	-0.04847725	0.052629262	0.023317391	-0.029047534	-0.008137341	-0.019795863	-0.039217327	-0.014819482
-0.004208102	-0.03074616	-0.0037520009	0.043679744	0.0057673166	-0.024067432	-0.043197177	0.0028538436	0.0393437	0.039018773
0.026785688	-0.05230719	-0.011468157	0.009352413	-0.03566543	-0.017573247	0.034106158	0.012297636	-0.020214522	-0.009163994
-0.0025344742	0.029520579	0.0017186293	-0.041814744	0.02194369	-0.037777577	0.024435349	-0.031104112	0.012965918	0.023177497
-0.01743057	-0.020577839	-0.006920265	-0.0063081477	-0.0077191116	0.027807064	-0.0069046044	-0.04065948	0.042526156	-0.0222421
0.021878654	0.0078175375	-0.046869535	-0.037397545	-0.042710844	0.024386067	-0.028028412	0.03069815	0.0009880132	0.03161406
0.041664116	-0.0035153686	0.029599478	0.026030498	-0.020204565	-0.0155998785	-0.05365605	-0.013335078	-0.033308953	0.037210353
-0.03526741	0.0032907322	0.03260133	-0.027946364	-0.012136889	-0.043396156	-0.025878692	-0.041065052	-0.0068065897	0.007252365
-0.009508928	-0.0233224	-0.031738043	-0.01415921	-0.020213468	-0.039542746	0.024129873	0.009490735	0.049380608	-0.04436499
-0.00155707	-0.04025601	-0.006386644	0.04431727	0.012092391	-0.025176048	0.04965803	-0.018864572	0.01594762	0.031844635
0.03979898	-0.04169366	-0.03521648	-0.028819231	0.020577222	-0.03840394	-0.0436473	-0.050233696	0.008796579	-0.02771499
0.0055298647	-0.037114013	0.04862478	-0.021412995	0.02734344	-0.005127503	-0.016899895	0.061761983	0.0026917772	0.0656688
0.027882718	0.04514131	0.027894175	0.022046601	-0.012413896	0.009641325	-0.0009859279	0.006517441	-0.04288718	-0.051977664
-0.055437043	-0.035440285	0.014996384	-0.007966579	0.005156189	-0.06707361	0.013730366	-0.0052297725	-0.048026033	-0.004129371
0.03571259	-0.0069302768	-0.013500381	0.03938841	-0.01891563	-0.009474528	0.00779568	-0.005870651	0.05747951	0.026266836
0.0049545146	-0.053472705	0.02100688	0.019441392	-0.06815386	-0.0660255	0.015251	0.027249018	-0.020159474	0.0169405
-0.004178519	0.055724896	-0.0428268	-0.022972206	0.03617146	-0.032318212	0.011939672	-0.04312254	0.021724189	0.009380172
-0.030965507	0.0046395306	0.067050815	0.010393757	0.012012681	-0.030941915	0.019427093	0.021691667	0.0013405661	0.045562796
-0.08351585	-0.039852057	0.044186264	0.0043787477	0.001681002	-0.06904925	0.0024441457	0.080984175	-0.007915322	-0.011217004
-0.054787766	0.036469348	-0.03746856	0.0055132853	-0.04080098	-0.020481134	0.023087999	0.056786064	0.005676995	-0.024511727
0.038697492	-0.003926067	-0.027859043	-0.030543234	-0.013441492	0.009887797	0.0009664322	0.0271725	-0.030637622	-0.031574003
0.05295658	0.023466747	0.00934935	0.0027535574	0.05484658	0.028333724	0.01699484	-0.05921057	-0.019712137	-0.009534097
0.021334844	0.035351757	0.018250387	-0.0027779802	-0.0021624872	0.023492357	-0.059878528	-0.0069241817	0.06941887	-0.041676186
0.0022753906	-0.054532427	0.05829352	-0.037565306	-0.01277223	0.004191495	0.059413776	-0.019533858	0.035449527	0.0087224115
-0.0049487096	0.052272886	-0.024175428	-0.018122947	-0.020761184	0.056682743	-0.019492881	-0.029773219	0.024742106	-0.016020915
-0.02652576	0.011805612	0.04276786	-0.019504827	-0.0024032248	0.022293383	0.017507473	0.006483306	-0.0018895542	-0.03176997
-0.010381404	-0.008795295	0.055747274	-0.01956653	-0.08008616	-0.07708409	-0.015176039	0.043807045	-0.016236337	-0.015553984
-0.045577217	-0.041605625	0.019065248	-0.002930823	0.040404677	0.032089673	-0.0011779477	0.023226924	-0.0070671253	0.0058351564
-0.012490765	-0.013254899	0.013345582	0.013245663	-0.07456069	-0.021662591	0.07413649	0.06976347	0.005259595	-0.011734825
-0.044049244	0.024960967	-0.0070387097	0.012338421	-0.033380527	-0.049036913	0.0373601	-0.029861717	-0.057097573	-0.006581612
-0.017895978	0.015074419	-0.04890872	0.020041782	0.03798529	-0.009096442	-0.022441277	-0.018553201	-0.029727392	-0.039074834
0.0662825	-0.02192611	-0.021719359	0.052157845	0.0061816904	0.038866673	0.029906172	-0.041043714	0.0012844877	-0.022787351
-0.009780578	-0.06826559	-0.0039584027	-0.0639236	-0.072141685	-0.023796141	0.036372304	-0.026438106	-0.04458779	0.06352597
-0.008988582	0.015353221	0.049920525	-0.005537102	-0.03550771	-0.001731692	0.026303072	0.005605526	-0.045309342	-0.019578505
-0.057697874	-0.026315762	0.05303327	-0.025658932	-0.053196017	-0.04757222	0.057978258	0.026400367	0.012502975	-0.009195357
-0.027730126	-0.0425944	0.0057412544	0.03828023	0.021484308	-0.0410895	0.015775084	-0.0059255715	0.03600662	0.023333201
0.026469922	-0.042856127	-0.008599854	0.0070620147	-0.055460736	0.011588495	-0.036302436	-0.02994447	0.03550845	0.03484748
-0.035133786	-0.032026675	-0.020076722	-0.04002256	-0.019046772	0.004259356	-0.05001547	-0.027104415	0.04784248	-0.017134713
0.021126842	-0.023168843	-0.033395592	0.025548436	0.01995673	0.013404022	0.05013712	0.011975137	0.041987356	-0.028859869
0.002074769	0.030782511	-0.037430845	-0.041619163	-0.005426767	-0.035317287	0.04443024	-0.019494839	-0.009584394	0.026133802
0.06055315	-0.012287413	0.0024111397	-0.02629829	0.045769952	0.00551814	-0.01927826	-0.034317926	-0.025963048	-0.020668443
-0.055741478	-0.026707316	0.00043990347	-0.03648399	-0.027605526	0.026769023	-0.039671797	-0.017371545	0.012880206	0.027469734
-0.0065778303	0.041688252	0.001827228	0.011475676	0.039277278	-0.034786254	0.018447364	-0.010445608	-0.027120715	-0.051935684
0.07765807	0.027013112	-0.02663227	0.0692407	0.059588794	0.064834036	-0.01250497	-0.024105595	0.007262332	-0.0023266373
-0.023059186	0.036123857	0.05126509	0.030966453	0.015208583	-0.0040300256	0.0047507454	0.042596765	0.0355457	0.02719852
-0.027807718	0.006182466	0.03474861	0.0043709	-0.037296876	0.029485833	0.014642823	-0.030023932	-0.011089595	-0.004889653
0.049235616	0.025316179	-0.036799062	0.008146493	0.046129607	-0.010826546	-0.0104950685	-0.01302944	-0.003427347	0.036816284
0.03119695	-0.015752506	0.012249427	0.06346709	-0.02207532	0.04397145	-0.009256966	-0.014273554	-0.005815883	-0.012452721
-0.046568654	-0.032407388	-0.000183905	0.016644066	0.031416204	-0.03231571	-0.02912572	0.014815311	-0.04238372	0.00338767
0.05092527	-0.014181406	0.01555	0.045339573	-0.033969056	0.054067943	0.0052888384	0.03990843	-0.0040213168	0.038431846
-0.02320117	-0.024803123	0.010733415	0.020115284	-0.013989074	0.034374036	0.037712093	0.019405102	0.013359152	-0.0302771
-0.025821807	-0.011842626	0.030262247	-0.020898992	-0.04233675	-0.042078324	0.04907099	0.0020955557	-0.04184075	0.00055081246
-0.022841971	-0.010898937	0.072586134	-0.050842036	-0.0111405505	-0.027685434	-0.015384694	0.06161913	-0.06879482	0.038254246
-0.023719463	-0.064141735	0.033429567	-0.06778929	0.027116586	-0.031058434	0.003570956	0.035775602	0.0012989009	0.028399728
0.04037538	-0.04624921	0.0087125115	-0.0053349636	-0.012374971	0.024306672	0.050959412	-0.0051466045	-0.016767161	-0.0041905986
-0.026139107	-0.04335295	0.059723962	-0.048145875	-0.025484368	-0.05831785	0.011268899	0.030496728	-0.015325826	-0.03233144
-0.027245972	-0.010285637	-0.007660339	-0.040082566	-0.06488607	0.023660466	-0.04710507	0.0013217819	-0.06996121	0.029713608
0.029875256	-0.014435812	-0.0491254	0.00506596	-0.021668531	-0.003053816	0.030705487	0.005048709	-0.044384908	0.025221702
-0.014580919	0.05598399	-0.07307862	0.05266885	0.05370983	-0.0027189322	0.017054431	-0.04865353	0.06625208	-0.046491344
-0.03197836	0.06446814	-0.040155176	0.049556453	0.05163081	-0.011762146	-0.024508659	0.01651582	-0.0005556118	-0.013471954
0.009514684	0.040790644	0.039744034	0.033799622	0.0038322036	-0.04076404	0.008624204	-0.012169835	0.015145816	-0.02439625
0.011117499	-0.0016584125	-0.04296937	0.028636543	-0.030305725	0.024149653	0.022902243	-0.0029605143	-0.010520337	-0.026410049
-0.019736767	0.06345031	-0.013805097	0.06564431	-0.020680524	-0.029217375	-0.06981304	0.0022865792	-0.0284439	-0.02288555
-0.044958506	0.024560172	0.014105809	-0.04082882	-0.009313157	-0.0016400499	0.018071475	0.043087833	-0.04748228	0.04303549
0.014221842	-0.05752036	0.052487396	-0.024877429	0.020021556	-0.015738664	-0.0041529997	0.012886931	-0.007901731	0.06572151
0.026110958	0.012439822	0.0018873436	0.01996557	0.01776072	-0.04040434	0.075162075	0.05914734	-0.046148628	0.0019883818
0.04947419	0.019680027	0.041816507	0.0031966914	0.03564017	0.011717166	0.059733517	-0.024344727	-0.040881325	-0.025337908
-0.050512437	-0.053752955	-0.0082671745	-0.028948242	0.03283961	-0.008919915	0.058292255	0.007458676	-0.04877069	0.061254524
0.03588647	-0.016047237	0.040544003	-0.04169804	-0.001981975	0.010318362	0.0013316928	0.029279597	0.011180462	-0.047687154
0.040614698	-0.028490279	0.043172233	-0.019255202	0.045902815	0.0127223525	-0.039280467	-0.049216606	-0.02928422	0.012517788
-0.06788675	-0.008382374	0.009221221	-0.015829494	-0.045045972	-0.067929596	-0.00095014216	0.04689146	-0.018544944	-0.024435371
0.033392522	0.057565417	-0.0158179	0.038192555	-0.016397672	-0.009364374	0.022617122	-0.026198454	-0.017712936	-0.06615778
-0.0151793165	-0.02101455	-0.027075967	0.064586535	-0.023206575	0.057040878	-0.026320547	0.015736725	0.012829605	0.027510893
-0.0014726465	0.029268859	-0.00257677	-0.06277786	-0.020101234	-0.0021688745	0.0017610175	0.04062847	-0.04546487	0.009846519
0.051213823	-0.007828451	-0.010252311	0.04465812	0.014819854	0.047015008	-0.032004997	-0.0060350266	-0.023517316	0.029374186
-0.037392978	0.012430916	0.045907438	-0.009302148	0.02189996	-0.03794561	0.017475953	0.0044305413	-0.05274325	-0.009633544
0.04320242	-0.05499955	-0.001073024	0.012333406	-0.016779883	0.035017382	-0.024411082	0.0028781055	-0.028738609	0.021398205
-0.04503729	0.02534399	0.0063199666	0.028047979	0.012674249	0.0050848345	-0.05768201	-0.026147543	0.034143794	-0.0067270207
0.03665546	-0.03805885	0.037526708	0.009294287	-0.013259993	0.025559248	-0.002651811	-0.033517312	0.015781712	0.032939598
0.06582316	0.0024251132	-0.030428547	0.035266154	0.021894643	0.040124558	0.0044876183	0.02617944	0.028849514	-0.0066887788
0.06041951	0.07737705	-0.027624376	0.03023421	-0.010188507	0.04441447	0.00876824	-0.06465212	0.018927027	-0.071871445
0.004719626	-0.014357975	0.038504496	-0.054406963	-0.013280396	-0.007873831	-0.010418158	-0.005930909	0.02047736	0.027821446
-0.030833023	0.0086926175	0.022007383	0.00091359427	-0.020661103	-0.002464173	0.0048872004	-0.017676374	-0.013564775	0.017942643
-0.032922544	0.024349693	-0.030902484	-0.009599921	0.030099362	0.0512195	-0.00015229816	0.0119754085	-0.03155669	0.0062731556
-0.03403071	-0.009162973	0.037691396	0.019222347	-0.0037581648	-0.01713607	0.030795129	-0.0008712856	0.024165848	-0.04060288
0.02816411	0.026119653	-0.014988733	-0.007956202	-0.014221699	0.03738636	-0.014953608	-0.037899278	-0.03393361	0.0036333904
0.040357556	0.015486862	-0.04137454	0.012122155	0.034892224	0.008478388	0.015703702	-0.063454196	-0.020158796	-0.023714228
0.009345106	-0.022718213	0.012633624	-0.03065275	-0.009929654	-0.03901478	-0.019266443	0.005285034	0.037694745	0.035113882
-0.075274296	-0.006109581	-0.0065107946	-0.05559049	-0.057441115	-0.06406658	0.036119442	0.06258243	-0.03914686	0.053219467
-0.044820473	0.033945855	0.050251603	-0.009858854	0.020685392	-0.03728139	-0.027043555	0.050054602	0.031851523	0.011452471
-0.023644347	0.013942837	-0.0059254677	0.04788495	0.024392309	-0.027438195	0.026812527	0.034323588	0.020809479	0.029402593
0.021736607	-0.0328609	-0.061573938	0.011644275	0.017067742	-0.020882992	0.013125912	0.0026984247	0.037939064	-0.05517878
-0.0044981013	0.018523052	-0.014988611	0.05985521	0.04055268	0.00214302	0.028633738	0.025206832	0.04755578	-0.016118562
-0.002941061	0.014865999	0.06052683	-0.043556	0.008642759	-0.047773387	-0.008936529	0.038264375	-0.051255707	-0.025663229
0.02874449	-0.029808264	-0.045079608	0.047957778	-0.024243178	0.051302105	0.036499638	-0.048834328	0.045384843	0.04180456
-0.025592262	0.014217685	0.028103815	0.029113876	0.007358182	0.04021257	0.023242055	-0.0067648175	0.057775386	0.023352586
0.03651063	0.01849766	-0.018056372	0.018888654	0.008126827	-0.032007698	0.019973606	-0.0050389147	-0.010891071	-0.01784561
-0.04460284	0.019292945	-0.0050898152	-0.04278863	-0.030402534	0.029469887	0.004656029	-0.026450356	0.00834899	0.025954057
-0.021734932	0.007301079	0.022211596	0.012319001	0.03759518	0.063563615	-0.0244296	0.01938842	0.07258054	-0.06149395
0.022168474	0.037241004	-0.024959458	-0.03242563	0.03420583	-0.0117431665	-0.0319799	-0.062913544	0.04964015	0.0021363664
-0.020009458	0.01380091	0.017345872	-0.017396308	0.05750615	-0.023210142	-0.020419309	-0.056844465	0.05821032	-0.030280782
0.03981674	0.027084397	0.03548857	-0.031390812	0.050971646	0.021436218	0.018474989	-0.059662204	0.0433429	-0.019306313
0.039526477	-0.043698866	-0.0015777994	-0.02178634	-0.007621632	0.029978631	0.021396684	0.045198847	0.015091426	0.043170497
-0.023406727	0.010173053	-0.004295347	-0.026899716	-0.046419192	-0.024508938	-0.0003245582	0.055616014	0.0048110946	-0.011721465
0.01834205	0.015109313	0.010985915	-0.0070008645	0.036787573	0.0014375732	0.016908675	-0.011106005	-0.0067753196	-0.020608738
-0.007956776	-0.031550616	0.024699314	0.010080875	0.049795114	0.052961487	-0.002792501	-0.04388809	0.053649247	0.007469142
0.002591965	-0.03973833	-0.009520634	-0.06584488	0.024512071	-0.0047596777	0.050470207	0.03299848	-0.0073111183	0.045567445
-0.03962986	-0.06698368	-0.006920495	0.010689817	-0.0075070597	-0.047524534	-0.027362263	0.04086087	-0.038421378	0.020481555
0.03394911	0.0028914113	-0.051533673	-0.019757537	0.029002171	-0.038155884	0.02743137	-0.043487184	0.002314424	-0.010705482
0.037131872	-0.0026445745	0.040485002	-0.048301734	0.00618244	-0.01997528	-0.012646799	-0.02101458	-0.0095226	0.033772215
0.037841816	0.008880771	-0.030013362	0.028793192	-0.024430623	-0.019939546	-0.018974267	-0.049720183	-0.03082449	-0.012154394
0.0069316896	-0.020332364	0.010365151	0.033852216	-0.0023524663	0.054733604	0.009952722	0.021794483	0.041189853	0.03259887
-0.03523857	0.019987112	-0.019236255	0.0064997245	0.021916708	0.02235122	-0.048576247	-0.033983704	0.05389994	0.004974824
-0.057751752	-0.027985359	0.06610418	-0.020126583	-0.024981717	-0.067248754	0.015623748	0.048720628	-0.017391695	0.06957821
-0.020140566	0.0566147	0.018977944	0.058521647	0.025597077	0.0517541	-0.009783167	-0.039521743	-0.011530395	0.02272982
-0.0151955085	-0.018507376	-0.03696577	0.0066691055	-0.013376951	-0.017002925	-0.0077002905	-0.053548563	0.052128974	-0.029730914
0.01067593	-0.04291951	0.010724065	-0.024236519	-0.064370245	-0.061353564	0.05848897	-0.007062251	-0.06791605	0.035309732
0.012958356	-0.030407598	-0.012978884	0.020572264	-0.034110468	-0.0018785181	-0.009840874	0.005233814	0.04087493	-0.0557841
0.009601558	0.017232075	0.030164033	-0.021030083	-0.03211159	-0.038283423	-0.0063989577	0.05923026	-0.06365071	0.025193427
0.023714036	0.029795982	0.041492816	0.03286424	0.0026657498	0.034441553	0.03809873	-0.0074647097	-0.039064877	-0.03395447
0.027048906	-0.005112402	0.05264487	0.0031923885	0.018425591	0.0037704327	0.044955015	-0.02712704	-0.023008749	-0.027409567
0.009976393	0.07366071	0.0130910175	0.02911867	0.03050941	-0.018712668	-0.046516713	0.015806407	-0.014101343	-0.019916162
0.023262942	0.011106665	-0.021964423	0.022324936	-0.030255584	0.03623022	0.0034870666	0.03515385	0.009950975	-6.126174e-05
0.007769466	0.0050321254	-0.022489756	-0.037135452	0.024690116	-0.034013163	-0.043323725	0.035035077	0.041834332	0.05265333
0.018648107	-0.007605443	0.0040990016	-0.015953876	0.028045857	-0.033576917	0.011015957	-0.037182465	0.05977448	-0.034638565
0.0333309	0.034025345	-0.028304577	0.05373853	0.05760693	-0.017552463	-0.018233983	0.026844336	0.051192477	0.030044246
-0.014162873	-0.002834895	-0.064474106	0.019459032	-0.017152704	-0.025145618	0.020639855	-0.021214604	0.049099293	-0.011253181
-0.050439894	-0.04772867	0.03678548	0.0047790185	-0.023110969	-0.03780084	0.06389218	0.0054738834	-0.030715123	0.018886803
-0.035860658	0.037929103	-0.021175582	0.003621382	0.021266943	0.015458215	-0.029883679	-0.03329848	-0.015415253	0.019610344
0.0022133968	-0.009651711	-0.02582285	-0.004002637	-0.009044608	0.031355806	-0.0016329795	-0.0073121497	0.010877251	-0.032109126
0.013789983	-0.015008735	-0.007514101	0.015026803	0.038837016	0.031946167	0.0068013356	-0.052258894	-9.103231e-05	-0.014924185
0.048629448	0.022651875	-0.00899629	-0.011160667	0.014642189	0.036405604	0.04045122	0.015508112	-0.006059839	-0.032890853
-0.020369932	-0.033930328	-0.0032746177	0.00637058	0.020968465	-0.024373313	0.01106989	-9.0372385e-05	-0.06223168	0.033074696
0.016909705	0.049449004	-0.032456063	0.007099208	0.017856337	0.053236015	0.007986606	0.02883799	-0.036423624	-0.023408761
-0.032494184	0.0049875644	0.014088302	-0.02412749	0.015816484	-0.03495759	0.06588882	0.0042704786	-0.060614232	0.025097676
0.012470032	0.03584185	0.034968913	0.034416355	0.028051231	0.025412198	0.0011093738	-0.03041524	0.03164269	0.0072522466
0.035056807	0.018390002	-0.056589678	0.009475727	0.020065075	-0.01328535	-0.010497033	-0.016651362	0.026102776	-0.029559813
0.042532913	-0.025962137	-0.058041383	0.035652667	0.05818828	-0.007112363	-0.010083367	0.01913893	-0.026670769	0.009623441
0.02721775	-0.010222352	-0.027026813	-0.008797415	-0.006609696	0.024311177	0.021114547	-0.016175333	-0.049710993	0.043109342
-0.0045207073	-0.052289702	-0.033809636	0.010792181	0.0076372316	-0.04787837	0.0066592298	0.01578134	-0.026045773	0.009594227
0.0008824457	0.0540816	0.041891377	-0.0036142308	-0.0020817113	0.0051198406	0.009855948	0.026130237	0.017317725	0.013705273
-0.05366984	-0.00014659518	0.0008022491	-0.004354368	-0.009769094	-0.05313974	0.008176333	0.056095965	0.03630001	-0.0033243753
-0.05744724	0.037806842	0.0037869131	-0.013083304	-0.04198741	-0.010498107	0.014755512	-0.005748177	-0.036812853	-0.023641681
0.035051662	-0.0023025572	0.029274441	-0.020072857	-0.04065246	0.0009290785	-0.008235967	-0.035219826	-0.010692917	0.048466686
-0.0130073745	-0.054609034	-0.034311414	-0.014539902	0.036027286	0.028227596	-0.0016751483	0.04982807	-0.027782392	-0.02644589
-0.006066666	-0.011344262	0.07259102	-0.07872373	-0.052174643	-0.033736423	0.004400591	0.045331296	-0.02185851	-0.010090265
0.01668459	-0.010277422	0.012996913	0.06443029	-0.0019531242	0.06286908	0.005622919	0.018042248	-0.0038638697	-0.06881231
-0.023804927	-0.001151312	0.015200152	-0.0039628036	-0.05099646	0.0033535708	-0.0034076294	-0.022890324	-0.014173342	-0.044581525
-0.0136107765	0.0027081452	-0.054994892	0.054653637	0.0041487603	-0.028794073	0.030733842	-0.044358987	0.024287807	-0.0053774943
-0.016952751	-0.018457396	-0.019577669	0.027254824	0.024805332	-0.020353971	-0.07001181	-0.014466876	0.06499569	-0.037949994
0.0051547266	0.03274425	0.04868499	-0.043889094	-0.042082123	0.041820534	0.030484365	0.024788681	-0.039312042	0.025218783
0.0348243	0.004497129	-0.019801544	0.04496482	-0.014794163	0.0397773	-0.050401792	0.048007328	0.019047	-0.042363953
-0.03420842	0.00553415	-0.024651373	-0.037147615	0.019016216	0.013475053	0.040715244	0.019013183	-0.057163503	0.028048322
-0.0021024325	0.061137635	-0.034085285	0.05778998	0.039182868	0.014420769	-0.03206842	0.011739538	0.015786123	-0.014355078
-0.04766926	-0.07163308	0.047863934	-0.005260602	0.0037060915	-0.0020967587	-0.03542764	0.020627908	-0.024408922	-0.0050426694
0.0035705161	0.008883602	-0.012954033	-0.015222415	0.018437091	-0.06611425	-0.0338643	0.06998873	-0.07747422	0.026624177
-0.025260674	-0.061914396	0.042299002	-0.009511292	-0.02491059	-0.018809889	0.0073998645	0.06382638	0.0048651267	0.066300616
0.016811319	0.043002784	0.03879117	0.054132402	0.048868258	0.011344688	-0.05137375	-0.008840832	-0.004854491	0.031576872
-0.080970034	0.008756363	0.0161784	-0.07783094	-0.070604056	-0.005572955	-0.02361721	0.018739138	-0.01892706	0.040281467
0.02828038	-0.02695044	-0.00016724886	0.043515604	0.0059161833	0.053751368	-0.0016215333	-0.026517931	-0.0010621407	-0.0013803595
0.0048717535	0.030896325	0.013636073	-0.048370656	0.042078935	-0.03354549	-0.046435006	-0.00040018006	0.024790313	-0.03789798
-0.055671263	-0.040287558	0.0009817951	-0.044897765	-0.010491678	-0.0066878535	0.02945583	0.061732415	-0.045535456	-0.021413542
0.014883354	0.014375876	-0.04181279	-0.029936194	0.044372987	-0.011307117	-0.032938167	-0.01687076	-0.035361733	0.036998793
0.0027386313	0.016763452	-0.039587535	0.004840552	-0.048713554	0.028631888	0.030406797	-0.031779855	0.033280317	-0.028609755
-0.013674509	-0.03540621	0.044486023	-0.02202491	0.03086556	0.00874157	0.02979719	-0.03671213	-0.05072256	-0.02307276
0.03038547	-0.008650093	-0.020395337	0.012162075	-0.0083067445	-0.051331062	0.047088087	-0.0012604645	-0.042804215	-0.012912363
0.030961372	-0.026859498	-0.022100013	-0.022496374	-0.018902592	0.022348724	0.013126314	-0.010167916	-0.03228063	-0.03702538
-0.018772917	0.043284178	-0.020372773	-0.016844468	0.021517575	-0.033002656	0.001957687	0.007001987	-0.045073275	-0.04547022
0.028829861	0.00579897	-0.009918425	-0.007924086	0.02249935	-0.020981949	0.030538602	0.03005977	-0.022091651	0.014720233
-0.010544983	0.031972814	-0.008714464	-0.0023327805	-0.0047997455	0.0035704884	-0.028031366	0.03143121	-0.022079527	0.015037494
0.0373839	0.026931157	-0.0044087656	0.040121444	-0.0053124693	0.010245354	-0.026564436	0.03889774	-0.012880763	0.026362548
-0.010047223	0.040374577	0.015346361	0.0119526405	0.043059733	-0.012309876	0.027714461	-0.0031696674	-0.023806743	0.029281199
-0.0013872841	0.0036533917	0.033305984	0.013127051	0.01920626	-0.015505264	-0.015061135	0.038209625	-0.037531387	0.046795014
0.030245733	0.02759839	-0.019044	0.052714977	0.028985208	0.059717305	0.014034658	0.0052805054	0.06377877	0.025978219
-0.02144701	0.010178077	0.049616702	-0.023594536	-0.039346218	-0.035966314	-0.030584427	0.047314532	0.039931	-0.02626901
-0.016081639	-0.07913626	0.037398256	-0.021341687	-0.05361748	-0.057722755	0.036945824	0.041844934	-0.022898883	0.010423334
0.010608652	0.046612695	0.030046841	-0.0064238254	0.023630733	0.04380236	0.0232506	0.024987826	0.031745695	-0.051647738
0.009358337	-0.021810593	0.012681123	-0.014689601	-0.0075937505	0.012940198	-0.019683221	-0.069852434	-0.0019388999	-0.008603171
0.043541785	0.034526926	-0.050803833	0.06717185	0.016633688	-0.013212994	0.0076302085	-0.02110925	0.052666754	-0.052369967
0.05843526	-0.025058893	-0.025373232	-0.01723088	-0.008543094	0.014621101	-0.059613004	0.028839368	-0.038221758	0.02155671
0.035210863	-0.010453628	-0.019214218	0.008445058	-0.02280663	0.04747912	-0.0024451823	0.04530364	0.031813826	-0.0107926
-0.010310052	-0.026131306	-0.055043265	-0.015496547	0.0010693956	0.0453386	0.0021869305	-0.027772015	0.033870272	-0.04383398
0.04743175	-0.014247145	-0.021101283	0.0071918005	-0.027082616	0.044864498	0.025015913	0.011183669	-0.032163233	-0.008180775
-0.010231257	-0.05130663	0.034258455	-0.048817687	-0.046592157	-0.04088993	-0.014727527	0.0227854	-0.04760655	0.031377174
0.013721731	-0.028651739	0.045947824	-0.011132678	-0.018651769	0.03264175	0.035941884	-0.0029468574	-0.031645887	-0.045635413
-0.036906805	-0.081534654	-0.010233636	-0.027473997	-0.04495269	-0.020745551	0.046825763	0.032983083	-0.02129255	0.03369723
0.004661178	0.03722777	-0.05391026	0.04829005	-0.029859666	0.055830408	0.041720856	0.027752155	0.018186165	0.008993127
0.033258807	-0.03020972	-0.011089318	-0.030372597	0.054677565	0.0014328336	0.027374974	-0.026138466	-0.023831883	-0.03670669
0.023282629	-0.020581204	-0.01582084	-0.029707558	-0.008082027	-0.0066717626	-0.031747796	-0.036928177	0.019874187	-0.029387277
-0.028698169	-0.04506567	-0.028283674	-0.054665953	-0.027815048	0.0005702562	-0.0009858281	0.0009616259	0.0070911963	-0.007839863
0.0037858195	0.0318099	0.03097575	-0.048041347	0.004024573	0.028486324	-0.042089876	0.05830229	-0.009153549	-0.042760603
-0.026449608	0.011582065	0.024893563	-0.028541278	0.018708237	0.008120733	-0.028740216	0.04397632	-0.007792481	-0.03717567
0.019005671	0.02016411	-0.017405948	-0.046343166	0.02432581	0.0021624132	0.055054724	-0.009044227	0.009278572	0.026440594
-0.026530001	-0.025147723	0.012374385	0.030607846	0.0055413237	0.03140982	-0.049267035	-0.013930999	0.0036783854	0.035053812
-0.014992747	0.044582427	-0.032479215	-0.008255462	0.07535674	-0.0074576573	-0.039076112	0.0044954624	0.0368801	0.0048242896
0.04194524	0.0455212	-0.024086442	-0.022352563	-0.02795554	-0.01795874	0.02916393	0.008953855	0.019673662	0.012029988
-0.05496495	-0.054515682	-0.0072592464	0.020388838	-0.006431615	0.023462364	0.035896264	-0.008637425	0.01268673	0.046224702
-0.0149163315	0.016951598	-0.02180086	0.010074965	0.0021188853	0.00086168165	-0.001961789	-0.043191962	-0.01983685	0.019869892
-0.054357756	-0.008602619	0.003268062	0.027416024	-0.023967324	0.028051425	-0.0023136793	-0.015203521	0.004024513	-0.02014672
-0.053912316	-0.04956464	0.0094219865	-0.028061312	-0.0141092045	-0.027137145	0.046762533	-0.0058678794	-0.05732752	0.037707753
-0.03486404	-0.03687613	-0.0016716754	-0.05579789	-0.0048048072	-0.063273475	0.04019875	-0.016340133	-0.033229157	-0.040840916
-0.0026867401	0.013553338	0.002652832	0.018214345	-0.016926052	-0.0566413	0.033602584	0.0076871524	-0.013311841	-0.02984295
0.02684552	-0.054783396	0.036700964	0.0171629	0.02999429	-0.05896985	-0.024779635	0.016625462	0.027505135	-0.04140528
-0.018920919	-0.02594644	0.0066833072	-0.017305495	0.0010552416	0.021589993	0.005179309	0.018455384	0.030897336	-0.048214477
0.033489354	-0.021697715	0.04685612	-0.01187061	-0.031217406	-0.015983978	0.04280476	-0.018686017	-0.050862484	0.031489827
-0.03706554	-0.02742321	-0.028471889	-0.019291693	-0.023010537	0.030878859	-0.0024427236	-0.021139482	-0.03274788	0.017990815
-0.0069575366	-0.053698648	-0.0035190636	-0.014820533	0.03384951	-0.017501097	-0.006648513	0.055697575	0.021785716	0.02670097
0.044428524	0.021566255	0.014112673	0.008299527	-0.008551056	0.029609386	-0.002417108	-0.04409798	0.009579442	0.00015531466
-0.047502022	-0.026840663	0.0037640033	0.04379196	-0.014541644	-0.009417855	0.03845776	-0.008283627	0.048258048	0.025389094
0.03049246	0.02691677	0.0014527177	0.030120332	-0.038729805	0.0005083207	0.025688605	-0.011303414	-0.043076742	0.0340459
-0.0116409585	-0.0094583845	-0.03571639	-0.03292603	0.023762219	-0.0422573	-0.041941788	0.026565485	-0.020411639	0.036740858
0.0125513375	0.038897976	-0.0022498926	-0.01713171	0.04023603	-0.0012031809	0.060408387	0.020523345	0.036186054	0.028734973
-0.031400613	-0.0079479115	-0.030754834	-0.03725363	0.010188167	-0.0076275133	0.034064244	0.038897272	0.008196137	0.0057785218
-0.0021770352	-0.025739156	0.015516391	0.03026074	0.03750684	-0.013264135	-0.049179386	-0.009481341	0.0063563613	-0.010290753
0.07811373	0.048442956	-0.05510906	0.009188505	-0.0053833076	-0.007946718	0.014507072	-0.027313208	0.015260978	-0.06594011
-0.054741543	0.012330989	0.014486383	0.021432778	-0.04499263	0.028835319	-0.033590235	-0.0043217656	-0.011028734	0.021280283
0.022795739	-0.0056450423	-0.03382961	0.003081135	0.009671379	-0.0006322621	0.00045105504	-0.03708118	0.03533097	-0.02717909
0.024739213	-0.0032250984	-0.050913315	-0.02891187	0.017647142	0.013308816	-0.0033560165	-0.030970916	-0.009130622	0.0380815
-0.01889495	0.03699854	-0.053689025	0.056463614	0.00067938695	0.01808192	-0.022777956	0.013617097	0.04494313	-0.014142955
-0.005701302	0.06689095	-0.063406214	0.035879333	0.0043226015	0.0063958364	0.019081453	-0.01805905	0.027651899	0.018784551
-0.02675987	-0.0058844606	-0.043516085	0.02210553	0.018579997	-0.041719105	-0.026375674	0.033827614	0.03463969	0.020382104
-0.05210071	0.026270581	-0.02081893	0.009085732	0.033680715	-0.05146715	0.008633566	0.02224905	-0.0006199577	0.06612132
0.03257309	-0.04188188	-0.0036572383	-0.029813707	-0.007674711	0.00094134104	0.005644316	0.036153372	0.010213142	0.0234078
0.06338794	0.042626444	-0.04785412	0.05476606	-0.001179813	-0.0037632782	0.0044115637	-0.009155638	0.05787999	0.018520454
0.011447129	0.06678203	-0.04786098	0.05832149	0.011992965	0.009321914	-0.06381236	-0.06827958	-0.018080547	0.0040024444
0.00917683	0.043178294	-0.023638336	-0.03312076	0.03364121	0.011271269	-0.02109114	-0.012966441	-0.010700654	-0.040872063
0.05216135	-0.023046488	0.03057038	0.03889985	-0.003461599	-0.022246936	-0.033045072	-0.04363572	0.011843845	-0.03451992
0.03262389	0.017302427	0.0021671318	-0.030124944	0.0048762257	0.022480138	-0.019480499	-0.05520092	-0.009884253	-0.05199268
-0.0006091821	0.037191913	-0.05734223	0.008486488	0.037205763	-0.024792392	-0.05800648	0.022903187	0.05007753	-0.037140686
-0.029801415	0.034478273	-0.025573343	-0.03192794	0.020196058	-0.02471213	-0.015750049	0.019481214	-0.029213186	0.04848783
-0.0005703896	0.027197605	0.011701559	-0.022426821	-0.0057295165	-0.0024809805	-0.029497873	-0.019992488	-0.0059452513	0.013550871
-0.047368787	-0.01651469	0.040400315	0.028954463	0.0020671624	0.027401472	0.026080953	0.008410667	-0.04179691	0.03280946
-0.028245134	-0.002424136	-0.010942216	-0.015245619	-0.041176785	-0.014808945	0.05887747	-0.02084897	-0.060770832	-0.018456463
-0.020985942	-0.04750302	0.04932724	0.038625553	-0.01423597	-0.029115263	0.0206638	0.016955534	0.0036435868	0.033235967
0.0075836056	-0.013211042	-0.0089843115	-0.040604893	-0.030143654	-0.03080317	-0.017127063	0.04903114	-0.010773697	-0.033574473
0.033919368	-0.012941801	-0.026776813	0.036444098	-0.016086789	-0.026151566	0.04076854	-0.049196344	-0.017077407	-0.010929687
0.05715733	0.0050988616	0.004965808	0.07316222	0.07658431	-0.020162169	-0.04850902	-0.048541833	0.005340192	-0.047490474
0.010845316	-0.048737742	0.029831054	-0.043968573	-0.009507041	0.025748493	-0.019161543	0.0041332836	-0.047927063	-0.026906354
0.0014148618	-0.031160012	0.06787679	0.025293658	-0.0058761267	-0.057487328	-0.027823063	-0.0256636	-0.0012602999	0.020660525
0.04795444	-0.052852657	-0.011438738	-0.027538812	-0.016470427	-0.001378466	0.039294627	-0.010167594	-0.05177501	-0.028257366
-0.017535128	-0.043816615	-0.011200109	-0.064991266	0.023470424	-0.01601754	-0.018167835	-0.0035746829	0.003445292	0.038389232
0.004588754	-0.009791107	0.017475314	0.03905988	0.041952096	-0.043497745	-0.044684377	-0.035128497	-0.030311268	0.004622184
0.05298226	0.05550921	0.032514587	0.023903422	0.013008569	-0.02672204	0.013541583	-0.05976475	0.00916352	0.0026061551
-0.019533493	0.015151872	-0.019298427	0.010913466	-0.025699383	0.026662823	-0.0010425341	0.033897467	-0.016910901	0.0159017
-0.010191239	-0.03588325	-0.020720247	-0.026344592	-0.01177246	-0.022121964	-0.032534964	0.038610462	-0.042826027	0.024351425
-0.026012668	0.010442265	0.009562814	-0.023038626	0.02772471	0.043136474	-0.027119098	-0.0036076892	0.025444528	-0.02353881
0.054122616	0.025478117	-0.020811597	-0.010236208	0.07754249	0.07825926	-0.02128098	-0.008219823	0.013143604	-0.03235991
0.0005311669	0.04185181	0.014726716	0.015532196	0.053834204	0.06168238	-0.0016858368	-0.012654057	0.020067286	0.030790012
0.0381648	-0.018932033	0.021112135	-0.027290307	-0.012221385	-0.025470173	-0.036882706	0.029676965	-0.035298117	-0.026991393
-0.035476178	0.005217161	-0.029077861	0.050797183	-0.01547467	0.019385904	0.0014122119	-0.021881873	-0.016836286	0.016101683
0.03512708	-0.02804161	-0.017405897	0.056589484	-0.018323975	0.046489295	-0.057239633	-0.028916305	0.021681048	0.012109827
0.046144236	-0.027365612	0.016882954	-0.011270491	0.033283543	-0.027406953	0.0141110495	0.037362773	0.013238919	0.010384166
0.04674062	-0.00063486333	0.037029885	0.037715554	-9.183374e-05	0.029735794	-0.026148718	0.038417246	0.032604706	0.015249404
-0.021356706	0.053143278	-0.04355459	-0.021863729	-0.014833093	0.018494247	-0.029280031	-0.070121884	0.054915205	-0.011904323
-0.035084587	0.024267895	-0.025092669	-0.027338002	0.037341446	-0.019816903	-0.03343636	-0.0358969	-0.008996676	-0.05300848
0.019550921	-0.032104954	0.06974801	-0.009752456	0.009012671	0.009808432	0.0051064226	0.044191238	-0.025522312	-0.014568393
0.018424112	0.035460725	0.023852872	-0.030719258	0.034411486	-0.0056438292	-0.05782634	-0.048599645	-0.010346354	-0.029503902
0.06880271	-0.005442394	0.0014897169	0.02028466	0.0077845296	0.03781064	0.010956475	-0.036443204	-0.0029349593	-0.006197073
-0.01248708	0.020701088	0.02248382	-0.00049060397	-0.028508946	-0.0053622066	-0.013278562	0.015775722	-0.028353304	0.0547226
0.01808305	-0.036329146	-0.012775429	-0.032939304	-0.03294279	-0.043794747	-0.035130925	0.021210229	-0.02391852	0.039002012
-0.042409085	-0.06663458	0.057564404	0.019218685	-0.017003555	0.0027251747	0.0058455435	-0.02403307	-0.023860833	0.027170777
-0.016833195	0.019180514	0.043666944	-0.028908636	-0.046693653	-0.014729454	-0.020252867	-0.01002862	0.030710429	-0.016026791
-0.0036572	0.0067034685	0.036531925	0.0057680495	0.044458676	0.057339773	-0.012136477	-0.001633206	-0.023557113	0.02281018
-0.060196333	-0.01583481	-0.005497206	-0.06389599	-0.0011406682	0.007544927	0.032170665	-0.019310394	-0.011784089	-0.01767349
-0.053213432	-0.030916667	-0.017310388	-0.023795893	-0.051056758	0.021459593	0.027279535	0.053739835	-0.047930144	-0.012295688
0.008335843	0.055406857	0.03475372	0.043181103	0.019431913	-0.0026214365	-0.024500072	-0.00096994225	0.037200738	-0.015340056
0.027455326	0.0670953	-0.03334425	0.033011794	0.041296214	0.05053527	-0.02569554	-0.05669324	-0.01702061	-0.041235175
-0.04085226	-0.04293358	0.06782757	-0.050878152	0.016537065	-0.063280165	0.011011943	0.017278014	-0.014410961	0.025933573
0.056358863	0.025797915	-0.032200687	-0.015602821	-0.02497356	-0.007425416	-0.023945041	0.028187087	0.01734362	-0.026221892
0.029889064	0.02914448	-0.03839988	-0.02036432	0.037042685	-0.026071988	0.003582138	-0.032793716	-0.006536074	-0.032897025
0.014153178	0.011507925	0.054706294	-0.0019627395	-0.027893001	-0.04549871	0.024371987	0.035267483	-0.06669009	0.043101355
-0.011424934	-0.022599278	0.014178276	-0.015546487	-0.014889254	0.025448907	-0.008002626	0.052840255	-0.0038950148	0.018561367
-0.0051813517	0.04053722	0.017506916	0.010055421	0.021412434	-0.0144457575	0.010071803	0.04046691	-0.041874	-0.023931447
0.012176819	-0.027329601	-0.052663464	-0.025215268	-0.0031477374	0.019749137	0.019376356	0.02901046	-0.027167525	-0.010066195
-0.043693367	-0.011737463	0.046656765	-0.02324823	-0.004239618	0.0514456	0.0005212366	0.024670456	0.027621252	0.05462779
0.018210737	-0.00014299792	-0.06885859	0.01569101	0.01688501	0.071110554	-0.055162665	-0.051709786	-0.013928654	-0.06698986
0.025834402	0.03588888	-0.039557103	-0.012518573	0.04471845	0.067483015	0.0035217297	-0.007847645	-0.006442304	0.023738155
-0.040431034	-0.017655414	-0.045009654	-0.022455191	-0.019535623	0.015408071	-0.0027533488	0.024350004	-0.039619397	0.0031642015
0.04072278	-0.01834266	-0.014794151	-0.00031907743	0.03854644	-0.004900352	-0.028723203	0.0058109174	0.036394294	0.04028695
-0.04577412	-0.031983647	-0.013112287	-0.02394358	-0.018530851	-0.036368687	-0.00093248166	-0.014232197	-0.057449233	0.028114475
-0.04285675	0.03052933	-0.043026306	-0.03909297	-0.0065368563	-0.02917881	-0.022639804	0.019160187	-0.01776246	0.010368718
0.029639887	-0.0067312047	0.043688517	-0.0056764623	0.046772644	0.01529886	0.03482053	-0.040264584	-0.015803026	0.030877449
0.017015161	0.023435522	0.024008328	-0.012893259	-0.027750734	-0.0028589661	0.024932818	0.0063678897	0.028096654	0.018447386
-0.07683942	0.006246688	-0.018323759	-0.042816807	0.008384658	-0.025261058	0.025301516	0.07517867	-0.054492738	0.02318457
0.012868188	0.0628223	0.021144764	0.033283737	0.008465695	0.0150506	-0.055585522	0.0021497435	-0.018588055	-0.059971362
0.0009915261	-0.042234875	-0.029463843	0.028873643	-0.042664785	0.0034484514	-0.029884186	0.041991934	-0.006603919	0.026305137
0.026019728	0.0051891548	0.0198642	-0.056238502	0.035231628	-0.018312555	0.026783377	0.0030495406	-0.026814928	0.016142342
-0.019739864	-0.022860695	-0.046542667	-0.014441295	0.02947219	0.039260216	-0.050305102	0.018619817	0.055604454	-0.0069909925
-0.0032881696	-0.04181047	0.01985512	0.025272314	0.039371874	-0.051383194	-0.045912858	-0.0223823	-0.028337564	0.021147614
0.00667411	0.028736813	-0.0378617	0.0116791865	-0.010117602	-0.0020517786	-0.014353623	-0.021052022	0.042243112	-0.0033184923
-0.04661348	-0.015601295	0.034926455	0.039788727	0.006671341	0.01611954	-0.01953989	-0.046929378	-0.029136088	0.005563728
-0.010253308	-0.038192112	0.06244864	0.013885238	-0.040051684	-0.077249385	0.072602905	0.05164389	-0.04044493	0.037829522
0.009804142	-0.034896683	0.040664684	0.022512713	0.01459414	0.018902432	-0.010599651	-0.022349767	-0.056275684	0.046262223
0.011219144	0.028945632	-0.058111254	0.0010249402	0.04189639	0.043639015	0.018153021	-0.05967908	-0.0069918497	-0.036374573
0.040652048	-0.052400824	0.041171625	0.021494145	0.037090886	0.011487215	0.0018107453	0.039331023	-0.026070945	0.026752893
0.040028885	-0.040495753	0.008242474	-0.009545029	-0.01389959	-0.008772952	0.035762645	-0.014340778	-0.011029612	-0.016877634
-0.022394901	0.052271202	-0.059160322	0.042514008	0.041237295	0.009559395	-0.028895745	0.025871495	0.027552566	-0.048232112
-0.034987982	0.0016952013	-0.03232847	-0.0031540561	0.04122409	-0.0039916337	0.022153305	-0.0071659354	-0.03006617	0.008064375
0.059787486	0.016711205	-0.013579785	-0.024445748	0.021841863	0.023573443	-0.06382099	-0.04798132	0.04439986	-0.049412165
-0.008555032	0.00991295	-0.0067590815	-0.02427837	0.005971683	-0.052074824	0.014253877	0.02488524	0.039603796	0.04087326
0.04131132	-0.01591633	-0.027249884	0.033156447	-0.008525709	0.0058003627	-0.022960557	-0.03165553	-0.032654434	-0.0130238505
-0.029902564	0.01701451	0.013261014	0.008267172	-0.04022206	0.002873383	-0.00026233506	0.026245823	-0.07831728	0.04382552
0.014328245	0.0075414386	0.010189229	-0.002009075	-0.018010043	-0.03319755	-0.035220444	0.028459786	-0.0022196928	0.016990516
0.02400611	0.009424804	-0.021476476	-0.024606572	0.025755163	0.04799899	-0.035977785	-0.049209226	-0.024649682	-0.041000064
0.011384481	-0.029657455	-0.00646391	-0.030016188	-0.03577985	-0.0077569564	0.03989878	0.06821859	-0.016077142	-0.0009644841
0.03990498	0.011746045	0.003001054	0.0024575815	-0.05026081	0.030154305	0.01628508	0.034055453	-0.020742942	-0.014549543
0.032009453	0.023156967	0.04659218	-0.056267615	-0.043815795	0.035192132	0.00011406522	-0.036201097	0.043922555	0.05100547
-0.05994727	-0.060411297	0.040584963	0.0005450043	-0.042823095	-0.03736994	0.02944292	0.0026362357	-0.0022613802	0.014863461
0.0031883554	-0.07630493	0.045134883	-0.036520693	-0.07387592	-0.05883191	0.031716555	0.013268694	-0.053333003	-0.0016389613
-0.016874263	-0.024030078	0.0380358	0.030616244	0.016190792	0.007848068	0.029058058	-0.010676114	-0.0033784371	-0.053686608
-0.022596754	0.032247204	-0.03808089	-0.020902634	0.04393339	0.009482931	-0.065467514	0.019716281	-0.024721142	-0.0050454712
-0.018982599	0.0033724867	-0.017665002	-0.027005425	-0.019961745	-0.045159727	-0.02194058	0.01359562	-0.069565356	0.059547234
0.014352334	0.022909002	-0.04266166	-0.044424176	0.031205108	0.014265596	0.048992444	-0.022125982	-0.025050437	0.004531689
-0.01372539	0.06492654	-0.031209711	-0.026525145	0.031025497	0.058802735	-0.032578424	0.008776258	-0.018521328	-0.026945155
0.024235478	-0.018009307	0.028750964	0.035611704	0.047308017	0.03884195	0.0006352947	0.02596677	0.020334799	0.0036719819
0.032934796	-0.028360892	-0.029798688	-0.005180477	-0.04088372	-0.025395934	-0.011482558	-0.052346133	-0.030360734	0.032724615
-0.012027736	-0.017057294	0.008237962	-0.00891234	0.01846631	0.0009990707	0.03148248	-0.04082923	0.05148958	-0.051093303
0.04416069	-0.013100554	-0.0041342527	0.01758108	-0.014740805	-0.025567217	-0.019677442	0.007267414	0.046299346	-0.06195683
-0.02476846	-0.014448519	0.025824837	0.022781957	0.045759145	0.039980974	-0.044266503	-0.039319042	-0.0075642182	-0.04142896
-0.043305963	-0.07557584	0.041700218	-0.0041148416	-0.008867563	0.0032781465	0.030767148	0.0038515672	-0.0052380697	0.008440997
-0.009734509	-0.019868366	0.053998306	-0.024151845	-0.040871423	0.017843565	-0.0077085965	0.034944076	0.0039375806	0.012299402
-0.008382112	0.05947498	-0.0014377623	-0.03689339	-0.015360985	0.034553885	0.006099734	-0.027211238	0.03182925	0.018949347
0.03986559	0.03822368	-8.1601866e-05	-0.030274404	-0.0269561	0.010750645	-0.05145811	-0.012492542	-0.01522335	-0.047332734
0.02563051	-0.0039431355	-0.0061231633	-0.019916942	-0.062139478	0.020887988	0.024878435	0.020722978	-0.020496482	0.04507405
-0.07403953	-0.02278157	0.056669287	-0.011286044	0.0033677618	-0.06753698	0.010385826	0.03429021	-0.02178876	0.05710774
-0.0008373887	0.00784052	0.012477613	0.0057251058	0.015119023	0.030338692	-0.009936133	0.05731278	-0.05265466	0.06070005
0.04563142	-0.049477633	0.021529494	0.0051545515	-0.04243266	0.034618497	0.0003711888	0.044175085	0.03901755	0.03818296
-0.022276744	0.0073644132	0.058491353	-0.078650974	-0.019434052	0.0033220628	-0.0020110619	0.018256668	0.0049465196	0.049498804
0.010423122	0.04482202	-0.026156146	-0.0068562576	-0.02509016	0.023783023	-0.044858996	0.019277556	0.033634532	0.030539647
0.015740234	-0.019606568	-0.0025400473	0.05630588	0.030822217	-0.012310573	0.0010580807	0.026094737	0.0057143546	-0.045061305
-0.077371165	-0.06689304	0.006743225	-0.02015331	-0.03922785	-0.0033582088	0.06893768	0.06636821	-0.059034333	0.01853414
-0.0486866	-0.041719455	-0.0033522062	0.036725223	0.0057634707	-0.013955862	-0.026171932	0.057062168	0.031917907	0.038858317
-0.0070763733	0.04761729	-0.030144313	0.00476864	-0.015787577	0.071606986	0.012069536	-0.05573892	0.061917476	-0.07882317
-0.022533178	0.04116885	0.029893665	-0.030618614	-0.023808114	-0.03164701	0.010294935	-0.046460275	0.06001005	-0.054150064
0.038165797	-0.020552047	0.008682508	0.0069875163	0.026872411	-0.028576301	-0.005084582	-0.014588285	0.06213847	-0.012097054
-0.023185143	0.02453201	0.049008805	-0.03655238	-0.052340895	0.036459167	-0.025418708	-0.017704813	-0.008311195	0.04482442
-0.0069256206	0.016608626	0.040313404	-0.057176977	-0.06347567	-0.023871483	0.030219663	0.06717825	0.0072919945	0.0074487934
-0.014650043	0.038694497	-0.05121302	-0.009937209	0.0048850533	-0.0029460518	-0.037746638	0.008285121	0.0035185977	-0.0764923
0.039087113	0.030550484	0.03496498	-0.05077885	-0.01325341	0.017439706	0.027548546	0.047341943	0.026463019	-0.0035041089
-0.0065368293	-0.013644601	0.029026292	-0.017757216	-0.0043033357	0.029198036	-0.014143742	-0.016552823	0.018823816	0.044472963
-0.005677135	-0.032724995	-0.051724482	-0.009997101	-0.012536853	0.025083916	0.0092943795	0.017485084	-0.034193635	-0.052946664
-0.030512067	-0.03180578	0.04241811	0.02367297	0.045883004	-0.025393944	-0.04460649	0.016424643	-0.019429892	-0.027532369
0.02915669	-0.03286798	0.03408698	-0.036005594	-0.009258313	-0.00017239561	0.020501817	0.030070748	-0.020574858	0.0029526285
-0.023137858	0.06752851	0.021661382	-0.0021786285	0.021657031	0.06737956	0.03132453	-0.050482374	0.038234144	0.02999922
-0.065828495	0.0063808323	0.023259994	0.0049990593	-0.05431285	-0.047319446	0.029571597	0.03488711	0.004735474	0.026706528
0.00094740454	-0.027832612	-0.021531608	-0.0014531653	0.032439943	0.016425896	0.047287304	0.015422432	-0.040070403	-0.026543902
-0.05676448	-0.07376992	0.027658377	-0.0021102836	-0.07929678	-0.034253683	0.06373316	0.03830725	-0.029291548	0.008376989
-0.0018567714	-0.03158039	-0.004552176	-0.052217193	0.0121105295	-0.0009866885	0.050900236	-0.01368643	-0.018794127	0.011970425
0.029996198	0.03987211	-0.06858573	0.055334765	0.05444525	0.029332448	0.042228635	-0.04746285	0.067020535	-0.06946031
0.017104207	0.034869388	0.033968803	-0.006140955	-0.0113336	-0.028892996	0.0023741466	0.035780072	0.035559047	-0.037074827
-0.039671395	0.020793611	0.03966384	0.02032789	0.019128751	-0.010051557	-0.01649453	-0.031902097	0.037831385	-0.045531124
0.06904219	0.05162965	-0.06934321	-0.014049899	0.073382	-0.024864057	-0.034057185	-0.050668452	-0.0017894075	-0.02375571
-0.025598252	-0.045969278	0.008153926	0.0035441548	-0.008471228	-0.023953702	-0.005938504	0.027406266	-0.04527462	-0.0013345558
-0.029851312	0.015475007	0.053980388	-0.053518057	-0.023779508	-0.06636066	0.04091478	0.066407464	-0.03381643	0.020889062
-0.039061014	0.014324769	0.00089200196	0.044402026	-0.017362703	0.031870876	-0.026024958	-0.0072308807	-0.04027323	-0.031845875
-3.626218e-05	0.04771236	-0.031718586	-0.038383808	0.015533254	0.014518754	-0.050014358	-0.0050376845	-0.029058749	-0.049124647
0.0058214418	0.04507984	0.028093277	0.017951034	0.02686893	-0.014280002	0.049114317	-0.023486437	-0.01999803	0.009468068
0.029576186	0.016034473	-0.05625312	0.05614806	0.009316001	0.03806676	-0.0773892	-0.07248223	0.032557815	0.0077097365
0.062022272	-0.019325867	0.0021157672	-0.019586246	-0.028874274	-0.03318147	-0.008880678	-0.009612974	0.039972454	-0.00930035
-0.022503057	0.057682533	0.0023284198	0.06784858	-0.017278228	0.018713033	0.01572624	0.01843035	0.035977967	-0.04095965
0.06019936	0.05305723	-0.035057783	0.01279675	0.024464836	0.048968922	-0.059295848	-0.060462072	0.04704705	-0.067817055
0.05972134	0.029147448	-0.033471037	-0.0142834345	0.03905557	-0.022380495	-0.06351597	-0.0029328286	0.025460253	0.023982737
0.013444992	-0.034580324	-0.038963024	-0.03559903	-0.0006071583	0.021731215	-0.008657529	-0.054475512	-0.014941331	0.011973941
0.019727275	-0.03956126	-0.029234579	-0.005758366	0.03290778	0.0145664895	-0.010503629	0.025153086	-0.0063453903	-0.042210087
0.040618446	0.05261932	-0.008193038	0.045933753	0.0005289494	-0.0017095986	0.017889874	-0.023799784	-0.023582313	-0.023742778
-0.036775243	-0.013177292	0.051138658	0.004743609	-0.036969036	-0.0052167624	0.008811461	0.03913249	-0.008265443	-0.010374165
0.0055127153	0.030516954	-0.015892297	0.07084977	0.059457503	0.068416305	-0.03371263	-0.054906007	-0.00222112	-0.018498428
0.054701254	0.002176792	-0.016410433	0.018221991	0.000120338846	0.02718982	0.0049822233	0.009047699	0.011219497	-0.04885437
-0.0064256936	0.0055518434	-0.0061136815	0.06281534	0.00051155576	-0.019597566	0.02158422	-0.05230565	0.04284505	0.0118534425
-0.08053796	-0.05430701	-0.007594914	0.010242946	-0.04744519	-0.0005169932	0.036714807	-0.011620949	0.0112802535	0.04012667
-0.018732494	0.024286551	-0.050176702	0.0030670066	-0.021152062	0.0045597926	0.0404931	-0.04295698	0.05254468	-0.0034451843
0.056095056	0.029246137	-0.023255792	0.01368438	0.008312813	0.017876497	-0.02650821	-0.0035243274	-0.025097862	-0.025677182
0.0031099652	-0.043799624	-0.017483184	-0.053950366	0.00048101603	-0.047946513	0.03496978	0.0056622624	-0.006617698	0.0035131243
0.0036735227	0.017106578	-0.011405618	0.002550085	0.018149339	-0.0016052098	0.034592822	-0.053819936	-0.019914903	-0.038808458
0.05742141	0.028148293	-0.06426439	-0.023920618	0.026808994	0.025582472	-0.002423216	-0.05421147	0.045135688	-0.05811491
0.03623454	0.0071823504	-0.044546615	0.0680508	0.06629399	0.038879424	0.0034715084	-0.036986455	0.037516993	-0.07749326
0.016849061	0.017895184	0.001499034	-0.060686935	-0.035477035	-0.046794727	-0.024920503	-0.015681641	0.01776383	0.042033933
0.010010576	-0.019665271	0.00010795998	0.029025402	-0.03169193	-0.058568574	0.02230651	0.024947008	0.01133939	0.0017108383
0.0013609286	0.057631277	0.010040949	0.055283863	0.061726253	0.013536481	-0.02612962	0.028147615	0.039562013	0.01673959
0.020652425	-0.016691446	0.012109097	-0.037968017	0.021675577	0.047471564	-0.058017366	-0.054353498	-0.015769407	0.005329455
0.020461833	0.02764573	0.02073138	0.020816341	0.02101688	0.0064049233	-0.041210253	0.011832946	-0.0028505041	0.017096138
0.040895034	0.035399158	-0.006482389	0.04726167	-0.013996496	0.012881891	-0.014252727	0.0019556202	0.006661152	-0.018642204
-0.012851371	0.03746708	0.03591435	0.032431144	0.022673806	-0.034512807	0.036492053	0.026754918	-0.035644833	0.0374665
0.023484426	0.06386111	0.017499192	-0.022914888	0.029013243	-0.02000149	0.012688062	-0.023534147	-0.0015071677	0.0005290743
0.034904897	0.018341998	-0.036305524	-0.00037343986	0.026070217	-0.031066248	0.026707012	-0.010034132	0.031472076	-0.04672365
0.03597019	-0.034415185	-0.014331649	-0.010634272	-0.019501984	0.04750759	0.026017664	-0.051099878	-0.011271165	-0.009057051
0.032272164	-0.009158313	-0.07534497	0.027572356	0.05039043	-0.0029281024	-0.00615904	-0.0050320346	0.0071209176	-0.008381872
-0.022431321	-0.0131501565	0.038948838	-0.012441954	0.027221447	-0.008492065	-0.01006757	-0.032056812	-0.037855376	-0.02103976
-0.005447841	-0.036733527	0.023146886	0.008527466	-0.0633176	0.028522307	-0.03423428	-0.013890713	-0.038977746	-0.023253337
-0.029177839	0.04883884	-0.04354848	0.04536257	-0.027703792	-0.042747814	-0.021023124	0.019079233	-0.030736638	-0.02135657
-0.037428092	0.041971944	-0.018318642	0.033039026	-0.040414948	0.02883557	-0.01917879	-0.044276692	0.02490007	0.008680947
0.037628986	-0.035403345	-0.039899305	0.004602317	-0.017007172	-0.028131625	-0.047693983	-0.021686498	0.01290327	-0.031970955
-0.0409902	-0.03502918	0.041393187	-0.020765794	-0.018867215	0.025085265	0.032596756	0.06712391	-0.05890511	0.009951144
0.002691344	0.038945246	-0.036977153	-0.014491227	0.004068115	0.030791888	-0.049501408	-0.003691547	-0.044695184	-0.008441247
-0.029933576	-0.02134495	0.019455316	0.03465089	-0.03754226	0.046648186	-0.010404668	0.0011758829	0.03759831	0.037658084
0.04351484	0.03531736	0.032176904	0.029559592	-0.039779056	0.0021297839	-0.010797453	-0.04545317	-0.035231303	-0.030855149
-0.0024121958	-0.07341114	0.06517085	-0.07549653	-0.07499782	-0.047022272	0.010634433	0.022119723	-0.03143543	-0.01493042
0.05334034	0.06986505	-0.03720816	-0.014656477	0.003806334	0.07649256	-0.0131902415	-0.027441934	0.0319934	-0.06946269
0.014717046	-0.042960573	0.03487536	-0.05396691	-0.059727505	-0.033881716	-0.039025184	0.06179591	0.0016497234	0.018655188
0.012760678	-0.022153482	-0.0052566184	-0.047856126	-0.024192233	-0.033613328	-0.024704475	0.021330612	-0.0018006758	0.023156682
-0.033397976	-0.034231484	0.0072268643	0.020964384	-0.035454888	0.03378043	0.023150682	-0.025884714	0.027708218	0.0176416
0.012638813	0.039930407	0.042764816	-0.002971957	-0.010289547	-0.034631044	-0.018884055	0.0365492	-0.0058092624	0.03270951
0.022418678	0.030933768	0.007368025	0.007952745	-0.024841202	-0.010157716	-0.0010360698	0.013407057	0.028754828	-0.01337616
-0.027672263	-0.005615555	-0.029444842	0.030477092	-0.045529213	0.013138662	0.02271696	-0.023624279	-0.023059707	0.020825004
0.009346751	-0.054944694	0.011077659	-0.031337388	-0.04731275	-0.054502968	0.00887043	0.039533924	-0.011691735	0.028282354
-0.0060204817	-0.013392666	0.008476383	0.013215857	0.006933719	-0.0043674675	-0.010522486	-0.008517123	-0.030386392	0.055630434
-0.0021242783	0.017868707	0.016189964	0.023360929	0.0072425236	0.026637595	-0.031246994	-0.038846485	0.0054435777	0.0029616544
0.041364502	0.055223167	0.0002464775	0.017001387	0.065550126	0.013750145	-0.050399955	-0.017040972	0.03860638	-0.02885706
0.02518264	0.050672587	-0.068639606	0.05082701	0.025640888	0.046383392	-0.031435356	-0.000899139	0.01836385	0.014494956
-0.05007069	-0.0027952152	-0.0023597088	-0.035677176	-0.028747544	0.012382387	-0.00562583	0.00041112793	-0.045065362	-0.036441952
0.030841753	0.0076293643	0.05159156	0.033346802	-0.031171653	0.0017211993	0.024561254	-0.013555911	0.026336363	0.03455946
0.04053338	0.0070108944	-0.02634134	0.016343202	0.021852644	-0.0162328	0.02036718	-0.022843057	-0.017403271	0.005052546
0.004787231	-0.048068274	0.03518417	-0.04043179	0.038282853	-0.004418714	-0.02826477	-0.010194304	0.026385723	0.044590324
-0.0439262	0.009674387	-0.0020236287	-0.058077697	-0.061803956	0.015053023	0.038988665	0.07485266	0.00018766041	0.06515302
0.03144052	-0.036787104	0.0016951018	-0.003494889	0.014348541	0.00683161	0.050788093	-0.05447673	-0.019079072	-0.020671096
-0.024613278	-0.017892966	-0.001434439	0.054318894	0.058544867	0.022758663	-0.010922593	0.009517689	-0.033248473	-0.044528197
0.032917615	-0.02839239	-0.056404237	0.021102725	-0.019608043	0.06554215	-0.03940255	-0.0006013084	0.026585605	-0.055135645
0.0029973013	0.022700636	0.020219633	0.040528804	-0.007831981	0.058031734	0.028651768	-0.061163325	0.040141016	2.6758873e-05
0.037911512	0.05640692	-0.040154446	-0.014283451	0.058618218	0.058052905	-0.027410809	0.009109509	0.051438443	-0.060321808
0.06664841	0.03465969	-0.04184767	0.004221517	0.001005356	-0.009748951	-0.060012817	-0.071744666	-0.026675332	-0.06873101
-0.03740691	-0.029469186	0.013670741	0.019401086	0.029119305	-0.011570862	-0.014311372	0.04077679	0.00901047	-0.012756807
0.041793786	0.010670551	0.014902003	0.01569983	-0.033677258	0.0008815879	-0.057935722	-0.01126747	0.018747555	-0.038446456
-0.014376688	0.032994926	0.03933643	-0.028517138	0.0012187995	0.026272686	0.013046947	-0.03401499	-0.03518926	-0.019974709
-0.0032927122	0.011711756	0.022073396	-0.016231613	-0.015469171	-0.008086748	-0.012799218	-0.012685427	0.03512655	0.013796724
0.02275083	-0.038864173	-0.0117747085	-0.030173095	-0.04175287	-0.04090079	-0.026993878	-0.036602482	0.03428763	0.00180805
-0.0062197912	0.0638116	-0.04330162	0.028196953	0.031569403	0.026724659	-0.0030523497	0.029982036	0.009781968	-0.0063809315
0.01796311	-0.005332937	-0.02123308	0.025417503	0.051911294	0.06331235	0.034536052	0.01789781	0.059286676	0.038761884
-0.0025828965	-0.02269657	0.005537387	-0.011174756	-0.049940895	0.013480862	-0.023563148	-0.038939785	0.01785669	-0.015483082
-0.045866184	-0.026526082	-0.013689564	-0.030872308	0.0050150207	0.030376298	-0.003661939	0.027642466	0.0056472924	0.035940893
0.05176555	0.07103674	-0.039579093	-0.014584464	0.05109381	0.05856537	-0.056539338	-0.06113706	-0.009988981	-0.06721338
0.024240699	-0.00960241	0.03761077	-0.029122427	0.03154388	-0.030793158	-0.02992278	0.0030779557	0.010187394	0.007215803
0.01997943	-0.06475394	-0.027236005	-0.0036846597	0.01864427	0.020160438	0.01849334	0.029387744	-0.017461022	0.00889694
-0.021709044	-0.006958985	0.02480588	-0.01579631	-0.021971274	0.010178965	-0.050489057	0.015092895	-0.024999943	-0.04655915
0.049300734	0.0019217061	0.03843379	0.004037405	-0.036813337	0.0015708564	-0.008066032	0.022604423	-0.041398652	0.054267585
-0.019869516	0.0441522	-0.055100676	-0.02447641	0.0051660268	0.022218792	-0.025808515	0.034395248	-0.040185735	0.014664859
0.019736305	-0.007022838	-0.03248438	0.03943659	-0.009516137	0.039096557	0.012834439	-0.03691865	0.037598025	0.034775957
-0.04859109	-0.04514067	0.05577878	0.033290498	-0.005736986	0.010676907	0.025490228	0.04168433	-0.013980203	-0.034273952
-0.046886485	-0.0006181171	0.011696011	-0.025540562	0.0017300465	-0.058034156	0.063031845	0.06941275	0.0022885848	0.0535451
-0.062002055	0.008955525	0.0065313447	-0.023816956	-0.056211907	-0.009040974	0.02237502	-0.00086435286	0.010341743	0.030770103
0.024511104	-0.009430085	-0.032760005	0.033209525	0.0058203265	-0.04171573	-0.04377808	-0.009259704	-0.03945858	0.015822142
-0.042801663	-0.024610937	-0.034915067	-0.03948828	-0.051885415	-0.041956324	-0.051366318	0.04181642	-0.03704894	-0.02886571
0.0634092	0.01874748	0.031827535	-0.018368652	0.043281287	-0.00527907	-0.037388775	-0.002624909	0.0013746398	0.0007427635
-0.03778039	-0.044920005	-0.02926964	-0.024712162	0.014589751	0.037588026	-0.01522329	-0.0012363134	-0.040384322	-0.042865083
0.026670175	0.037259143	-0.013779587	0.031920657	-0.007973968	-0.04731478	-0.030339397	0.0616022	-0.05341771	0.03670201
-0.06416739	0.00014507021	0.032692745	-0.040280934	-0.018911958	-0.03832062	0.051661655	0.009353762	0.00081036735	0.0084066475
0.031940825	0.05081341	0.040716782	0.02796744	-0.0018439977	0.034792684	0.027561042	-0.017789038	0.0140272565	0.03450219
0.05010388	0.006842895	-0.052200157	-0.03521375	-0.03872648	0.04013032	-0.033251118	-0.01850658	-0.028420808	-0.044121888
0.065569654	0.059977505	-0.00023913402	0.07331475	0.07574295	0.016656874	0.005695553	-0.07666844	0.03787885	-0.064425476
-0.040894955	-0.02762612	-0.022363205	-0.02284909	-0.024109907	-0.023755856	0.010143338	-0.02939025	-0.048230145	-0.036246628
-0.030410303	0.023222407	0.0060517704	-0.03291783	0.016665403	-0.056676723	0.033939242	-0.02359928	-0.013894526	0.01638086
-0.028057782	-0.013380263	0.009158722	0.056313213	0.025979659	0.023150103	-0.02911023	-0.04338249	0.033384014	0.032251075
0.055614248	0.004068578	-0.01709882	0.010488373	0.011790453	0.038772907	-0.034144897	-0.041177496	0.066006266	-0.06557186
0.0015385216	0.026726259	0.034008026	0.046121746	0.009998662	0.014985259	-0.020921964	0.050508656	0.027305122	-0.021295425
0.02254087	0.0077372063	-0.068393156	0.06505872	0.04946827	-0.008254343	-0.012054382	0.030151837	0.0527121	-0.042231657
-0.035122916	0.02400928	0.005376307	0.012087861	0.0023835164	-0.02477188	-0.008308977	-0.02789677	-0.05416686	0.050848775
-0.045903828	0.006095254	-0.016187502	-0.029568914	-0.035004746	-0.035066925	-0.025653426	-0.026739163	-0.025419451	-0.032292314
0.005122095	0.018164247	0.034897756	-0.036475513	0.04571089	0.0069306707	-0.031626526	-0.030491633	-0.03543877	0.015429962
-0.030435031	-0.033330567	0.055287637	-0.0060343877	-0.04824339	-0.010854926	-0.049012583	0.050011642	0.023977945	-0.007941941
-0.029696532	-0.0069020973	-0.031044237	-0.056660496	-0.016402692	0.0018833173	-0.017313024	0.059346814	-0.02454867	0.03777986
-0.015802812	0.0014403971	-0.0065509053	0.0018975511	-0.023345208	0.003576232	0.055868465	0.05022397	0.014981841	0.0105604315
0.039170578	-0.0055923606	0.02646994	-0.029942669	-0.041935753	0.04630664	0.04062272	0.023231454	0.045405872	0.02341763
-0.046406567	-0.024773205	0.05835673	0.015689714	-0.04379135	0.0079187555	0.0020821823	-0.021575138	-0.026018178	0.03314776
-0.072836235	-0.01801886	0.06576689	-0.03874638	0.023105279	0.012470982	0.03252784	0.0065839854	-0.058310825	0.026952969
-0.03363897	0.037722524	-0.04292545	-0.035341945	0.027266325	0.038684476	-0.06639407	-0.02966483	-0.015752533	-0.06015916
-0.04018562	-0.015875254	-0.018383022	-0.03175095	0.004128178	-0.0048914584	-0.030442363	0.03130042	0.01898831	-0.051462796
-0.0630803	-0.009213955	-0.0062603946	-0.04951719	0.022496393	0.009702642	-0.019649932	0.019965183	-0.050975192	-0.014945755
-0.009348357	-0.07098829	0.039893914	0.004797014	-0.008611413	-0.047811598	-0.025362395	0.03181613	-0.0302065	-0.0034529117
-0.002395394	-0.00983035	0.008334167	0.005280484	0.024696505	-0.023171838	0.018300032	0.03036942	0.024281517	0.023746185
-0.026429866	0.011798343	0.031004414	-0.051740345	0.023070704	-0.03164249	0.04270402	0.0061658467	-0.016421648	0.014452621
0.036975957	0.0056869024	0.0071254144	0.06572254	-0.012441346	0.052185908	-0.018271508	-0.016657589	-0.017792972	-0.06936907
0.004816328	0.016240472	-0.0076581696	0.004594819	0.04311681	-0.0104076015	-0.024387093	0.041811556	-0.048611607	0.0028139711
0.050643492	0.014079462	-0.008433898	-0.017831335	-0.004354588	0.017067267	-0.003313749	-0.016075373	-0.035884924	-0.02229171
0.008384196	-0.018387461	-0.027348213	-0.04311385	-0.015370868	-0.008606509	-0.003873989	0.0035899903	0.04612229	0.030406166
0.014819747	0.029983902	-0.041153736	-0.017087985	0.014346597	-0.014201924	-0.034233436	-0.050810605	-0.0037717833	-0.007567182
0.08137713	-0.009191266	-0.025027031	-0.015600607	0.014331906	0.02267374	0.00026357654	0.013144668	-0.0071956054	-0.023475736
-0.01872657	0.013738993	0.017019419	-0.046239395	-0.008475731	-0.0058339676	0.0664791	0.018292205	0.026799714	0.012323662
0.02058231	0.06189874	-0.024656741	0.04373811	0.019189397	-0.03373891	-0.02450999	0.031553913	0.041722335	0.0009081679
0.056748476	0.024645926	0.0203209	0.056054547	0.01623712	0.02580934	0.00036509044	-0.055419005	-0.035213567	-0.020713482
0.031868476	-0.019400198	-0.028053196	0.04641521	0.018829398	0.0038506344	-0.0586786	-0.0034631374	-0.018195888	-0.0660825
-0.042755235	-0.029924817	0.043141518	0.007515675	0.009006408	-0.05069852	0.050760128	0.010481696	-0.029468983	0.021340923
0.00034328143	0.051400807	-0.07676785	0.020092461	0.07129834	0.024064228	-0.034473594	-0.07840203	0.025943302	-0.03737708
-0.053226255	0.0024146931	0.028460797	-0.037993714	-0.00046143986	-0.049858075	0.02035482	0.033079963	-0.019167554	0.03089749
-0.026580628	-0.00034051295	0.030200265	-0.026047425	-0.029670428	0.00025357463	0.014048935	-0.020172179	0.0066314247	0.019733867
-0.057289913	-0.0019111728	-0.027532272	0.016561318	-0.023291834	-0.036703944	0.0157483	0.032236733	0.0028989054	-0.013921893
-0.012481959	0.034581058	0.034287937	-0.056044612	0.0030219948	-0.0058227917	0.031582035	0.046638936	-0.020140333	0.05967975
-0.030514002	0.051162977	-0.020939216	0.0046056244	-0.020614218	0.047790397	0.041920226	-0.028209038	0.01661765	0.033609346
-0.004477967	-0.005570488	-0.01127369	0.028674612	-0.036180113	0.03726094	0.03915726	-0.0007654948	0.05456831	0.012910354
-0.0040243506	0.0059800167	0.01149035	0.02614301	-0.02199851	0.029553805	0.028173959	0.02568109	0.0131662665	-0.014225428
-0.0132431155	-0.018235125	-0.026361644	0.0039643343	-0.0019910913	0.053456448	-0.019719115	-0.00025227497	0.051033746	-0.0145649165
-0.05748687	-0.006154568	0.008437982	0.0071078143	-0.016630225	-0.011144119	-0.0010860768	0.021646032	0.021416731	0.050274003
-0.03245564	-0.052651137	0.017390465	0.019354293	-0.04361293	0.00877624	0.025630185	0.024203755	-0.042546246	0.047516078
0.028270049	0.012381681	0.04012518	0.033547945	-0.015020298	-0.026187364	-0.012962566	-0.021005787	-0.025515767	0.019887239
0.0075133503	0.049448162	-0.035301637	0.017390791	-0.0067535355	-0.0048542144	0.01562508	-0.0085962005	0.025835292	0.014403344
0.004435044	0.019997519	0.010368396	-0.027339298	-0.061226543	-0.020220397	-0.0150516145	-0.011351732	-0.07046647	0.03233784
-0.036489557	-0.025013173	4.1300485e-05	-0.06880219	-0.043687098	-0.02899328	-0.0032888483	0.06883322	-0.013633848	0.031465583
-0.011282045	0.047317605	0.023864552	0.038489703	0.013800375	0.050639026	-0.0015299134	0.023129972	0.04230743	-0.0048788586
-0.00016465117	-0.04282144	0.006780841	0.0061310492	-0.00674097	-0.016457474	0.04445086	0.033701412	0.03647752	0.044240884
-0.05311148	-0.03835149	-0.0017121566	-0.058941804	0.022611948	-0.055914253	-0.0030931325	-0.016974386	-0.0053637205	0.020342823
0.022122419	0.0013877279	-0.039337527	0.038125623	0.058526307	-0.0020014292	0.021977685	-0.0005441066	0.05242489	0.013569136
-0.04656598	-0.033869673	-0.029871052	-0.05532953	-0.018306196	0.035619766	0.06012897	0.028308082	-0.037300892	0.038544405
-0.029810257	-0.02292969	-0.011739663	0.036554936	-0.036945034	-0.010400379	0.031738326	0.04184734	0.02897631	0.032368377
0.018417079	-0.018934079	0.017624006	-0.0074876896	0.015991919	-0.010037886	0.002538138	-0.007955457	-0.002990755	-0.032750145
-0.008809449	-0.034317955	-0.05246194	0.05908988	0.01928265	-0.0028764098	0.021727627	0.041703086	-0.009838631	0.037297107
0.006575274	0.024402943	0.042143956	-0.040329814	-0.018116126	0.017491978	-0.02281418	-0.017907087	-0.012752211	-0.026610045
-0.018573971	0.0021679169	-0.046586838	0.008015259	0.042550053	0.016564928	-0.028439147	0.009553848	0.023454394	0.023746662
0.010526912	-0.026086746	-0.01405928	0.03720785	0.008856782	0.029026728	-0.039918505	-0.026887348	0.011731956	-0.021070773
0.030736731	-0.04822616	0.043949574	0.035723414	0.03473968	-0.008144061	-0.02792262	0.030773247	0.021840071	-0.030914415
0.013365108	-0.0033553452	-0.033745896	-0.0472844	0.017805235	-0.023458418	0.043144967	-0.030760054	-0.037240855	0.011531565
0.030004524	0.06166156	-0.015969248	0.011893026	0.01165702	0.05801979	-0.04882737	0.0017416637	-0.025059791	0.019587284
-0.008986267	-0.009953722	-0.013087554	-0.0614355	-0.051451582	0.013577772	0.035798356	0.050401468	-0.015028343	-0.025238747
0.016182475	-0.0076043173	0.042793214	0.021898095	0.015558328	0.020356642	0.0011338779	0.03396153	-0.023737416	0.017125404
-0.0561543	-0.0042003924	-0.007291203	0.030433964	-0.05620794	0.003822566	-0.030256912	-0.0013403947	-0.03675133	0.036879834
-0.0432397	-0.037660852	-0.047130067	-0.040928766	-0.040462628	0.048432797	0.045352854	-0.022039646	0.03330685	0.049035467
-0.030934654	-0.037182286	0.005826789	-0.01748142	-0.0358705	0.04966423	-0.0018676884	-0.04971976	-0.0072360435	-0.037324704
-0.0050605466	-0.011798377	0.010205517	0.0009522187	0.018648377	0.040929362	0.019974543	-0.011252489	-0.00675385	0.015659783
-0.020418974	0.017777627	-0.02208454	-0.042780235	0.030638533	-0.032831922	0.040719535	0.011355802	-0.032259297	-0.022895053
0.05037688	0.020455074	0.0072180717	0.011786353	0.038484357	-0.026395902	-0.046709534	0.01536818	-0.0141723165	-0.020851694
-0.028457997	0.052429706	-0.016017478	0.04830574	0.0523864	0.048347127	-0.057330504	-0.05917846	-0.003927581	0.021699142
-0.050415475	-0.034679092	-0.027642757	-0.03480585	0.033262603	-0.034118686	-0.008376499	-0.0068306476	0.015619575	-0.04324667
0.04006265	0.0028572537	-0.025508916	-0.015169442	-0.04037838	0.027191915	0.03660931	-0.022457616	-0.016828788	0.018619293
-0.029737767	-0.02159571	-0.0011794271	-0.014374854	-0.0008481743	-0.01787803	0.050697733	0.038429696	-0.061342478	0.07104387
0.024152016	0.04335839	-0.02324521	0.034878112	0.03668605	-0.03631029	0.04072733	-0.043062124	0.012247184	-7.168479e-05
-0.050251413	-0.017098658	-0.023957636	-0.04068404	0.005294585	-0.030642336	0.048534207	0.0058521386	-0.01539	0.03829529
0.012844655	-0.010305704	0.04450496	-0.06363896	0.014408227	-0.012838088	-0.025709435	0.06417158	-0.052905496	0.047562998
0.025291756	0.04634605	0.02363442	-0.03568575	-0.042407963	-0.04220292	0.028289203	-0.04727928	0.026072562	0.03700456
0.019918581	0.04297736	-0.027182827	0.043349553	0.015745142	0.05059943	-0.0072360695	-0.015304536	-0.0011998034	0.0324676
0.01428027	0.0037759193	-0.011521562	0.030361632	0.013382099	0.054936957	0.016562518	0.021356989	-0.02083019	-0.009384846
0.019197209	-0.03016894	-0.028727278	-0.03414768	-0.04587588	-0.0009739419	0.012000456	-0.0103521515	-0.016516848	-0.034056507
-0.05634312	-0.06796308	-0.014474837	-0.0068944334	-0.030531123	-0.0051961867	0.05882757	0.07308937	-0.044985365	0.001172215
-0.041409172	0.044442464	-0.044384126	-0.013954117	-0.008704241	0.0008505885	-0.040751964	0.041621894	-0.015777467	0.026016852
-0.054180536	-0.012346429	-0.01955407	0.019264745	-0.003486981	0.02425496	0.016188476	0.030035518	-0.06117045	-0.017353283
-0.031923335	0.00092553714	0.014428805	0.020448266	0.022081986	-0.02556645	-0.03657095	0.024880907	0.00669516	0.022774618
-0.015616291	0.0032949275	0.011799231	-0.05937547	-0.046400234	-0.06274088	0.049134523	-0.015586075	-0.06650747	0.07216651
0.03124193	-0.008725331	-0.041412868	-0.030067295	-0.0012351742	-0.0205452	-0.032096855	-0.042638414	0.04908256	0.026441008
-0.033997364	-0.02538526	-0.02882594	-0.030659314	0.0030153957	0.044211797	-0.056999806	0.017488638	0.0051299357	-0.004467581
-0.033946183	-0.060511816	0.062310763	-0.04847957	0.004629307	-0.018656284	0.05285813	0.0203324	-0.056216106	0.0022743035
-0.04740888	-0.008535164	-0.02114357	-0.003386932	0.037000466	0.04316296	0.024663366	-0.037278593	0.039360225	-0.006664791
-0.03150327	-0.033661436	-0.001799014	0.0032503386	0.02087147	-0.036580984	-0.008556291	-0.023159517	0.050998606	0.01075123
-0.0115044275	0.010300372	0.015795317	0.0128217	-0.0054495595	0.0684455	0.031156538	0.0164985	-6.504423e-05	-0.0017425516
0.03119015	-0.02120952	-0.04030279	0.06239675	0.008345311	-0.00027012487	0.005216576	0.013921337	0.048144028	-0.03886751
0.0116509395	-0.0001927373	0.056454945	0.03203685	-0.05547829	-0.06101204	0.034050062	0.015061994	0.021689327	-0.023980586
0.036244735	0.022828085	-0.029901633	-0.007964146	-0.050498586	-0.0074189957	0.013204446	-0.00749819	0.023392892	-0.040358044
0.036116492	0.034716107	-0.029120462	0.024736699	0.034943838	0.022480035	0.03326944	-0.05102079	-0.019640557	-0.032738797
0.040280167	-0.05126657	0.030849895	0.001517243	0.018674454	-0.043645248	-0.014446691	0.043383807	0.01685924	-0.016854553
0.019174902	0.012570872	-0.028003192	-0.027839445	0.03239504	0.039835274	0.014533565	-0.022623716	-0.0136181945	-0.046006
0.020410286	0.049040027	0.0370221	0.014727142	0.00849777	-0.021166453	0.037487946	-0.03830725	-0.005961382	-0.045705833
-0.004576066	0.0059457244	-0.0036803097	-0.050001383	-0.002032673	-0.040245414	-0.0014162725	0.03287478	-0.017839065	0.025206542
0.018348293	-0.025347605	0.04577793	0.03172719	0.019356122	-0.021153923	0.024979347	0.04280571	-0.051697876	0.047520652
0.031630717	-0.0020077634	0.01820922	-0.036979835	0.014502409	0.019181889	0.01928908	0.012448135	-0.04077577	0.045860417
0.033832487	5.9634953e-05	0.0068910834	-0.036773145	0.014744696	0.012457898	0.011030396	-0.019497838	0.016703518	-0.042140618
0.016045574	0.03397401	-0.036834113	-0.0060728993	-0.044709206	-0.0546495	0.034045245	0.044147555	0.0074295825	0.0037649458
-0.0347229	-0.030252507	0.0055569685	0.019982755	-0.011131982	-0.01500314	0.042320315	0.02550695	0.0079583265	0.016794723
0.018643763	-0.025465868	0.05763697	-0.025799938	0.018233955	-0.040246207	-0.012857653	0.058240235	0.010840525	-0.01963564
-0.037671596	0.03098036	-0.048125803	-0.029042512	-0.03574496	-0.029941434	0.03689695	-0.02934207	0.0034147992	-0.047092322
-0.015576846	0.034525935	-5.6596968e-05	0.017015385	-0.01981618	0.059635982	0.025153622	-0.0057462053	0.048930254	-0.0437818
0.034203537	0.065379955	-0.043511406	0.07270759	-0.013921564	0.04537297	-0.074046925	-0.061543144	-0.010862846	-0.06064652
0.012021431	0.004219037	-0.053178735	-0.019311817	0.06367755	-0.015536208	-0.0032509242	-0.0683641	0.024267843	-0.010864912
-0.0059182574	-0.04456278	0.03705117	0.009727768	0.0540276	0.049304485	-0.01766049	-0.019134596	0.01830605	-0.043452904
-0.01741475	0.002468656	0.030659258	0.027023414	-0.018714458	-0.026813824	-0.011671096	0.0030999584	0.033117503	-0.02504096
0.029613957	0.014658864	0.046952136	0.0011320614	-0.04229745	-0.018936846	-0.024904437	-0.02525644	0.03359879	0.010271594
0.017051676	0.013740979	0.022273416	-0.05081697	-0.039712258	-0.037835218	0.041414548	0.00018022672	-0.011182952	0.043733124
0.013835474	0.05647379	-0.029721608	-0.00679034	0.036226094	0.034536574	0.0015427457	-0.03669992	0.019726912	-0.0020975473
0.049685944	-0.023261225	0.040313043	8.434178e-05	0.016757594	-0.03844718	-0.012384241	0.025968108	0.0498696	0.022444375
0.06441902	0.018721566	-0.056916714	-0.010714792	0.0051854067	0.053009287	0.022428278	-0.033068977	0.030443797	-0.049007487
-0.0032911026	-0.014699963	0.0072664795	-0.029861141	-0.048705995	-0.04748307	0.013291268	0.019938422	0.021641735	-0.035247445
0.008968246	0.0476549	-0.011769689	-0.014598983	-0.025970712	-0.034744285	0.062173814	-0.031033102	-0.006755303	-0.03310341
-0.03576939	-0.02833581	0.025276858	-0.019499639	0.009613543	-0.052852213	-0.005054871	-0.014444713	-0.05736919	0.009567381
-0.0068562697	0.026177533	0.02013373	0.042389706	0.02546316	0.042620655	0.03557587	-0.008704216	-0.024338832	-0.05198745
-0.015561508	0.01852858	0.015447784	0.006487685	0.023228979	0.046845544	0.00021750793	0.021932146	0.05385573	-0.05925774
0.021680368	0.0066430713	-0.0141178	-0.04637991	0.01689595	-0.02160805	-0.024392946	0.023208234	0.029253675	0.05029788
-0.03654069	-0.04359136	-0.04000563	0.0029180483	0.047378764	-0.0054354346	0.04963887	-0.009991872	0.039020926	-0.029564986
-0.0010544719	0.058968097	-0.045020636	-0.00082204345	0.045886356	0.023892311	-0.02745371	-0.042536914	0.0036444839	0.01107937
0.01931155	0.018724991	0.029439498	0.030040491	0.030619608	-0.012796739	-0.019852871	-0.03493224	0.049678657	0.00022202854
0.010150835	-0.039679386	-0.043047033	0.041593406	-0.0075559714	-0.016370013	0.05063593	0.022295812	0.022732932	-0.0017622701
-0.0031005035	-0.009701047	0.020990957	-0.020961728	0.020021996	6.4923996e-05	-0.045274682	-0.023437485	0.043870445	-0.032147028
0.032455977	0.05615258	0.026648965	0.0009444224	0.05529678	-0.00063241256	-0.057334993	-0.05490447	-0.023168268	0.02106742
0.043853186	-0.0019930913	0.043102447	0.0389341	-0.0036201891	-0.016618831	-0.0050102314	-0.03272476	0.04455623	-0.03611486
-0.052286424	-0.044383	0.043400552	-0.02772538	-0.020751577	0.026646232	0.03743364	0.06741009	0.009132189	0.031159425
-0.003541479	-0.014635527	-0.05425779	0.050390586	-0.0077004405	0.019354464	0.027298406	-0.056079246	-0.009529956	-0.011202866
-0.056761693	-0.03798674	0.06722691	-0.048807934	-0.046988092	-0.018799024	-0.022683604	0.02174938	-0.06210955	0.055840135
0.04701875	0.029498294	-0.07749752	0.016206505	0.076856695	0.06534639	0.012562075	-0.06702437	0.020004781	-0.04871649
-0.037087385	-0.031573057	0.030194651	-0.01707119	-0.042933974	-0.036512163	0.035630815	0.015739406	0.0044647623	0.007502953
0.039076094	-0.011657338	0.016258461	-0.03964613	-0.022081409	0.006487331	-0.0058103534	0.032872	0.0025283268	-0.038755696
-0.06766122	-0.04555575	-0.013681469	-0.03164386	-0.079659455	0.007022176	0.00671887	0.07742005	-0.0024869242	0.021913597
0.004375324	0.008190641	0.05750824	0.021017466	-0.04835608	-0.05828976	-0.010774988	0.0015186325	-0.0070539336	0.040510368
-0.051824037	0.027215384	0.017276468	0.013077533	0.018663902	0.030133016	0.038037647	-0.0017793395	-0.05937081	-0.005014012
0.029242301	0.018015191	0.05637518	-0.028474387	-0.030402016	-0.02897583	-0.038282175	0.0203676	-0.03545025	-0.018723272
-0.054413702	-0.050135974	0.01527327	0.010717255	-0.0038673158	0.0005307756	-0.044814702	0.05072803	-0.038962267	-0.011809253
-0.014325311	0.04824742	-0.03129393	0.043451235	0.04389691	0.059031308	-0.0485979	-0.01971291	-0.017417336	0.008507676
0.055257108	-0.007024599	-0.019794058	0.04823788	-0.008368853	-0.00922439	-0.021004599	0.025755644	-0.019039648	0.026402367
-0.0034854074	0.067611456	-0.019142356	-0.030194627	-0.0015653366	0.065584905	-0.032432422	0.012294834	0.027341466	-0.028898692
0.041539636	0.04481714	0.029353533	0.009533697	-0.004714277	-0.032474417	0.003242033	0.010114211	0.004453957	0.0345056
0.042992797	-0.01418161	-0.0013628782	-0.01755075	0.028515961	0.05267903	-0.015585268	-0.016901929	-0.017572345	-0.03273975
-0.016776549	-0.013054147	-0.04402774	-0.04309478	0.026084682	-0.033909947	-0.05204094	0.02300004	0.0072435164	-0.022508731
0.034113336	0.006615627	-0.010279726	0.042794872	-0.029821804	0.019646486	0.028951844	-0.047684863	-0.024417099	-0.01046887
0.03610222	0.055764686	-0.00798683	-0.027761675	-0.004524296	-0.0022088229	-0.0085239615	-0.04865168	0.024985787	-0.007864053
-0.0051371134	0.05628144	0.009414826	0.07481936	0.052010693	-0.0006806781	-0.03158864	-0.0012910294	0.021834064	0.00087290624
-0.041008923	-0.034663998	-0.010060668	-0.018518915	-0.032243796	0.019659895	0.052657336	0.071643084	-0.06989242	-0.014464355
-0.042150702	-0.005567847	-0.00027821012	0.011553407	-0.02587042	-0.035300612	-0.025055876	0.035841435	-0.0033035458	-0.011344396
-0.04909925	0.016707784	0.015785474	-0.007136174	-0.041885708	-0.02347029	0.0353383	0.0013040074	0.013987979	-0.018539263
-0.00066595635	0.059500948	0.029156458	-0.0014704738	0.04367184	0.008690495	-0.026797583	0.024685722	-0.017812151	0.01881611
-0.03079477	0.037819386	-0.06742987	0.029294189	-0.013529291	-0.016824644	-0.03149583	-0.017454762	0.05777618	0.017426183
0.032001823	-0.047132038	0.046188023	0.009424143	0.038591757	-0.021542408	-0.04082493	0.009219493	-0.035315916	-0.018526647
-0.03398915	-0.03803279	0.05169074	-0.032598335	-0.040977843	-0.05808163	0.033517566	0.051428884	0.017570563	0.05331701
0.049125567	0.02459462	-0.00858392	-0.037112534	-0.04419124	-0.002002255	0.04713956	0.00015492925	-0.015365977	0.05335275
0.0070571946	-0.014765335	-0.038054172	0.032667983	0.00940918	-0.02237676	-0.043774664	0.02928975	-0.014006411	-0.055109534
-0.052384466	-0.0040609576	-0.009145837	0.00759726	-0.02783452	0.001467475	0.027315278	0.010457484	0.02097988	0.0407558
-0.0059473757	0.0073551834	0.023171166	0.011769986	-0.0024693627	-0.063240565	-0.00674491	-0.009710816	0.009616813	0.058935642
0.008100818	-0.031744525	0.05238149	0.03166186	0.020791631	-0.053658947	-0.041382156	0.037460703	0.027591776	-0.023958134
-0.05994186	-0.038069196	-0.012812258	0.005007638	0.01521244	-0.0757262	-0.020529535	-0.0040274714	0.011969709	0.0128188385
-0.034567166	0.044687975	0.030982722	0.013920786	0.042285338	-0.004916707	-0.055917032	-0.015747745	-0.01938264	-0.0068767117
0.004656005	0.040135674	-0.037907053	-0.035488296	0.04746346	0.033384066	0.039521076	-0.04318198	0.019792859	-0.017156163
0.046479736	0.057220373	-0.042621635	0.034105137	-0.034478787	-0.028454838	-0.0033432972	0.03951656	0.026980916	-0.026959408
0.029990857	-0.050111704	-0.043403976	0.043396153	0.036946606	-0.03100642	0.04630776	-0.021493595	0.0426029	-0.031992983
-0.061149534	-0.038326293	0.046970576	-0.05416528	-0.033491	-0.027576912	0.014821941	0.011615347	-0.027005035	0.01722098
0.038234096	0.03730927	-0.07635689	0.05131151	0.0029261871	0.07174903	0.013859898	-0.008903446	0.002574101	-0.07499408
-0.037018694	-0.02896584	-0.004651132	-0.03760681	-0.0005650464	-0.010838208	-0.0009491951	0.014816873	-0.011129252	0.047363658
0.05413956	0.008053661	-0.011760907	0.020458307	-0.0010565704	-0.02181019	-0.018818807	-0.0011977531	0.033837315	-0.04707341
0.045359604	0.045231692	-0.01740137	-0.02473015	-0.03228324	0.019460116	-0.02594824	0.011329027	0.018388938	0.007811794
-0.059611257	0.016406663	-0.018159281	0.020115137	-0.024945203	-0.012992391	-0.0053876806	0.010927728	-0.028397435	-0.017584126
-0.03590555	-0.0016808695	0.029305166	0.06082074	-0.024082948	0.018451327	0.02361852	0.00716326	0.020377895	-0.011970482
-0.031016763	-0.0022547236	-0.027966328	-0.04493894	0.043671675	-0.037287127	-0.039459776	0.02160216	-0.048019364	-0.0067679747
-0.06029865	0.01677506	0.07277456	-0.03545074	-0.07047356	-0.037060447	0.04633229	0.04300947	-0.017332548	0.07484985
-0.0066974442	-0.037755962	0.032389298	-0.07014826	-0.050153308	0.007660383	-0.012530325	0.026201013	-0.022285981	-0.024407784
-0.035146046	-0.08024368	0.03351983	0.0039864634	-0.06954612	-0.044144478	0.0494095	0.064479314	-0.0051460024	-0.00037340855
0.020716557	0.053805985	-0.023211006	0.008006093	-0.013671424	0.06573982	0.00076313136	-0.012888102	0.05430425	-0.033547293
-0.019448198	0.016220411	-0.018171187	-0.03753015	-0.0010119659	-0.03433502	0.06374831	0.046223637	-0.005386028	0.018414382
-0.01514582	0.006756818	0.006695784	0.0037365796	-0.0033926137	0.029699491	0.046588592	-0.008495469	0.027800428	-0.016603772
-0.040170323	-0.07479284	-0.0057658325	-0.0034929628	-0.009936093	0.006926639	0.00476209	-0.023961851	0.017121583	0.0049906657
-0.049950123	-0.041602146	0.008082729	-0.01942611	0.014511437	-0.0161288	-0.035103966	-0.034119282	0.036022346	0.015249007
0.056223672	0.022738619	-0.02004256	0.013924433	0.041357193	-0.014113977	-0.010591687	-0.025415229	-0.025834788	0.01786482
0.056047235	-0.011703079	0.007772178	-0.019843213	-0.0022884433	0.023124993	-0.022087581	-0.009216156	0.04880738	0.031708486
-0.023747895	-0.036238663	0.0005994595	0.035165306	-0.0025222169	0.034125805	-0.0025769316	-0.013367303	-0.03744879	0.021909634
0.026618356	0.0012454065	-0.023437688	0.034464426	0.009052004	0.061629448	-0.06596407	-0.04901148	0.00929725	0.0036274884
0.007407705	-0.0029925138	0.011044981	0.012000928	0.041098963	-0.02697252	-0.013845616	-0.004741368	0.03681037	-0.017111866
0.0029600898	0.008829975	0.027006097	-0.0357445	0.0095361	0.016427705	0.03615679	0.06499932	-0.025275953	0.041603886
0.0043864483	-0.042270727	-0.0025209214	-0.036534514	-0.0031884166	0.0044123777	0.037480175	-0.007988277	-0.017721547	0.003934585
0.028776072	-0.0013575158	-0.027550288	-0.033166204	0.018732786	0.048140258	-0.0075375573	0.037025757	0.0076922057	0.005653092
0.0020848047	-0.010383181	0.038345445	-0.04307427	-0.024872258	-0.006474847	-0.017142244	-0.0434162	-0.0031432547	0.017703328
-0.047343533	0.01019236	-0.02336224	-0.031416427	0.04143303	-0.04629071	-0.03332004	0.012702565	0.021770397	0.03530176
0.02019687	-0.009746892	-0.0029766478	0.013264922	-0.0013977417	0.020689059	-0.0052672573	-0.035388354	0.016045174	0.05314133
-0.0064636017	-0.053601004	0.0073114573	0.017243596	-0.011241514	0.023463866	-0.02852783	-0.040278774	0.010245676	0.0071085165
-0.02083435	-0.017962154	0.010425108	0.006453022	0.025138438	-0.0036019054	0.0065279324	-0.029934714	-0.04365295	-0.024853675
0.013673419	-0.077250026	0.028498657	-0.005964059	-0.030730905	-0.0126060825	0.030036902	-0.006585784	0.015629804	0.051878225
0.008921378	-0.03717339	0.027712788	-0.055103917	-0.050326865	0.0052143214	0.008161722	-0.013973654	-0.014211254	-0.015623917
-0.0036600353	0.033146486	0.01975819	-0.025574705	0.006843291	-0.04098951	0.0010414078	-0.0020820808	-0.03533281	-0.022953894
-0.0028239961	-0.0057741916	-0.0028010125	0.028460504	-0.018190179	-0.058303494	0.05265535	0.013717206	-0.035622835	0.06510788
-0.06089064	-0.05215183	0.03501901	-0.029380312	-0.045615368	0.009707533	-0.01856211	0.056857776	-0.009553683	0.049528677
0.034245424	-0.027572518	0.01745365	0.022770235	-0.037781194	-0.03542647	-0.040045854	-0.033063672	0.026573477	-0.04191578
-0.044427652	0.031137452	-0.0006533008	0.031887982	-0.027423147	-0.030815635	0.003906253	-0.034454376	-0.03709488	0.021606518
0.067397475	0.033008143	-0.0022397595	-0.0036058503	-0.008737165	0.06241172	-0.018013004	-0.027568763	-0.008366985	-0.04902751
0.04012137	-0.013987509	0.024535479	0.0058525885	-0.021423955	-0.012316005	-0.017514292	0.010535749	0.007905756	-0.027907535
-0.014792306	0.013605518	0.051930953	-0.019568823	-0.030658979	-0.009843215	0.05711719	0.0071170614	-0.038658075	0.040807668
0.0441099	-0.027537737	-0.05878863	-0.010186384	-0.032009453	-0.016398855	0.027075183	-0.022898454	-0.008307325	-0.041322235
0.032606736	-0.042812895	0.016455	0.052758247	0.05209425	0.031202042	0.033397134	-0.015706323	-0.005808426	-0.042968057
-0.07134842	-0.035443306	0.047837384	0.00068315084	-0.05520232	-0.06848484	-0.021098701	0.01788167	-0.067931615	0.05445409
-0.012730531	-0.0005014941	-0.0099792285	0.039010376	0.039612163	0.0012607205	-0.043309897	0.021011837	0.021338848	-0.015651993
0.049260695	-0.01348853	0.0047950363	0.054402173	-0.0031484757	0.014300108	-0.01716272	-0.031502377	0.06361599	-0.01973998
-0.033007525	-0.03914179	0.066777915	-0.0045269434	-0.069051385	-0.067003794	-0.032799263	0.028298385	0.008842656	0.030510657
0.0014560088	0.0042138216	-0.025536606	0.007692585	0.031524766	0.0039620907	-0.043874115	-0.03486122	0.039687935	0.01426754
0.02900779	0.029264579	0.035477128	-0.018211812	0.043159563	-0.049329765	0.037252314	-0.027050324	0.042610794	0.039754022
-0.05239342	-0.044257455	0.07532931	-0.05141965	-0.0035487686	-0.06866961	0.058047652	0.07522041	0.00558073	0.041192107
0.008609486	0.011801099	0.007002034	0.023350365	0.032529034	-0.042347293	0.008486536	-0.009678774	0.015847547	0.03212853
-0.018717106	-0.017189745	-0.0020893535	-0.049304385	-0.053232778	-0.010013033	-0.0059850905	0.053734936	0.015963076	-0.006249615
0.014033389	0.024396759	0.010336135	-0.015257318	0.047180306	0.004082885	-0.038488235	0.042017803	-0.014238124	-0.0064905104
-0.024815267	0.009087816	-0.04548905	-0.049128395	-0.012570934	0.031887066	0.030772483	0.023078194	0.02022832	-0.022875413
0.05788608	0.047489706	-0.051915996	-0.003959813	0.0071630552	0.010472235	0.012244422	-0.003085238	0.02626099	-0.0071535413
-0.014740721	-0.040509563	0.0010917397	0.010384176	-0.038928006	-0.0672718	-0.02863719	0.06094938	-0.037824474	0.015715487
-0.032980718	0.029666355	-0.01156714	-0.00037042133	0.0029424427	-0.042763565	-0.017596431	0.045515757	-0.022235194	-0.0065570646
0.018305924	0.0062615955	-0.0036629688	-0.044061445	0.04001278	0.005278253	-0.0056769713	-0.030042477	-0.018982906	-0.03593763
-0.013010595	0.039208617	0.003800627	-0.020379217	-0.025187582	-0.002039069	0.03947189	-0.016807174	0.006585802	-0.03302415
0.004461647	0.026613021	-0.04897753	0.022370813	0.009363457	-0.019624252	0.019329565	-0.05300666	0.034767322	0.0169355
-0.05471649	0.029243017	0.061701786	-0.041938774	-0.026542403	-0.0184583	0.0046999576	-0.031243173	-0.06761328	0.030339202
-0.02481026	0.021893607	0.041455183	-0.062850766	0.008476431	-0.039007362	0.044674836	0.05671781	-0.024071012	-0.020345682
-0.04828532	-0.02436773	0.060459953	-0.029999256	-0.06632744	-0.0014370551	0.026675828	0.009871222	-0.05061748	0.061220706
0.0013420043	0.0339712	-0.0431249	-0.036141723	-0.048557505	-0.024566	-0.0013977794	0.012862017	-0.030115705	0.0034743045
-0.0043703956	0.028679665	-0.029645279	-0.013701479	0.048708543	-0.0011403715	-0.035746556	0.017409058	0.012435431	-0.007064266
0.03047795	0.0057327263	0.0060180956	-0.029307604	-0.013256522	0.042517155	0.03139818	0.04173297	-0.03811262	-0.028896615
0.022312332	-0.006191914	0.0018599499	0.003877988	-0.0024100696	-0.049703784	-0.03745184	0.016697267	0.0097248005	0.023890693
0.018676357	0.05497354	-0.06439158	0.062816605	0.017723557	0.03680482	-0.01295101	-0.045249734	0.061364856	0.014665776
-0.076089986	-0.039342836	0.052824665	-0.017670445	-0.005588236	-0.037483223	0.0036411316	0.056134347	-0.037444945	0.0026076352
0.024495717	-0.00039342736	-0.012802414	-0.028178006	0.037368536	0.011256289	0.03592051	-0.011177203	0.012361327	0.02198807
0.033838913	0.0646801	0.009008473	0.042205382	0.0036479281	0.05503192	-0.003888077	-0.039005496	0.06866627	-0.01864238
-0.071942255	-0.06667379	0.068287954	-0.0073125414	0.0007265226	-0.01840395	-0.043996662	0.014556592	-0.06941698	0.06436464
-0.038941156	0.00565069	0.002940177	-0.039155386	0.041694388	0.0332944	-0.038246393	0.02972629	-0.046507932	-0.03283633
0.025529377	-0.022397498	0.004311365	0.031019196	-0.031159248	-0.028679151	-0.024704695	0.027178898	-0.010382855	0.0064105126
0.02516027	0.06836125	-0.006378968	0.059852995	0.062156785	0.013355082	0.011177301	0.008299543	0.07471721	-0.068391256
0.021824053	0.024921069	-0.04278392	-0.019391933	0.024230203	-0.004890256	0.022223532	-0.04419964	-0.025131766	-0.038116653
0.019019831	-0.029352164	0.033622958	0.022641547	0.0092195915	0.0019985333	0.030984351	0.053643957	0.023293002	-0.04324342
-0.009564275	-0.012286542	-0.012582225	-0.028588131	-0.034933835	-0.059880808	0.053435247	0.018640287	-0.057273015	0.037240557
-0.054211672	-0.019284539	0.041912425	-0.03394334	0.020908553	0.033106416	0.02464755	0.046156894	-0.029321095	0.027897697
0.01586987	-0.030403048	-0.026134498	-0.025543125	-0.037870266	-0.010543038	-0.0068746363	-0.056041863	0.0410479	-0.035074614
-0.0006594444	0.05267043	0.02631792	-0.04196716	-0.012209239	-0.017319258	-0.02793714	-0.025108261	0.015223958	-0.043337066
-0.007009635	0.032046467	-0.025005093	-0.03812521	0.009010654	-0.014121015	0.0042988975	-0.0053102793	0.032464415	-0.03132435
0.028622828	-0.027249228	0.0012862183	0.01918437	0.031279102	0.024352495	-0.010663691	-0.03789461	-0.010892044	-0.02045351
-0.0120243	-0.04339271	-0.0019194992	-0.038033616	-0.065960824	0.0012820121	0.0065083466	0.038444202	-0.023449568	0.012013585
0.048058446	-0.016670065	-0.030086244	0.04704457	-0.033524156	-0.009049917	-0.0329481	-0.004727932	0.02516612	-0.009941042
-0.0063024503	-0.02325466	-0.036002226	-0.02031256	-0.02957711	-0.050578576	0.05207585	0.05733077	-0.025150636	0.01997671
0.072728045	0.048208572	-0.059318114	0.048058975	-0.01720953	0.053263567	-0.044699088	0.019183023	0.022264581	-0.059572406
0.056659967	0.018886732	-0.039435975	-0.0035190536	0.042714894	0.048540223	0.030191513	-0.02268312	0.060701422	-0.06729716
0.0024223416	0.025156891	-0.026615012	-0.06605623	-0.007823404	-0.020177878	0.043113906	-0.014205112	0.024225779	-0.016299767
0.036964156	-0.021553362	-0.041204143	-0.023903934	-0.048856396	-0.009537643	0.04393015	0.037317447	0.0067370925	-0.0076059797
-0.02055109	0.03679548	-0.07618733	0.02566593	0.03102894	-0.02156435	-0.000197929	-0.03854034	0.0050020306	0.011797862
-0.029032283	0.033856206	0.03288114	0.016358871	0.037248053	0.01827266	0.012425206	-0.00050312816	0.055599112	0.019425359
-0.014286694	-0.047062505	0.0072562783	0.02051069	-0.012383045	0.0020109862	-0.00539216	0.035861526	-0.036535427	0.048702158
0.0017462432	-0.05885628	0.051518388	-0.02832462	-0.04222493	-0.029042736	0.011530291	0.016449735	-0.035886876	0.03738538
-0.018407263	0.043058664	-0.013023993	0.03864276	0.05036331	-0.027036583	0.0044102594	-0.009455796	0.03410219	0.015560574
0.03072208	-0.009047118	0.035338268	-0.025883343	-0.050460685	0.0040986147	0.054600235	-0.040291764	0.031904593	-0.0011074571
0.019053195	0.022379218	0.034755897	0.03136897	-0.03530395	-0.030130317	0.043936983	0.0046296255	0.043373313	0.039618216
-0.053881977	-0.019108718	0.053554192	-0.030773219	-0.036038015	-0.009994213	-0.032478385	0.051581845	0.01689799	0.04480358
0.0055305767	-0.036224626	-0.02335952	-0.025450613	0.0014880546	-0.02298388	-0.052594922	-0.011547484	0.023874138	0.0013848257
0.035309695	0.02358225	0.020736746	-0.03435075	-0.022590298	0.031993654	0.009594269	0.017606663	0.0011664334	0.013974353
0.024761394	0.034961306	0.014146947	0.00829112	-0.0051879953	-0.02162654	-0.021247739	0.007554812	-0.013665265	-0.0391138
-0.021522852	0.024348503	-0.027546776	0.03671195	0.0125318905	0.0119137205	-0.012634549	-0.025633443	-0.026864436	-0.03604544
0.007952982	-0.04184987	-0.014804842	-0.0328414	0.020748636	-0.012474303	0.007545907	0.038040116	0.00037339612	0.05471581
0.026510648	-0.014872099	0.024993444	-0.0011885794	0.042162336	-0.019513844	-0.022241669	-0.042299174	-0.052184463	-0.041487034
-0.023326369	-0.05144602	0.008905674	-0.01800985	-0.009457252	-0.03362408	-0.036204055	0.004218673	-0.052083425	0.022987824
-0.0148093635	0.023006912	0.03202929	-0.053257372	-0.013683741	0.0045455103	0.039614964	0.06129881	0.031077048	0.05472743
-0.0013858554	-0.0019928217	-0.02247518	-0.0009706302	0.03857525	0.014770998	-0.03142972	-0.025973335	-0.019252596	-0.009796988
0.030593412	0.034750536	-0.025359333	-0.039170977	0.025126	-0.05594842	0.04286828	0.055040628	-0.054912303	-0.018269848
-0.03959207	0.0027475406	-0.02951047	-0.022108478	-0.024366563	-0.010724056	0.0642698	0.04487046	-0.031649232	-0.018316288
-0.053049367	0.026482666	-0.003621581	0.013419794	-0.03568895	-0.011477871	-0.01232156	0.05444827	-0.04181602	-0.018855454
0.015706172	0.015275871	0.03826321	0.0072879493	-0.008813131	-0.02046826	-0.04859149	-0.008126973	-0.003800252	-0.008159147
0.050792903	-0.041401725	-0.010917686	-0.0015650417	0.023183426	-0.03526429	-0.033950686	0.010360613	0.029921582	0.033028588
0.032323427	-0.0071276147	0.022979492	-0.036554985	-0.053605653	0.02654577	-0.031351063	0.0050609726	-0.02869608	0.02178365
0.042335756	0.058919404	-0.019901682	-0.0043142536	0.002337801	0.013318432	0.007661224	0.0189153	0.013121277	0.012368787
0.014471105	0.04305027	-0.03637621	0.05575389	0.03387265	0.0463708	-0.047744226	-0.015676718	0.05386001	-0.038095232
0.03056942	-0.024156123	0.0071816663	-0.008885488	0.0088933185	0.028904159	-0.02957339	0.0102401655	0.01546991	0.029402807
0.017964244	0.055239033	-0.023266196	0.0344275	0.034080077	-0.018285502	-0.024288872	0.021969166	-0.01817122	-0.034100555
-0.038518254	0.0011282775	0.0022753216	0.032710373	-0.022915918	0.05180816	-0.0065756575	0.03708924	0.019071788	-0.023068905
-0.019980619	0.024875093	-0.003206498	0.047964543	-0.015150054	-0.028479846	-0.049997967	0.029928219	0.005063669	-0.034247134
0.007875292	0.051934335	-0.038116843	0.012828004	0.0265253	-0.008891192	-0.05709619	-0.065427974	-0.01837661	0.027332498
-0.0014634333	-0.02181892	0.052010056	0.029119065	0.028354587	-0.009971915	-0.023436714	0.036157764	-0.0083543435	-0.021972612
0.03227915	0.017794099	-0.03803556	0.019370735	-0.031448446	0.041268706	-0.028136875	-0.017932396	-0.0043515256	-0.049598597
-0.06715269	-0.00029723544	-0.02077724	0.0040172543	-0.025144992	-0.021432592	0.050845698	0.039105844	-0.03948055	0.055591535
0.042435467	0.07231724	0.0029605047	-0.0020089324	0.07009614	0.015801936	0.016401036	0.009370203	0.023058293	-0.032113083
-0.026035953	0.055294335	-0.050870713	0.060994275	-0.025000982	-0.030280165	0.04200133	-0.010092419	0.036145687	-0.06030975
-0.018941516	-0.029931355	0.008193525	0.016431835	0.028748661	-0.022949623	0.005998523	0.018756816	0.039722204	-0.052128736
0.015860695	0.06741991	-0.03521341	0.04981856	0.0602672	0.0462542	-0.06697275	-0.06403836	0.018761795	-0.0013234772
0.038931377	-0.024585042	-0.014867178	-0.03434488	0.050010253	0.039103277	0.029980421	-0.050934464	-0.0183225	0.024898274
-0.020751553	-0.006405763	-0.017211502	0.026190968	-0.022745142	-0.005438977	0.01872977	-0.04291951	-0.023901226	-0.020561118
-0.011124306	0.0077217463	-0.05952076	0.043599457	0.0036117306	0.013271996	0.022561457	0.036773022	-0.025061155	0.036108155
0.00948403	0.0062807826	0.014927186	0.0037497953	-0.044007942	0.042987667	0.03866627	-0.019740898	0.016865812	-0.018547911
0.03487898	-0.0044147726	0.03148332	0.027489532	-0.041578706	-0.020941395	0.043876704	0.04627911	0.03977804	0.020829797
-0.011427496	0.045204196	0.032758854	-0.019669276	0.05991089	0.022900855	0.027894275	0.016966226	0.043167114	0.006469345
-0.02778947	-0.031158086	-0.034771293	-0.04066603	-0.018109553	-0.028652538	-0.04496716	-0.024782836	0.043733835	-0.03751269
0.011189177	-0.036987863	-0.003852441	-0.070058286	0.01937186	-0.002331217	0.056506526	0.04519931	0.02245311	0.058411885
-0.049766403	-0.034595642	0.005166692	-0.04952272	0.008913757	-0.010868704	-0.011347442	0.044394415	-0.016030245	0.0260765
-0.006542292	-0.00034541634	-0.0033494534	0.019531213	-0.01401784	-0.00037969276	0.035017688	0.0048754043	-0.052271083	0.034706745
-0.034921445	0.052938096	0.039734423	0.02531064	0.032133974	0.037065636	0.00050131883	0.0006595635	0.031110307	-0.0027021244
-0.00923378	-0.0063229157	-0.0116679175	0.017949361	-0.03180762	0.048522156	0.030010397	0.016828706	-0.0023070688	0.01581847
-0.024285497	0.037597764	0.03576426	-0.008260397	0.03246263	0.03864728	0.03182619	0.014640468	-0.0042782295	-0.047577117
0.02379217	0.01881575	0.02406845	-0.0010769418	0.02952814	-0.019579496	0.05264039	0.026603052	-0.0470917	0.019831177
-0.05441329	-0.021834975	-0.0044859457	-0.018895028	-0.00044732436	-0.015095475	0.06887569	0.008255802	-0.032229222	0.0443603
-0.0046711764	0.007152059	-0.036463626	0.010441047	0.05919354	-0.00976581	-0.0023805848	0.02144408	0.040526982	-0.040779416
-0.009877942	0.031454686	-0.012284777	0.009236823	0.066832475	0.0074667614	-0.0068454626	-0.00792385	0.070998624	-0.062471468
0.018876048	-0.026406547	0.046027534	-0.014820572	-0.029212572	-0.019700272	-0.009442028	0.022059856	-0.017354384	0.004247
0.0018253134	0.0016298684	-0.025042932	-0.061419737	-0.06397085	0.0017859513	0.04819325	0.051918752	-0.041295532	-0.03072016
-0.029756797	0.047584616	0.004178075	0.019238146	-0.03288884	0.00085876894	-0.0045077153	-0.024733758	0.026952438	0.0027716593
-0.041314177	-0.021948814	-0.019879293	-0.006549994	-0.056823287	-0.009675147	0.023165487	-0.0066527566	-0.02931518	0.048603714
0.027833562	0.018784847	-0.022313444	-0.05710185	0.0037492048	-0.04308448	0.04476284	-0.025464531	0.00041070714	0.009603594
0.055229165	0.047793563	0.02849831	0.059489973	0.04448294	0.008765656	-0.025494829	-0.021475205	0.048219394	-0.030781781
0.030716527	0.004914062	-0.07298698	-0.014307763	0.038452387	0.0068378886	-0.04686064	-0.05479951	0.033993825	-0.03195931
-0.015461464	0.02060873	-0.07290859	0.06570984	-0.00025779987	0.010456672	0.0470263	-0.040526025	-0.0038887148	0.007003063
-0.06974412	-0.052941605	-0.012081053	0.015588503	-0.034815576	-0.04977814	0.00032572827	-0.0021896344	-0.034840632	0.011058558
0.033858616	0.051499374	0.009157153	-0.030278377	0.058387112	-0.010895744	-0.018163677	-0.009313351	0.05933808	0.021833388
0.041109286	0.03767513	0.005718104	-0.029590959	-0.008914406	-0.022549246	0.030403426	-0.050600205	0.019929925	0.016171994
0.009980485	0.058319673	-0.009949229	0.020214967	0.050807763	0.056779616	-0.029778617	-0.004007876	0.08056471	-0.03977602
0.005157958	0.043791648	0.012481882	-0.012376874	0.014243171	0.01398458	0.010562799	-0.0312712	0.036911145	-0.05470616
0.045490608	0.043602843	0.017814925	0.047968734	0.065754935	0.026305228	-0.06674382	-0.00840197	0.062016092	0.025456386
-0.05449302	0.023359438	-0.013522207	-0.016697755	-0.04186607	-0.010667246	0.057136733	0.0031083478	-0.04605915	-0.015357722
0.021669751	0.032365672	0.033562794	-0.03847766	-0.014179281	-0.02315144	0.0063430183	-0.028616317	-0.026353795	-0.015764456
0.028428063	-0.018764395	0.027443716	-0.002045743	0.035472486	0.017931385	0.030621046	-0.027196884	0.012108283	-0.051733665
0.0029994359	-0.0049229153	-0.04406877	-0.013625481	0.0038840077	0.055380393	-0.05649628	0.018721135	-0.0029897012	-0.0030168467
0.0626876	-0.024034847	-0.04370432	-0.028346019	0.013472634	0.018891515	0.012701232	-0.06254287	-0.007015635	2.8089531e-05
0.034654953	-0.023452468	-0.05714107	0.035721023	0.043994676	-0.0011829555	0.047660798	-0.0023851572	-0.024699382	-0.05309437
0.039143834	-0.020742824	-0.06606789	0.05513937	0.044081483	0.01625666	0.0077287424	0.0147308735	-0.025244413	-0.025338136
-0.03641855	-0.018712172	-0.05153463	-0.01967217	0.04641668	0.04347704	-0.022670247	-0.048444565	-0.010252362	-0.02489282
-0.02232517	0.035276048	0.008338835	0.005252916	0.055823304	-0.029477296	-0.006871445	-0.038735874	0.027304923	-0.023853546
0.017510757	0.008365357	-0.02116456	0.061898973	-0.010532117	0.0052083083	0.016376445	-0.023305722	-0.009355159	-0.06019239
0.030511275	0.03359125	-0.026872186	0.021018878	-0.031990416	-0.036600966	-0.03779985	0.0151829375	-0.0073808692	-0.019150868
-0.0062221996	-0.0024729169	0.04304939	0.0028211123	-0.037577428	-0.014973977	0.028015936	0.024828028	0.025613582	-0.050920602
0.051054746	0.016995572	0.03297581	0.011092025	0.042850904	-0.03510952	0.03177466	-0.045840684	-0.041639213	0.020231452
-0.0136693185	0.01848208	-0.029442668	0.020310057	-0.03586352	0.014862895	-0.0101842545	-0.033996925	-0.034313433	0.00431482
-0.0069543384	-0.03608936	-0.033567805	-0.027388904	-0.023943497	-0.021037092	0.010131839	0.046275035	-0.006109605	0.04462021
-0.015646035	-0.021720232	0.023413736	0.004900292	-0.019628793	-0.0140976235	-0.0049025468	0.049361974	-0.060457245	0.03041536
0.028835965	-0.0011863908	-0.01696644	-0.048314337	-0.018695762	0.0026196418	0.04134378	-0.023256937	-0.04173351	0.02926111
-0.020331556	-0.017457312	0.026054986	-0.012683346	-0.018494945	0.006928949	0.02436663	-0.018755443	0.039479017	-0.0026804789
0.013296995	0.012782	-0.022560047	0.0123580955	-0.0043928507	-0.04503257	-0.040366616	0.028855722	0.018722368	0.028317405
0.01652004	-0.024637911	0.0050451364	-0.05454426	-0.01312757	-0.010308074	0.010206846	-0.017253505	0.02104719	-0.03492098
0.0050471076	-0.024143707	-0.0056310426	0.042879242	-0.044286687	0.0074602864	0.016045565	-0.0049803588	0.017063046	0.049007468
0.044942655	-0.005054569	0.015833795	-0.04198615	-0.036306616	-0.0382393	-0.0052033095	-0.038141973	-0.037618514	0.003574367
0.04484794	-0.008136228	0.021202104	0.059716124	0.03570505	0.06595078	-0.040957596	-0.06598404	-0.026427686	-0.066329986
-0.009695636	-0.05189285	0.034825828	0.016657919	-0.06734951	0.010050867	0.010761727	-0.019583866	-0.0027827146	-0.025314992
-0.042601004	0.031917997	-0.015247596	-0.029047161	-0.027581016	0.0217307	0.051652037	-0.03291418	-0.043617614	0.019245354
0.0024188105	0.009161359	0.023152744	-0.0036705297	-0.011542016	0.054753907	-0.0010514733	-0.001670077	-0.020174805	0.00043843762
0.03828005	-0.03470651	-0.021891626	0.04001383	-0.03219855	0.06275184	0.029594503	-0.06138795	0.05293619	-0.026405204
0.020708522	-0.029197564	-0.021474391	-0.020764329	-0.0043240697	0.022866111	0.017276157	0.047338404	0.02657222	0.034080114
0.023403723	-0.015994834	-0.0041072313	-0.010669151	-0.03306137	0.028120752	0.029944507	0.017804537	-0.011621334	-0.03968215
0.032617006	0.053904768	0.018710198	0.03382823	0.02296901	-0.02176746	0.007895528	-0.047273327	0.04744994	-0.046127386
0.041916262	0.046600353	-0.013978439	-0.02313017	0.060909994	0.062159583	0.051815543	0.031728003	0.01628782	0.0034345072
-0.05416003	-0.04727026	-0.00401965	-0.009609979	-0.051541675	-0.056520846	-0.025217649	0.034626737	0.03186656	-0.037377197
-0.0728888	-0.004834266	0.07049908	-0.046921708	-0.06871689	-0.025524197	0.011887815	0.036286384	0.014490928	0.059050154
0.017825358	0.0062773875	-0.054593414	-0.021350864	0.03666034	-0.018198652	0.005442774	-0.07546805	0.05637703	-0.068446234
0.038278796	0.0005778059	-0.017002154	0.0032604404	-0.015929004	-0.0113001345	-0.04494437	-0.047569495	-0.0026410702	-0.04432662
-0.03797699	0.0009330156	-0.009687474	-0.019785626	-0.033767227	0.009289129	-0.025527261	-0.011129385	-0.013830267	0.053234056
0.01935682	-0.031136813	0.045106865	-0.0423089	-0.0035077457	0.03506994	-0.03480154	-0.026946282	0.03640288	-0.01322586
-0.005026932	0.03182022	0.0286987	-0.019978449	-0.031693604	-0.02054152	-0.047267854	0.028925199	-0.029774414	0.010100784
-0.03046063	-0.011072994	-0.00060775236	-0.026092557	0.005624017	0.00063700747	-0.03606764	-0.01984528	0.0345556	-0.033740316
-0.044858877	-0.030034842	-0.0046961927	0.041070733	-0.05179903	0.020514036	0.0015997058	0.03262246	-0.05660447	0.007535492
0.025680998	-0.003260026	-0.03270689	0.026765624	0.004405163	-0.0036565703	0.00029896968	-0.011489636	0.027405396	0.057229847
-0.01485956	0.003506369	0.01844944	-0.008659258	-0.00568079	0.05034622	0.036477312	0.040820386	0.038541745	-0.009656738
0.023795968	-0.02539916	0.01521911	0.033597846	-0.00363878	0.04575509	-0.030525481	-0.030768987	0.043019984	0.023017008
0.0019823657	-0.049843363	0.024462702	0.023714755	-0.02517013	0.037025947	-0.045538735	0.019390082	-0.028801706	0.053146623
-0.030472731	0.047627363	0.029238611	0.044838466	-0.04183008	0.009926889	-0.04581939	0.026028028	0.049101405	0.023431828
-0.029314112	0.0062295655	0.008140229	-0.03515076	0.029449781	-0.019243792	-0.011477088	-0.016378157	-0.04204216	0.020099735
0.023533544	0.015065417	-0.0011957206	-0.050675977	-0.04868989	0.015325951	-0.007233255	0.049184363	0.024042021	0.0306427
0.001721735	0.0002881456	0.019443898	0.04685283	-0.00018526336	0.0506949	0.022519886	0.013257571	-0.04565562	0.047750138
-0.054932702	-0.058204852	0.008643511	-0.014745403	0.015240727	-0.058385793	-0.036206357	-0.0057517327	-0.024202134	0.011244815
0.027008926	-0.0440266	-0.023411661	-0.019348398	-0.040662393	0.009712571	-0.047733765	-0.048562557	-0.041820142	0.019345926
0.024637263	-0.012373758	-0.030342871	-0.026418883	0.05998381	0.0046042628	0.027536713	-0.05280372	0.008248849	0.02645156
0.019031445	0.042584363	-0.023126848	0.01523193	-0.013423854	0.021248654	0.02124762	-0.038844284	-0.013790467	0.040988073
-0.0059610372	0.010423419	-0.036560826	-0.041643098	0.045418505	-0.033887096	-0.04891711	-0.026870906	-0.0047524264	-0.023622181
0.020743603	-0.009477665	-0.04057275	0.0065066447	0.029492933	0.04381815	-0.030320963	0.007819543	-0.006626494	-0.0495641
-0.009469664	0.017773231	-0.0414693	-0.050088715	-0.0312882	0.0077649523	-0.0038603507	0.05470348	0.03177759	0.013266719
-0.0012916665	-0.041300867	0.030144319	-0.078145064	-0.02347268	0.0043643573	-0.0005964975	0.035365243	0.021352759	0.062489036
0.023635667	-0.04170626	0.041183356	-0.015947867	-0.027685845	0.021589447	0.010114951	-0.00036042792	0.027794594	0.00550884
-0.01665168	-0.04335877	0.023192855	0.0065652044	-0.043535	-0.022799201	0.02232823	-0.005892725	-0.06167513	0.06337366
0.009279456	0.012000283	0.008053767	-0.0048471577	0.009399411	-0.05153997	0.017592741	0.07329929	-0.05890844	0.055799693
-0.0027273027	0.014045732	0.0003903419	0.016066315	0.06366773	-0.024828551	0.02576773	-0.0057449574	0.061375838	0.017327264
-0.008897855	0.026182808	-0.041462965	-0.010437513	0.06551866	0.04596125	-0.05373313	0.009531154	0.068555705	0.0050659664
0.0046994975	-0.021031074	-0.02246316	-0.039844763	-0.043197624	-0.051515684	-0.005240364	0.04098068	-0.024491195	0.067947194
-0.013813875	0.047360636	-0.018488206	-0.029829074	0.017674254	0.04813643	0.008259471	-0.03724724	-0.01787362	-0.02183538
-0.020582957	-0.018821066	0.035420682	0.022806438	-0.0013964714	0.024426952	0.02816244	-0.01999921	0.038655885	-0.012668681
-0.010818581	-0.01980888	-0.0032506983	0.00337148	0.012298868	0.061690006	-0.041576102	-0.0034621155	-0.033910565	-0.015178619
-0.00066843367	0.066746585	-0.008724442	0.012835487	0.026601018	-0.007820975	0.042602833	-0.037720658	-0.024908464	-0.026595486
0.0574778	0.045779526	-0.010588744	0.048874203	-0.026482966	0.05044698	0.044800073	-0.037477467	0.05201052	-0.014362062
0.03704133	0.0041638007	-0.032449335	-0.024843853	0.061932944	0.057001095	0.0037472728	-0.0028484187	0.054929953	0.009551536
-0.016872069	-0.010978569	0.01946375	-0.010183032	0.068469286	0.05656929	0.026143024	0.017402243	-0.011469572	-0.03996479
-0.023868145	0.011107927	-0.04589033	-0.0010704338	0.026629496	-0.0074060243	0.032186612	-0.005022817	0.0154813845	-0.00013818602
-0.028780742	0.037819564	0.01684712	0.00856139	0.008637461	0.0536689	-0.032213654	-0.035005387	-0.024331398	-0.02546022
0.042453412	0.033550333	-0.03965726	-0.008740603	0.020572908	0.042097423	0.03046711	0.017840248	0.009516686	-0.053527083
-0.00019684242	0.04730639	0.0018490687	-0.024543721	-0.018143212	-0.013911247	-0.004941861	-0.04578961	0.027541483	-0.016946858
-0.021141194	0.005323307	0.010363293	-0.02118684	0.0052142064	0.044705484	-0.03293389	-0.048211932	-0.025115743	0.011550548
-0.020221572	-0.0067661405	0.00089618634	-0.02857049	0.017078526	-0.06594458	0.0074756704	-0.008716809	-0.010762356	0.03583487
0.061513875	0.042494882	0.017039414	-0.005220828	0.066080056	0.046119243	-0.0041413	-0.042288497	-0.01513094	-0.024040593
-0.056298796	0.031239804	0.014660341	0.005884702	-0.021262415	0.0026354708	-0.038326953	0.0493121	-0.057500985	0.03320779
0.025135178	0.0063655535	0.0450407	-0.01132384	0.03767612	0.027440665	-0.021913975	-0.045501187	-0.04244267	0.0007314164
-0.016365997	0.0024111436	-0.020745732	0.028556418	0.022562258	0.01911594	-0.0343364	0.009848578	0.0024794922	0.006875681
0.0016848252	0.04200785	-0.024418352	0.055058345	0.046588287	-0.01793625	0.042675745	-0.013968147	-0.038430914	0.004046071
0.039637435	-0.030914282	0.029481348	0.040347114	0.036666017	-0.015079922	0.03027701	-0.0062361807	0.0110473465	0.035744853
-0.030771049	0.0037917714	0.058900937	0.028378949	0.0048437133	0.0049935714	-0.038633112	0.044358872	0.015690986	-0.034658976
0.04585922	0.056389205	0.021328945	-0.016173769	0.015702173	0.062268868	-0.043663125	-0.06298071	0.00814782	-0.004849594
0.02086905	-0.001656428	0.024226362	-0.009504544	-0.06030105	0.0052442118	-0.023351364	-0.0204088	-0.06016793	0.0047583207
-0.0086464	-0.0047487677	-0.030571017	-0.031464867	-0.01213159	-0.046780873	0.019934531	-0.03948922	-0.032343432	0.015876703
0.012809843	-0.048578996	0.06743733	-0.06189714	-0.04343565	-0.011214813	-0.0020699834	-0.02520141	-0.043506004	0.041505627
-0.038719654	-0.050071612	-0.019946152	0.042006936	-0.034107387	0.023625191	0.038993537	0.051926173	-0.01133115	-0.006910077
0.042968955	-0.014951902	0.040668193	-0.012927437	0.025591422	-0.047352113	-0.02406261	0.034570333	-0.031721152	-0.031210104
0.030847823	0.012422923	-0.0050740256	0.011834437	0.04010088	-0.018249536	0.018340964	0.0056366734	-0.03476054	0.010664991
0.02664291	-0.018524945	0.032967366	-0.03371996	0.059283093	-0.01237155	-0.030402075	-0.03564901	0.0069082393	-0.051236298
-0.031121926	0.0056017586	-0.058730833	-0.014570218	-0.009331609	0.023485983	-0.0074656056	-0.004538242	0.032370232	-0.058528136
-0.019791339	-0.007630968	0.0027277663	0.010869648	-0.019156417	0.016095337	0.021497324	0.016540471	0.03317041	-0.028298676
0.020046514	-0.02697988	0.034045663	0.020822328	0.011138933	-0.020076813	0.0081543615	-0.019186014	-0.0011585971	-0.012553287
0.003834331	-0.004446236	-0.00018229034	-0.030225765	-0.053268116	0.006333695	0.011990459	0.045499798	-0.06286723	0.05052843
0.010429025	-0.014758212	-0.006678405	-0.0032862113	-0.029850673	-0.047111586	0.0032284325	-0.011939394	-0.009743361	-0.02891969
0.027285984	0.03670347	-0.020166017	0.04786262	0.027406348	0.007568072	-0.0505332	-0.012872554	-0.00055488973	-0.051797755
-0.00042035824	-0.021575846	0.004756124	0.00015475239	0.032290403	0.057665974	-0.021239959	0.04163643	0.04886341	0.010012845
0.039989304	0.031123696	-0.057486426	0.010798368	-0.007976848	0.04951203	0.01193202	-0.06952032	0.012966164	-0.055835273
-0.028590063	-0.03095793	-0.028616754	-0.010463378	0.010297412	0.025822496	0.018768225	-0.045309737	-0.009232158	-0.031698525
0.05218478	-0.009292501	-0.023495402	0.05089327	-0.012463207	0.009151492	-0.01737077	-0.008918484	-0.027956467	-0.03550934
-0.056065746	-0.059464496	-0.020703785	-0.045803197	-0.016847096	-0.0019501752	-0.012003718	-0.03479083	0.010016213	-0.03486427
0.03282229	0.046113893	0.008188131	0.0040733465	-0.009606152	0.050041247	0.017529763	0.013510876	-0.008075437	-0.0059368885
-0.033847366	0.022607194	0.028122015	0.02624974	0.046100155	-0.001985435	-0.026689166	-0.011730899	0.057130024	-0.05872373
-0.0066319364	0.015479524	0.05855991	-0.019407367	-0.03510204	-0.011292599	-0.016019601	0.01922053	-0.041127466	0.019241853
0.018799251	0.035443336	0.030313611	-0.01227124	-0.033397842	0.029976267	0.029587906	-0.01492847	0.034697145	-0.048470337
0.05682798	0.04909547	0.0042170202	0.06850495	0.015096625	0.06592215	-0.033246636	-0.042740572	-0.024593037	0.017868003
0.0017898119	-0.023737743	-0.03096998	0.006009383	-0.03910323	0.026269648	0.010722805	0.040563162	0.010976349	-0.032270167
-0.01725824	0.05329889	0.043398798	0.03125653	-0.03159331	0.054331888	-0.026522873	-0.051691156	0.0032388824	0.0115697915
0.027058054	0.020996982	-0.029596496	0.020342	0.01913128	-0.0585586	0.008321001	0.022400886	-0.016573453	0.053037018
-0.027655542	-0.01804482	0.009320191	-0.04831499	0.018184153	0.016368948	0.026357885	0.002351997	0.0056790747	0.031552967
0.009280576	-0.041427173	-0.04241532	0.053303942	0.051793497	0.03805287	-0.019850701	0.0052847685	0.0012560104	-0.040808197
-0.037781805	0.022187423	0.015670532	-0.06705013	-0.06626734	-0.0352492	-0.0091357725	-0.016955271	0.010480625	0.017102273
0.02389131	-0.0008899274	0.0006291548	-0.03257026	0.016830755	0.015830055	-0.038589686	-0.021756478	-0.027210644	-0.013642128
0.004342658	0.0278922	-0.032324564	0.029279813	-0.04196679	0.005282616	0.040927596	0.023871576	0.021609722	0.00040166642
-0.007748977	-0.011484481	-0.00062401703	0.0007734741	0.026534261	0.022743532	0.020624591	-0.047840025	0.05585292	-0.015121306
-0.011659874	-0.04699548	0.033016097	-0.024263052	0.02959035	0.0049746004	-0.022357529	0.05078925	0.023615869	0.022755645
-0.009301381	0.0011691009	-0.028972661	0.010362158	0.03010792	-0.030583505	0.029719442	0.0017613574	0.0020609852	0.050726805
-0.041166455	0.006499534	-0.007146777	-0.027098158	-0.0023919146	0.024137642	0.027969917	-0.038793057	0.0052481154	-0.029081179
-0.07773551	-0.021245804	0.04003904	-0.022707114	-0.07736366	-0.027442941	-0.023835033	-0.021271402	-0.077640004	0.058679495
-0.040780026	-0.0373144	-0.03319141	0.050827164	0.041970726	0.043412175	0.010614985	-0.023155611	-0.0057833632	-0.0137084555
0.026718413	0.03450204	0.0009666379	0.059370074	-2.7182636e-05	-0.019043319	0.022389429	-0.02358618	-0.015130746	-0.030022105
-0.004133498	-0.023378389	-0.02323457	0.022235373	-0.039827053	-0.008548113	-0.045821935	0.013613286	0.05742686	-0.04522377
0.06027382	0.04599101	-0.018956682	-0.009581313	0.045643464	0.009057861	0.03321362	-0.01548382	-0.0094429515	0.004915062
0.026641233	-0.027799934	-0.00619995	-0.01746596	0.014611114	-0.006651057	0.05887398	-0.041625816	0.00019944402	-0.000124378
0.015290035	0.01698479	0.056305688	-0.062471006	-0.0105297575	-0.050077945	-0.016490119	-0.0012018896	-0.020951455	-0.015976252
-0.010090944	0.01557999	0.054838534	-0.029314395	0.021923503	0.023620253	-0.013136391	-0.024217559	-0.009866638	-0.008854166
0.025553012	0.041923895	-0.015494944	-0.015248556	-0.014318172	-0.004865748	-0.031489857	0.023721095	0.0005236586	0.014626717
0.03657278	0.008702527	-0.014568053	-0.0057577253	0.038264386	0.024140244	0.030097216	0.032752335	0.025836706	0.021599881
0.021724131	-0.06154815	0.057559773	-0.011036927	-0.008600396	0.011785614	0.027883777	0.029660223	0.008478847	0.047548756
-0.011790035	0.012682548	0.021879852	-0.011511999	0.029919663	-0.029519068	-0.0475587	-0.055764403	-0.02821273	-0.05962017
-0.008626035	0.0165361	-0.00525005	0.046718467	0.014414795	0.027091386	-0.053685166	0.0053986134	-0.0068515446	0.0019748278
0.024673745	-0.029458914	-0.0023736295	0.040074017	0.02034858	-0.005874724	0.022966806	-0.027711615	0.041616123	-0.0139076365
0.0012439621	0.0004501581	0.03096027	-0.021684144	0.016283102	-0.020068621	0.046688337	-0.043320883	0.0040843696	-0.018078437
-0.0110812895	0.03029722	0.03847278	-0.00040709152	-0.0037672205	0.007987802	0.037012096	0.03747041	-0.047460664	-0.02570122
-0.0008003425	0.03686063	-0.004787335	-0.00036905106	-0.008108953	-0.01980325	-0.047583878	-0.034589324	0.044234287	0.0075533455
-0.02772625	-0.00085225276	0.020631846	-0.020414844	0.0239556	-0.066259645	0.0028428815	-0.017913958	-0.029371023	0.050293695
-0.023750557	-0.0008383995	-0.018053941	-0.039198197	-0.008646743	0.01716706	-0.01828712	0.0024231	0.058132395	0.00199351
0.027352456	0.0036873335	0.023298208	-0.0020151115	0.0033528653	0.052552897	-0.037558667	-0.018684765	0.02009054	-0.009683419
0.030690137	-0.030183112	-0.025021669	-0.012977347	0.024148898	-0.0394632	-0.009818957	-0.019883499	-0.028926086	0.049067695
0.034825973	-0.012160391	0.041182097	0.020870728	-0.024958069	0.029317822	-0.009577225	0.03205426	-0.0059238127	-0.025721507
-0.026228573	0.02299657	0.04015873	0.0066068787	-0.02784932	0.014595322	-0.0065195845	-0.030870082	-0.01690372	0.03913315
-0.013237247	-0.025742061	0.029394686	0.039407827	-0.048547238	-0.006708873	-0.025689963	-0.010328038	-0.041936267	-0.023501083
0.01821229	-0.04983715	-0.015433578	-0.02776561	-0.049371343	0.014977971	-0.010241223	0.056974504	-0.028788373	0.049785845
-0.048034254	0.00022676846	0.020102914	0.031168578	-0.04146375	0.03945158	0.030863194	0.013482426	-0.041275978	0.030749923
-0.06818849	-0.027245376	-0.014611265	-0.016717482	0.017667225	-0.050165918	-0.029744774	0.037112843	-0.066260666	0.044333607
0.015976753	0.0461315	-0.015622311	-0.0055625886	0.021668052	-0.044470236	0.052940927	0.045372702	0.025293339	0.0118821645
-0.02913422	-0.025691224	0.01029173	0.037490666	0.048201885	0.030079015	-0.05863606	-0.045518532	-0.011187787	0.016293747
0.029851846	0.015601267	0.032274086	-0.050683197	-0.063053966	-0.033525728	0.013247046	-0.029143568	-0.008575198	0.025821328
-0.008601016	0.027073987	-0.0038114516	-0.016355857	-0.024799308	0.01905472	-0.05342277	-0.054591715	0.012414013	-0.063075624
0.027872333	0.024089444	0.0010301515	0.043564614	0.07150966	0.041443422	-0.0069956733	-0.029594244	0.002975449	-0.025100693
-0.038304944	0.026685765	-0.034647133	0.0034407207	-0.000247456	-0.00016847954	0.05022954	0.049015332	-0.03218241	-0.04516652
-0.008440499	-0.013087729	-0.03143772	0.0420036	0.005708305	0.038769763	-0.007867573	0.011635681	0.05303024	-0.009546577
-0.011514163	-0.036269747	0.060744986	0.02776272	-0.020245498	-0.0574323	-0.043409187	0.030050687	0.005437078	-0.033687733
0.018633325	-0.030557947	-0.0037485291	-0.03205432	0.0086385645	-0.03071575	0.0013577123	0.019766588	-0.0359416	0.01425628
0.015217417	-0.038481046	0.027275128	0.033848397	0.029613616	-0.02792218	0.01611101	-0.0024648583	0.025200501	0.0004580637
-0.006153127	-0.030499427	-0.010687563	-0.01121747	0.056604538	0.009757194	-0.0639792	0.0026993053	-0.031661566	0.0029455447
0.020385956	-0.009842441	-0.037403982	-0.023133563	-0.049533714	-0.011598496	-0.025635513	-0.014393054	-0.043153133	0.040926993
0.029044189	-0.0543539	0.05889049	-0.037215684	0.023678243	0.02997433	0.0077777905	0.005420183	0.016817348	0.03239519
0.016318435	-0.034672547	0.04458895	0.02507995	-0.051336743	-0.028530413	0.031474423	0.020049477	-0.005952171	0.055829376
-0.072896734	-0.055296175	0.041391715	-0.0024728188	0.01546676	-0.043526024	0.048744082	0.01790468	0.0015750886	0.06876207
0.022802196	0.02349501	0.04148298	0.013818132	0.003946593	0.024360396	-0.03373078	0.010020784	-0.060282927	-0.01094892
-0.047524992	-0.040764954	0.00085612084	-0.0069651795	0.01981028	-0.055737566	-0.015353897	-0.030440312	0.03248766	0.03866925
0.04042968	0.016571395	-0.0398729	-0.015887942	0.018945256	-0.030459909	0.029478835	-0.012635779	-0.046282783	0.044568904
0.007875119	0.03863586	-0.016068624	-0.030951431	-0.01336903	0.0341989	0.009146726	-0.058618475	0.0512138	-0.030728254
0.01874469	0.016610278	-0.004591135	-0.042393416	-0.060372327	-0.016439686	0.003069774	0.05828216	0.030480973	0.038905375
-0.016346568	0.03055148	0.00921948	0.03578697	0.0067175385	-0.049705684	-0.028223109	0.04920069	-0.031718247	-0.024818668
-0.040889136	-0.0050342055	0.0032934658	-0.006135726	-0.0755276	-0.02095909	-0.019777985	0.077645846	-0.029502641	-0.023326531
0.014243029	0.0043467428	-0.050555944	0.023513457	0.043968137	0.007102157	-0.029371241	-0.04652657	0.078995354	8.5102365e-05
-0.014361263	-0.059408862	0.068425514	-0.040655	-0.055071898	-0.037338104	0.031983435	0.00921118	-0.013305001	0.039928064
0.015555227	0.010959443	0.008885514	0.02282362	-0.00048468908	-0.03582649	-0.023867028	-0.04127026	-0.05133016	0.017585684
-0.011150115	0.013341988	0.015000594	0.010711747	-0.0028660863	0.019924039	0.008731477	-0.026092041	0.035918534	-0.05414927
0.011460816	-0.0017028167	0.042469054	0.010473871	0.006340665	-0.021034352	0.049293097	0.05388848	-0.0163819	0.05020485
0.050445177	0.013492647	-0.0007367086	0.040146317	0.01445427	-0.014251754	-0.0069431127	0.012027656	0.021878162	-0.042763956
0.021104071	-0.042604487	-0.003121639	-0.04017086	-0.006768884	0.0049697636	-0.021875732	0.04836097	0.03973449	0.026396263
-0.020840563	0.01189793	0.013812512	0.028756129	0.035299316	-0.03838499	-0.034261104	-0.025826925	-0.020438572	0.016616605
-0.012057477	0.018137196	0.0469258	-0.020887224	-0.021024305	0.03642887	-0.009173987	-0.019525161	-0.036866847	0.011612319
0.049465515	-0.018215392	0.022193156	0.012994654	-0.0076264488	0.008904766	-0.0484544	0.030714786	0.051087216	0.018749861
-0.030275805	-0.010817373	0.0076277102	-0.05701863	-0.026099214	-0.053942263	0.024246985	0.035859264	-0.008071396	0.05424825
-0.044976246	0.009402206	-0.037596196	-0.020674957	-0.05698618	-0.007815204	0.0068588685	0.020746239	-0.027765926	0.04288047
-0.0112804165	-0.0060882033	0.0097144665	-0.027123291	-0.042375803	-0.055965856	0.041570656	0.01069039	-0.063540205	-0.016340028
-0.013612406	0.0063354853	-0.042040303	-0.044491366	0.027789606	0.022102559	0.006086242	0.03508997	-0.03687621	9.006853e-06
-0.028786337	-0.060412843	-0.019209323	-0.036755476	0.033604003	-0.04914628	-0.023118839	-0.02963543	-0.01960836	0.060783412
0.04492595	-0.002986706	-0.007837384	0.075332426	0.040313505	0.031094583	-0.053223196	0.0067971144	0.03860559	-0.018413689
-0.023411611	-0.040060677	0.033348296	-0.011672994	-0.041454844	-0.06275527	-0.015377129	0.016080992	-0.043313477	0.044563077
0.022406323	-0.02748079	0.010592596	0.045630414	-0.011891278	-0.0338593	0.005421941	0.018371057	0.05129507	-0.04066899
-0.009901753	0.00319934	-0.06268196	-0.02495026	-0.018964158	-0.012796087	-0.07178078	-0.06731447	-0.022076327	-0.06525906
0.023790201	0.00056082633	0.04250807	0.0060419054	-0.05673214	-0.018509762	0.028210817	0.043035407	0.0024161355	0.01977533
0.0038246384	-0.03013587	0.017729416	-0.024857247	0.04533202	0.052139476	-0.052718263	-0.039815016	0.0304063	0.0025285585
-0.036406238	-0.0423088	-0.042383045	0.010586563	0.054074306	0.04085996	-0.010756436	-0.05313479	-0.03405917	-0.054529604
-0.017432842	0.01193567	0.013400797	0.016970987	0.00021854338	0.028397407	-0.038640738	-0.0030657966	-0.0128236255	-0.038619377
-0.03804381	-0.015020054	-0.03716248	-0.00013712328	0.0035366341	-0.03121305	0.028773412	-0.009130846	-0.014281599	-0.01636773
-0.027221816	0.011971511	-0.026833162	-0.029228857	-0.00033845354	0.026222153	-0.04074381	0.031435054	0.023074703	0.026709149
0.00630496	0.01985475	0.007479699	0.009868131	0.01421283	-0.006603318	-0.01429078	0.056283493	0.02391777	0.019253401
-0.031641763	0.029887779	0.026859157	-0.025366362	-0.03688584	-0.045542352	-0.0003782953	-0.033184625	0.02030073	0.04642019
0.020857576	0.006655337	0.0069594863	0.0046233274	0.05439921	0.007034228	0.025343603	-0.051892754	0.06302097	-0.013406352
-0.0083586695	0.06883141	-0.061161358	0.066316925	0.025558086	0.044243187	-0.07473455	0.006824876	-0.009879186	-0.015375855
-0.0064460775	0.06515044	-0.015570735	0.06365702	0.048052326	0.0076371823	-0.036797542	0.0050991294	-0.0006922622	-0.03407484
0.010232859	0.023432132	0.015077104	0.04199655	0.07120774	0.055638853	-0.049347226	-0.0002668897	0.030345296	-0.041026037
0.05735347	0.039012026	-0.019820027	0.026845336	0.004113368	0.0013872521	0.01086073	0.006403522	0.021613272	0.04002168
0.043385193	-0.025824599	0.022391068	-0.018864729	0.029241838	0.024453005	0.045187593	0.009464091	0.023968011	-0.006853342
-0.048689514	-0.078742474	0.061728984	0.004093988	-0.07731941	-0.025870452	-0.022590134	0.016571604	-0.027605109	0.024008093
0.0138348015	0.0273785	0.03190784	-0.03598402	0.034615673	0.003978606	-0.044419814	-0.013527493	-0.04000358	-0.036309116
0.02033928	-0.023541838	-0.02215892	-0.0049965736	0.040245038	-0.02147111	0.053030934	-0.020739144	-0.04255663	0.048317604
0.027182054	0.059351914	0.012705848	0.026723785	-0.021990238	-0.0101420805	-0.027826471	0.0059749587	0.041499663	-0.047078945
-0.01382199	0.025642654	-0.019280992	-0.041581508	-0.00039741473	-0.025356866	0.011059611	-0.008669893	-0.04677225	-0.007183115
0.027080763	0.0064640003	-0.022984477	-0.01404508	0.009752858	-0.0069290507	-0.04855289	0.012798355	0.0019231255	0.033106025
-0.011039537	-0.03273978	0.036271326	0.012244443	0.010920424	-0.046004493	-0.021573622	0.0089733945	0.028630883	0.026163291
-0.062057473	0.028820002	0.024828825	-0.023823675	0.006150458	-0.0013775397	0.030705038	-0.03338787	0.024737235	0.01567962
-0.039479457	0.039284255	0.006416683	0.038457535	-0.029776212	-0.010809836	-0.03187928	-0.00941007	-0.03819694	0.016896361
-0.010010115	-0.016835727	-0.018579956	-0.03765517	-0.02308706	0.050579827	-0.036322966	-0.037387066	-0.038760636	0.015749648
-0.012733411	0.004739103	-0.014296718	-0.0514927	-0.03046102	-0.04686852	-0.011222887	0.047005158	-0.04486742	0.028923394
0.004585008	0.024573917	-0.013745762	-0.022203146	0.021532185	0.041079145	0.0283209	0.02964252	0.061296713	-0.021163505
0.05135823	0.022880342	-0.080439866	-0.0065255193	0.038594674	-0.0003893492	-0.02155742	-0.024215149	0.058248296	-0.017664567
-0.013354584	0.0174755	-0.058387723	0.008749608	0.055753022	0.0021798548	-0.017537491	-0.022759458	-0.030638168	-0.045953374
-0.00928771	-0.04255196	0.04102107	-0.028107647	0.021312071	0.00022113	0.0078733815	0.04457058	-0.023358924	0.04032
-0.019924419	-0.0714672	0.035498194	0.015424024	-0.020555768	-0.054879613	0.020109907	-0.009777488	-0.07534942	0.011562727
0.005212563	-0.06188244	-0.030311923	-0.060084023	-0.00064045936	-0.05867008	-0.02402308	-0.00540464	-0.026551884	0.040078674
-0.017010743	0.010987889	-0.043847427	-0.013567649	-0.037354954	0.03977136	0.025900293	0.03906742	0.024210678	0.024253024
0.03566733	-0.037291996	0.013498721	0.042989317	0.010542146	0.044234827	-0.040007424	0.006834069	0.029653857	-0.013626216
0.008520566	-0.025065346	0.0069343303	-0.05960296	-0.01564067	-0.065521404	0.010829848	0.052140772	-0.024594354	0.03033641
0.0024283042	0.008820826	0.02964481	0.0331794	-0.022201253	0.004965496	-0.049798947	0.006875013	-0.0009526347	-0.00760741
0.036611177	-0.03381753	0.018984906	-0.035083674	-0.04970019	-0.054022685	0.019015688	0.0097587	0.02255172	0.01966475
-0.042198595	0.01886204	0.02364219	-0.014907557	-0.036349494	-0.01605817	-0.0006661338	0.06351678	-0.040345825	-0.0017873092
-0.016698109	-0.029061504	0.0019699805	-0.0010535854	0.015614252	-0.02464641	-0.044021953	-0.041661553	0.038254865	-0.024842849
-0.036915995	0.05078492	-0.024611717	0.0140262805	0.019665157	-0.03054814	0.00789658	0.04413222	-0.0014947832	-0.01232948
0.059455775	-0.01371623	-0.017258555	0.018745907	0.075598836	0.0021462252	-0.07580669	-0.01199715	0.01662347	-0.03902693
0.058227867	0.07423652	-0.021480305	-0.0087679	0.07001246	0.05800982	0.029724834	-0.07603177	0.015113183	-0.01441911
0.07505826	0.037071094	-0.06355259	0.016302003	0.06397143	-0.018063333	0.0369767	-0.0075104395	-0.0073598977	0.001413553
0.04191072	-0.038425215	-0.009078852	-0.0028883396	0.040471517	0.010293369	0.011918477	0.002550318	0.030474447	-0.019412152
0.043530576	0.03000862	-0.0010507501	-0.017229998	-0.00014621149	0.031230893	0.04909045	0.012082989	0.021825088	0.017449005
-0.0078046676	0.021722365	-0.034390207	0.015272899	-0.024784854	0.045660164	-0.012433346	-0.040538654	0.036991775	0.0026824675
-0.04056202	-0.059398476	0.03597778	0.038321808	0.0069828834	-0.004149123	0.03848009	-0.031446476	0.022657499	0.0347228
-0.005433685	0.009458264	-0.045619152	-0.016038315	-0.006485871	-0.010543547	-0.05031279	-0.030000484	-0.019925155	-0.033933494
-0.041866664	-0.011841799	0.019449038	0.020016605	0.036413725	0.02178408	-0.0131093	0.015839707	0.0027020825	-0.027948227
-0.00060634955	-0.0035138568	-0.04006924	-0.025228025	0.037691377	-0.023697186	0.037936743	0.0022416238	-0.010155424	0.010629997
-0.006463223	-0.02318366	-0.026391722	0.013946024	0.038068265	-0.032561433	-0.0037168544	-0.027163196	0.043111604	-0.05408568
0.0031657286	-0.003407106	-0.03322516	0.023332892	-0.024778586	0.044503853	-0.030859733	-0.039907236	0.064960144	0.004395692
-0.014567623	0.010280248	-0.014561958	-0.024535548	-0.013094507	0.036514495	-0.060260557	-0.014258051	-0.0032577282	-0.02452926
0.011854323	0.0119288415	-0.03898383	0.055789985	0.05751042	0.056875776	0.013099565	0.024253616	-0.0027002972	-0.008640337
-0.020493284	0.076418586	-0.054852314	-0.020624558	0.060350318	0.036044437	0.028623033	-0.06745848	-0.007874778	-0.049817298
-0.017439945	0.036039215	-0.0044311546	0.019612791	-0.025875151	0.026113862	-0.0040611546	-0.03117146	0.014548965	0.013783415
-0.036952686	-0.0010165023	0.020052213	-0.004522864	0.015133822	-0.05224755	-0.011730228	0.043100208	0.017143205	0.026258664
0.04609834	-0.0027929223	-0.05018081	-0.02638202	-0.030621188	-0.036596898	0.012187816	-0.028659014	-0.036658082	-0.048493832
0.009928096	-0.044829365	0.04860589	-0.049473166	-0.049805116	0.015900832	-0.023137305	0.010545617	0.021092106	0.012930424
-0.038974557	-0.0018987136	0.029586365	-0.014484322	-0.027686983	0.015529581	-0.03400064	-0.02789538	0.03653533	0.0037865308
0.003581867	0.058968395	-0.042235885	0.043997876	0.056308124	0.021066567	0.0048506213	0.018136734	0.03881391	-0.0265323
0.051753234	0.0025181135	-0.05600903	-0.019255187	-0.026429199	0.046577595	-0.031514574	0.02767753	-0.038663317	0.020454593
0.010840772	-0.01675724	-0.048702754	-0.02693489	0.028992025	-0.01894916	-0.046676356	-0.030494688	-0.00021471783	-0.008883711
0.0065553575	0.020811278	-0.006258113	-0.019865975	0.009729161	0.054849442	-0.03590889	-0.027400544	0.06618866	-0.008269371
-0.030304434	-0.028466646	0.014014143	-0.017448157	0.0474799	-0.035669573	-0.034475915	0.004563855	0.037751548	0.0046812724
0.06715046	0.023642316	-0.013371555	0.024402184	0.0035208517	-0.015014918	0.020410681	-0.040239908	0.041054457	-0.071771495
0.036259342	-0.027471097	-0.03237121	0.008058652	0.0439637	0.03823786	-0.006244827	-0.018324774	0.039956357	-0.026896957
-0.04053461	-0.030967213	-0.0022543666	0.021450493	-0.007172331	0.0075622797	-0.012480351	-0.015134304	0.021218251	-0.031432115
-0.036539465	-0.033959165	-0.0070270365	0.025088497	0.0406423	0.057952896	-0.0098492475	-0.028293468	0.029946053	-0.007767793
0.064704634	-0.018018294	-0.058523882	0.024857054	0.008479369	0.026898362	-0.047482383	-0.077663705	0.0077706063	-0.0682391
-0.057118196	0.018414006	0.019824686	-0.05398366	0.0055412333	-0.033934876	0.06354488	0.010322454	-0.015143778	-0.0024242208
-0.026359916	0.009733756	-0.01139807	0.010364594	-0.0047492613	0.024565574	-0.02795283	0.037041884	-0.0022798867	0.019790076
-0.027028818	-0.0047239363	0.06121462	0.017277194	-0.04778063	-0.015818382	0.01038554	-0.02214566	0.02511364	-0.013611998
0.02079903	-0.015882002	-0.025107536	-0.040624324	-0.0054728882	0.013758136	0.047849506	0.06124822	0.008779725	0.02116645
0.049177878	0.03833475	-0.05535443	-0.029733364	0.05110452	0.025275122	-0.041674778	-0.0151776	0.03553709	-0.066632
0.013688068	0.032112464	-0.00426733	0.008957723	-0.037133183	0.01894218	0.04123892	0.04919504	-0.020841861	0.056553956
-0.05867234	-0.0059737936	-0.00981422	-0.019861994	0.003204978	-0.03949555	0.05469918	0.07762865	-0.055678077	0.0076612784
0.049734544	0.011274501	-0.050097458	0.068142176	0.02452683	0.059828527	0.030648926	0.00052730454	0.06408055	-0.031374108
-0.0541625	0.0008549993	0.033750482	-0.028197082	-0.020887231	0.016602108	-0.012013028	-0.04110126	0.03147365	0.01931138
0.033093907	0.018472359	-0.030674456	0.018752756	-0.016345939	0.025087196	0.015184855	-0.062000997	0.027879473	0.027731871
0.0528767	-0.037223116	-0.058788225	-0.013640573	0.028832106	0.009191019	0.030505048	-0.05050029	0.04807349	-0.013692546
0.013133905	0.0058607445	0.052979898	0.02176611	-0.028582556	-0.058671992	-0.006440593	-0.028317057	0.014444431	0.048187684
0.028803634	0.03875123	0.048157938	-0.021602176	-0.046576325	-0.025007118	0.028087769	0.053805154	-0.007887826	0.047556654
-0.015497076	0.048466407	-0.04365136	0.042526726	0.05271808	-0.025150957	0.004850414	-0.0521968	0.04733887	0.038608175
-0.03016024	0.010729858	0.060910046	-0.078327216	0.014665028	-0.03189475	0.028859729	0.07942308	0.015717935	-0.0013706756
-0.042341374	0.00810838	0.02802161	-0.049318645	0.009223355	0.02325607	0.034156024	0.03882247	0.020850971	0.030192606
0.016706849	0.04599074	-0.0144425165	-0.0035866732	0.026567813	-0.015104325	-0.03124772	-0.020762103	-0.022998499	-0.044730846
-0.049866006	0.001912738	-0.017003685	0.021178622	-0.009203746	0.011950053	-0.0359289	0.032545026	-0.01541231	0.017084327
-0.01318025	-0.027513184	0.0451899	0.030546734	0.012483394	0.021201057	0.042990576	-0.04338399	-0.008843645	-0.017518096
-0.01587906	-0.028020522	-0.035896547	0.037538998	-0.007793622	0.05213801	0.054847796	-0.04102542	-0.043018255	-0.037144415
0.0029216642	0.016535198	0.004973526	-0.029076725	0.04068076	0.014000302	0.029188769	-0.036424056	-0.033728033	0.017904365
0.00079734257	0.019439427	-0.036761183	0.040389188	-0.015124896	0.030638581	-0.04224833	0.037499346	0.02858647	-0.014647082
-0.0008880017	-0.010994942	-0.061970536	0.071803	0.06912529	0.055881385	0.004085999	0.003948466	0.0017831381	-0.06400815
-0.009436017	0.029446173	0.014740939	0.058007583	0.04617964	0.04769218	0.031860005	0.01945362	-0.0005691442	0.016283557
0.018056937	-0.017799454	-0.03824744	0.026936173	0.058622774	0.01676039	-0.059156857	-0.0014617838	0.056267973	-0.029812507
0.0007366069	0.04722282	-0.058328055	-0.017970597	0.044196185	-0.029870307	-0.044821795	-0.0414697	-0.0146231195	0.036864754
-0.0051413495	0.008997322	0.027262377	-0.06478664	0.01893151	-0.05458152	-0.012426709	-0.023291513	-0.032588597	0.049529806
-0.076624885	-0.06955888	0.05439114	-0.023821246	0.008098959	0.0037654547	0.057248265	0.06520804	-0.036921658	0.049301796
-0.0609114	-0.004489179	0.001879736	-0.0349969	0.012923087	-0.041329574	0.02013898	0.003419052	-0.06201287	-0.006525527
-0.012274603	0.052737493	-0.042897206	0.014475156	0.0473787	0.046591457	-0.024924042	-0.05261772	0.024398163	0.034219407
0.029802656	-0.04287506	-0.048589095	0.030374188	0.038616206	0.032963283	0.020281237	-0.04134259	-0.01436032	-0.009606399
-0.025340308	0.03036888	-0.0281582	0.023630809	0.017399363	-0.039351013	0.022943582	0.0564223	0.0010993854	0.05031621
0.016836042	-0.018681655	-0.024713507	0.03816572	-0.013432533	0.064493045	-0.056908477	0.021192893	-0.022843167	-0.0575175
0.053724896	-0.035726454	-0.017033773	0.032501463	-0.038188558	0.003000519	-0.010465942	-0.02845045	-0.0149783	-0.039856043
-0.0105878385	0.00030058526	0.018755592	0.07404032	0.0148004005	0.0045861914	-0.061547115	-0.02133953	0.008554571	-0.01695632
-0.016126107	-0.033008102	0.036605522	0.02695502	0.02592408	0.03336412	-0.010433145	-0.040414777	0.0049664476	-0.011657755
0.0065299305	0.0654691	-0.014177927	0.028626256	-0.012751036	0.05811674	-0.020243414	-0.0644769	0.024453437	-0.0058566085
0.021754803	-0.026765337	0.036016405	-0.029010644	-0.04965652	-0.055806965	0.039562464	-0.035801977	-0.008020612	0.010703935
0.050665177	0.0031106402	-0.020267203	0.043023568	0.04708803	0.026867548	-0.0008599154	0.038003292	0.004171291	-0.022426229
0.002724682	0.034792688	0.018185364	-0.014300092	0.033085052	0.02077703	-0.024129188	-0.014911238	-0.01816723	-0.037906017
0.041139346	0.04989056	0.008993663	-0.0201393	-0.0077724247	-0.033539347	-0.051869523	-0.038838875	0.042131927	0.02537163
0.009521244	0.009839712	-0.010375234	-0.037140913	-0.038602702	0.018279837	-0.027331067	-0.0032754105	0.048054133	-0.044993047
-0.007373081	-0.048645142	0.05777101	0.015791072	0.0030887905	-0.048760593	-0.030780453	0.044653878	0.018831484	0.018136805
0.048541028	0.049852423	-0.01943081	0.007638456	0.010037602	-0.017781107	0.0363329	0.030097859	0.044077683	-0.05189826
-0.010556259	-0.04574932	0.052604817	0.021446018	-0.0450685	-0.010519269	0.0568612	-0.017352598	0.026247296	0.03975093
-0.013916268	-0.0273357	0.0009802505	-0.040292606	0.0052585136	-0.00057371386	0.060034055	0.058938216	0.007988978	0.0318612
-0.010771525	0.00881739	-0.042880155	0.028560596	-0.04203852	0.0036340258	-0.008858494	0.05538095	-0.04737946	0.005946975
-0.016675867	0.03282454	0.015692083	-0.047010835	0.032540865	-0.024584973	0.005683615	0.051234834	-0.020694492	0.022720853
0.004506375	0.042340323	0.02423536	0.0050389636	-0.032703333	-0.039908633	0.0024549526	-0.03289186	-0.013120283	-0.03868493
0.03377837	0.043763343	-0.010699441	-0.011653953	-0.019860804	-0.0152342385	-0.03147971	-0.013828654	0.01908349	0.027043605
0.036958974	-0.023229042	0.032430287	-0.029503673	0.03803324	0.013812354	-0.015347114	0.03231453	0.027617564	-0.02442424
0.009234349	-0.03892573	-0.03843936	0.014306458	0.03535529	0.011128365	-0.002431424	-0.032880504	0.010210441	0.016689198
0.019022455	-0.0035440472	-0.0015069582	-0.048151728	-0.016421856	0.03625278	0.047899637	-0.008023531	-0.02138743	0.06201315
-0.030485597	0.019386528	0.005923528	-0.011398298	0.0064349757	0.047998767	0.03594142	-0.050158665	-0.003616286	0.0020838438
-0.019991625	0.046435177	0.023808356	0.0015598994	0.0036775267	0.0026422522	0.04959088	-0.018094832	0.027466219	0.0054534595
0.017672315	0.029943112	0.04029676	0.025183054	-0.019622218	-0.037418522	0.00404781	0.011185815	-0.018523635	0.059531827
-0.008373165	0.002745344	-0.001231355	0.0033642475	-0.03957541	-0.025966045	-0.03409602	0.038684554	0.006031765	0.044888355
0.035139143	0.013791069	0.017218528	0.023362687	0.00984537	0.0106822215	-0.0066575008	0.0018088098	-0.05762065	0.040526617
0.041215017	-0.02219727	-0.049807165	0.055914342	0.010444709	-0.027624346	0.033774946	0.011312007	-0.001511851	-0.047714945
-0.0055318796	-0.049327344	0.046397384	-0.011323102	-0.0039010728	-0.038534023	-0.015030372	0.03888343	-0.009526795	0.019520046
0.06755176	0.06209768	-0.07819436	0.034584243	0.063936375	-0.005913568	-0.057919588	-0.055861752	-0.013064542	-0.046453178
0.0243374	-0.051794667	-0.025226109	-0.030568996	0.044882778	-0.014316606	0.012400023	0.034629565	0.043571625	0.04086099
-0.0056837955	0.019109901	-0.0034276748	7.713571e-05	-0.059527878	-0.021928854	0.05872204	0.03180227	0.017159794	-0.010704372
0.008064567	0.013994936	0.052487522	-0.0024054525	-0.033104803	0.030990671	-0.029886896	-0.042408638	-0.035418164	0.008375298
3.181833e-05	-0.031676766	-0.025462205	-0.018658916	0.035649	-0.039274007	-0.000822068	0.04164273	0.030954465	-0.000596612
-0.04807517	-0.053704698	0.01931502	-0.051272187	0.0018299456	-0.021524927	-0.030539984	0.058789812	-0.048879124	0.023114156
0.060268648	0.008434805	-0.0029196981	0.020330235	0.039699357	-0.013412913	0.05004077	-0.051039632	0.031688377	-0.011958495
-0.05798625	-0.06323339	0.01976575	-0.05665981	-0.017824264	-0.019304622	0.05073191	0.018803518	0.008652182	-0.021916457
-0.040849913	-0.030514799	0.0299809	-0.052898947	-0.024279792	-0.015262525	0.038503375	0.0149364825	0.0040262938	-0.022002025
0.022054525	-0.013445817	0.05629726	0.0077591725	-0.009272114	-0.033305675	0.0065234033	0.032613337	-0.017408818	0.030577986
-0.047463812	-0.00652254	0.029433345	0.023779504	-0.05126186	0.00046393528	-0.03642793	-0.027053433	-0.05834853	-0.008519098
0.056483973	-0.029403286	0.030087084	0.051313825	0.014775739	0.01553503	0.0007714825	-0.031848587	0.023362894	0.008378094
0.06958706	0.020458506	-0.052789226	0.018706633	0.039677277	-0.012903549	-0.02754888	-0.024594883	0.014282079	-0.039916687
0.039827824	0.056728225	-0.03461938	0.05305494	-0.033119135	0.017141152	-0.01098005	-0.010362014	0.029483797	-0.0017481038
-0.00040059342	0.007666071	0.019384228	-0.023705166	-0.021511883	-0.0056208395	-0.029128568	-0.025146252	0.0016614662	-0.020728054
0.03533725	-0.05408932	-0.007248031	0.009625153	0.03416934	-0.024611348	0.042846378	0.025794273	-0.05589348	-0.017141597
0.005547202	0.06568392	0.012463175	0.028312398	0.015536177	0.056714777	-0.049127784	-0.031188183	0.0072311196	0.021989187
-0.014233482	0.034935314	-0.019634351	0.041755017	0.019317102	-0.02460216	-0.007328802	-0.016193582	0.007957278	-0.038367745
0.04358633	-0.013004332	-0.010451154	-0.007812901	0.031870842	0.060913444	0.045704488	0.0146787185	-0.021176387	-0.00019308951
-0.041271627	-0.0068226354	0.042659335	0.016059157	0.0025513903	-0.021324806	0.027104279	0.0009565908	-0.015994098	0.045164216
0.002512098	0.012246679	0.023271034	0.018726917	-0.038050294	-0.05546645	-0.026026541	0.0022679367	-0.0013714038	0.043112114
-0.0010886741	0.040099125	-0.04753372	0.03515048	-0.03477053	0.010113602	-0.0238391	-0.043282215	0.029282976	-0.026206851
-0.019928211	-0.028343596	-0.018752394	0.002658226	-0.06629374	-0.06811332	-0.021150334	-0.009896798	0.024425337	0.005115226
0.018128872	-0.025269844	0.015945707	-0.012774461	0.007869511	0.0047361986	-0.016656777	0.039506394	-0.032132637	0.015579572
-0.038082216	0.020287016	0.02075048	0.02628184	-0.049060773	0.032335088	0.014139954	0.06641654	0.031947725	-0.02300133
0.045276918	0.029943656	-0.046794016	0.026571468	-0.009589955	0.0081245545	-0.010255833	0.022807024	0.0055128178	0.0053341417
0.011241401	0.022452714	-0.018409364	-0.023051647	0.02047691	0.03338975	0.019884264	-0.048109565	0.039819583	0.016513946
-0.0029770357	-0.04340318	-0.009113763	0.030770117	-0.03441924	-0.011363898	-0.027890107	-0.012186388	-0.010866424	0.04068093
-0.00328494	-0.023979418	-0.027810646	0.060242742	0.05599492	0.020471606	0.024406105	-0.011421574	0.012059254	-0.052260198
0.053760454	-0.016855901	-0.012522403	-0.015501444	0.024455734	-0.0045450153	-0.011434466	-0.05558454	0.043338947	0.0020729618
-0.075354114	0.015607239	0.044880826	0.002572461	-0.048984144	0.0021251915	-0.008806452	0.051370442	-0.030927006	0.0067279493
-0.0037371707	-0.011703814	-0.06349816	0.0068045096	0.061375238	-0.011935333	-0.050836153	-0.050106723	0.06416657	0.005852345
0.026091762	-0.0012830648	-0.02164704	-0.0068665035	-0.051230118	-0.011149991	-0.0036318179	0.031306285	0.028766915	0.03094309
0.0046809176	0.050683446	-0.06652667	0.0007580772	0.022288326	0.060502246	0.0092424415	0.0059173796	0.053444833	-0.01029311
-0.056813765	0.016818944	0.060564462	0.012124762	0.0022433992	-0.028810052	-0.00088882435	-0.018331796	0.0012637719	0.0044314186
0.054408126	0.029681807	-0.026958304	0.04898342	0.02143866	0.009784459	-0.050915	-0.065383665	0.053383432	-0.06316869
-0.011823921	-0.021465335	-0.017730132	0.0279161	0.05030851	0.042795666	-0.025942948	0.022043755	0.032366794	-0.0717318
0.032637082	0.039580382	-0.010308758	-0.02378271	0.02465638	-0.05046612	0.0013540951	-0.002023808	-0.029900739	0.0038185176
-0.018263435	-0.054836746	0.030210897	0.045479484	0.021983134	-0.011134278	-0.018576017	0.0014662646	-0.022482544	-0.02625791
-0.043996323	-0.028670905	-0.03607751	0.033296518	-0.056976136	-0.016252588	-0.03381767	-0.00916894	-0.028146839	0.017902693
0.010486903	0.055614192	-0.035472002	0.049280845	0.029641371	0.060783833	0.019550454	-0.05255495	0.055493023	-0.034970563
0.010283211	-0.03696893	-0.0096024675	0.009033232	0.00455132	0.009069383	0.04174022	-0.045799553	-0.018063564	0.017093876
0.04687165	0.053931277	-0.025249261	0.010103353	0.035785165	0.012711329	-0.030714542	-0.03285199	-0.0048630917	0.0021129267
0.021619517	-0.007031524	-0.014100946	-0.05130322	-0.042375803	-0.04031583	0.04999639	0.037018366	0.009645547	0.055787064
0.005863397	0.02961602	0.018756172	0.055517938	0.035106633	-0.007714127	-0.025221873	-0.046742987	0.039019153	-0.04434315
0.024058899	-0.027516099	0.011531291	-0.03155637	-0.05766835	-0.06604159	0.042879764	0.0022144548	-0.021941787	0.03545999
-0.02273155	-0.05401458	-0.026497679	0.020519678	-0.059052404	-0.06318265	-0.026488071	-0.0033466574	-0.01736626	-0.0024914853
-0.008769186	-0.0030001567	-0.026061457	0.017655106	0.015311679	-0.03640877	0.05532457	-0.025386179	0.030176908	0.022691075
0.025300717	0.014757143	-0.03781802	0.014080891	0.016095161	0.027670553	0.006830897	0.043779153	-0.0019880582	-0.033240747
-0.0120613035	-0.004896243	0.01972414	-0.014075788	0.035297472	0.057474628	0.014565118	-0.034217723	0.010457657	-0.031635452
0.019163277	0.007659621	-0.0008952972	-0.0035249009	0.023899915	-0.033633288	-0.03771221	-0.04502121	0.03308229	-0.053838424
0.012167895	0.008497045	0.020773038	-0.030672291	0.032509293	0.0063679456	-0.0102774445	0.013801785	-0.008640736	-0.0016851653
0.0144863445	0.02859604	-0.01577705	0.025654428	-0.01420359	0.021460194	-0.06293466	-0.07156398	-8.022828e-05	-0.0140604
0.023374315	-0.0026885099	0.0055267946	-0.0052142097	-0.028373778	-0.040530737	-0.018293466	-0.030241542	-0.04667138	-0.017494615
-0.06467193	-0.031683695	0.06259588	-0.021421062	-0.066807255	0.018141609	0.03294098	0.051464617	-0.004041372	-0.024087973
0.0035717508	-0.0059910147	0.023225114	0.03616469	0.0058138953	-0.053976774	0.016910085	0.039471768	0.03183051	0.04164682
0.032310642	-0.03663165	0.053182416	0.03478566	-0.020039538	0.001876337	0.010422664	-0.0034571192	0.031759676	0.03152534
0.0015608717	-0.029311718	-0.019323673	-0.010476614	-0.033851143	0.00073892425	0.04017259	0.061152034	-0.03265938	0.064679444
-0.07183537	-0.043833774	0.033774383	-0.0537212	-0.06487441	-0.03690314	0.014269797	0.03931755	0.021360742	0.015932506
0.012020054	-0.03325036	-0.011672512	0.0050447574	0.049410537	0.010017575	0.037666302	-0.0021934267	0.03334007	0.00017649923
0.043770727	0.0071159108	0.014045092	0.014771445	-0.022811517	0.047964983	-0.013532004	0.045764055	0.004727853	-0.03701669
-0.020867355	0.042531032	-0.0143313175	0.039009925	0.0041138087	0.073889226	-0.038508948	0.017809955	9.831414e-05	-0.0038653759
-0.019289076	-0.044447962	-0.03239464	-0.011279781	-0.033086296	0.01448084	0.011482488	-0.007916694	-0.00046121803	-0.009417586
-0.031101825	0.027658096	0.030745277	-0.05668033	-0.018079767	0.031786118	-0.030495366	-0.036949042	-0.010182827	0.033976633
0.009591418	-0.018550603	0.008786572	0.0441697	0.056928836	0.024598835	-0.01884956	-0.030704474	0.05261716	-0.03442718
-0.027200136	-0.05529719	-0.0022643034	-0.004637075	0.026260674	-0.030605718	-0.022135567	0.0014513507	-0.048023287	0.022708554
0.024380773	0.025005056	-0.013300165	-0.0052061686	0.022989286	-0.0050545465	-0.019924985	-0.024586432	-0.041645445	0.020870218
-0.013052879	-0.042355064	-0.02664923	0.0002482321	0.029356932	0.038999353	-0.022995105	0.049194142	-0.008635988	0.018562306
-0.028838538	-0.05999322	0.007952999	-0.013338849	-0.0063347504	0.028607428	-0.037473038	0.049239986	-0.010578152	0.022721231
-0.044696312	-0.023493802	0.049394164	-0.041222606	-0.06874181	-0.013161489	0.016480157	0.017863888	-0.01585095	-0.00032328154
-0.066454306	-0.013059433	0.030875437	0.022987511	-0.0034666234	-0.054077357	-0.006261623	0.021155799	-0.057953876	0.04300867
0.031212503	0.07181235	0.019093685	0.07015575	0.054434124	0.017898617	-0.022517214	-0.07851709	0.06103336	-0.040131312
0.016344195	0.00728147	0.036249254	-0.048747465	-0.049558207	-0.042556744	-0.00653015	0.07038385	-0.06392376	-0.005103913
-0.031190494	0.013402257	0.016447242	0.043943916	0.05823217	0.0028947927	-0.0134370085	0.015949156	0.0021547324	0.009226994
0.039231177	0.023395473	0.023348734	-0.037732728	-0.027893294	0.056682885	-0.004255766	0.036790226	-0.030215489	0.0049112546
0.061797056	-0.030765567	-0.028489644	0.030888785	-0.035900015	0.021304691	-0.008057557	-0.0130567085	0.00781074	0.0063708113
-0.00013633612	-0.010523133	0.045598578	0.009292469	0.0102209225	-0.015356064	0.0032154657	-0.011398685	-0.0069394917	-0.0106101
-0.0063293437	0.019840768	0.032782324	0.007725067	0.016506149	-0.0332657	-0.007149248	0.010734276	-0.044272184	-0.0110334465
0.017287338	-0.002094487	-0.015219769	0.008079094	0.0018119328	-0.0067799306	-0.050846346	0.010196383	0.03019304	-0.05252726
0.038405754	0.027971243	-0.018369706	0.015200247	0.05830567	0.041957755	0.0016689253	-0.053336233	0.022008615	-0.01813487
0.018089082	-0.03141588	0.03729925	-0.005904451	-0.056992862	0.0059360107	-0.022176951	0.029799972	-0.0077738184	-0.025506075
0.052052654	0.00876381	0.009153511	0.047127645	0.03276966	0.020512015	-0.03433864	-0.03995511	0.048090063	-0.03527227
0.046563085	-0.031773422	-0.020755466	-0.015372539	0.0005074779	0.031505574	0.03481563	0.017287698	0.041879624	-0.017453698
-0.04488743	0.03268212	0.02724196	-0.031844743	0.034240566	-0.0028475767	-0.012687559	-0.024846187	-0.0046687117	-0.008067676
0.01942458	0.0121836485	0.03611871	-0.0038291677	-0.013248723	-0.0380782	-0.038708765	-0.00921242	-0.059654646	-0.034824673
-0.046393614	-0.04399131	0.031371612	0.036035106	0.002123923	0.018562397	-0.04632695	-0.01999619	-0.01437637	-0.037370443
0.021771805	0.04293039	-0.051122334	0.024470966	0.0017195687	0.00476695	-0.033905942	0.0002063347	-0.0016559468	0.022577446
-0.00989293	-0.032545943	-0.023324141	0.0021951748	-0.0068587693	-0.049093645	-0.016351538	0.01719948	-0.010013196	-0.03391055
-0.007914909	0.057055138	-0.04758444	0.040328603	-0.03345647	0.050185703	-0.01629465	-0.0027913707	0.028148277	0.027351366
0.029886818	-0.029858062	0.034140777	0.01619761	0.05602518	-0.013365127	0.015589341	-0.0053120386	0.045711435	0.03217581
-0.038259763	0.0052790884	-0.040891953	-0.0008957484	0.04789801	0.004233828	-0.0066827056	-0.0101631945	-0.014287482	0.024146162
0.019328741	-0.027186463	0.0062832716	-0.00671155	-0.032346163	0.03564433	-0.044802222	-0.031725455	-0.044716977	-0.024987059
0.03950405	-0.021919122	-0.030298281	-0.035175756	0.027405243	-0.031219637	0.021981267	-0.024475321	-0.010993885	-0.04257137
0.014376569	0.04529503	-0.00093219354	0.032171763	0.027291032	0.019919375	0.026163641	-0.017289586	-0.0020470857	-0.057776276
0.033008896	-0.034444053	0.037264872	-0.021009635	-0.032335658	-0.0205085	0.004555105	-0.027736753	-0.013868027	0.0050624358
-0.013088586	-0.026309766	-0.014243184	0.044187967	0.008187968	-0.023843063	-0.021552341	-0.040777113	0.016738674	-0.028062232
0.024102699	0.059178703	-0.05481456	0.032631785	0.07776886	0.075286485	-0.0148843	0.016310146	0.07650737	-0.01610079
0.0073277303	0.013995123	0.002008468	-0.044892695	-0.01931181	0.025543446	0.03506291	0.060231797	0.00968843	-0.025007501
-0.05906303	-0.007213577	-0.019549914	0.002218927	-0.026352765	-0.05403859	0.012828551	-0.036445457	0.011969099	0.028292114
-0.004885538	0.020264432	0.013604707	0.04195347	0.038237114	0.0135169625	0.027187416	-0.03500128	0.011905798	0.0010690024
-0.006489047	-0.062332083	-0.015495309	-0.005448953	0.006537913	-0.054746453	0.013943021	0.03156406	0.023008961	-0.026850525
0.012098031	-0.009962565	0.011357749	-0.037855193	-0.010636252	0.0104847895	0.050915122	-0.038770568	0.017405892	-0.008493543
0.038236838	-0.0023945982	0.0448401	-0.0047882646	0.031609338	0.023204572	-0.023350473	0.0060346206	-0.02626176	0.027632067
0.050877646	0.022725621	-0.004475806	-0.0040094457	0.009860137	-0.003789331	-0.025602946	0.015119177	-0.023052566	0.030463036
-0.059542105	-0.060689904	-0.00653491	-0.045632463	-0.045432635	-0.014939333	0.06634088	0.034547273	-0.057206403	0.0111812325
-0.027189909	-0.022836363	-0.0016477339	-0.005843541	-0.025030155	0.0022301832	0.064651735	0.013871622	-0.04109403	0.037953835
0.020115392	-0.02241926	0.0037496015	0.019897854	0.01678504	0.06200797	-0.024056429	-0.05773112	0.07373796	0.007550364
0.040024515	-0.0205285	-0.03978452	-0.011663406	0.041088805	0.01289163	0.0077405535	0.021485448	-0.024141865	-0.05849918
0.04920592	-0.004435002	0.031432036	0.02569595	0.053886242	-0.014081818	-0.019973792	-0.030248253	0.005715733	-0.035957817
0.0015347253	-0.0016261614	-0.028036054	0.02324709	-0.010110021	0.040936515	0.023863237	-0.006682136	0.027544055	0.016157987
-0.040687077	0.0028006055	-0.036556374	-0.029939927	0.03962725	0.017617382	0.019231642	0.03387036	-0.014106863	-0.00054266775
-0.028702293	-0.011698577	0.02677517	0.005586439	-0.023759017	-0.06837762	0.036788467	0.058880985	-0.050618578	0.06276826
-0.011825568	0.02569473	-0.0016872295	-0.031928126	-0.021421818	-0.03947688	-0.011372762	-0.0149658965	0.04498964	-0.036901113
0.02404052	-0.014985891	0.01601284	-0.018974066	-0.00951735	0.024449397	0.025884947	0.015156872	0.019569837	0.0061272164
0.05571267	0.016123084	-0.030496644	-0.0008873615	0.033711385	0.04333323	-0.0063066776	0.02505267	-0.025123233	-0.052748155
-0.06494731	0.0076742806	-0.023204684	0.0064200577	0.008840944	-0.058216564	0.042534783	0.013440036	-0.050761804	0.008846992
-0.04198775	0.0031470852	0.029419499	0.029936604	-0.0049773827	-0.002163102	0.020598691	0.019709542	-0.0080154035	-0.018016715
-0.035900142	-0.011248118	0.016655974	-0.014451786	-0.0033268076	-0.020278776	-0.039012413	0.036899846	-0.04583559	-0.0049961354
-0.013686738	-0.064914726	-0.0059873713	-0.037533462	0.020176208	-0.05761194	-0.0028873428	0.03980774	-0.009847825	0.066238716
0.005601665	-0.040916145	0.049085546	0.0103687765	0.02748493	-0.050446197	0.053063065	0.0066308524	-0.051061053	-0.0037946505
0.024169076	0.024521152	-0.0033546472	-0.015189807	0.04507023	0.0028011291	0.017699635	-0.0066414643	0.00509453	0.002271216
0.017256826	0.07241292	-0.024090102	-0.014180971	0.033867426	0.0138670085	-0.035516977	0.02406833	0.07273864	0.011615349
-0.0428628	-0.030822443	-0.004911303	0.009377272	-0.049040843	-0.04102947	-0.029066363	-0.030494416	-0.019805217	-0.023475846
-0.030524535	-0.020488208	0.015309855	0.03199542	0.041390333	0.03218648	0.02758808	0.024006873	-0.027890643	-0.027066842
0.03402044	-0.007315638	0.043447725	0.02354084	-0.0046800585	0.032391157	-0.015545937	-0.032031093	-0.06022943	0.04100645
-0.018621795	0.025578775	0.052332595	-0.019146495	-0.007156676	-0.053384576	-0.0036814485	-0.011953065	0.043255597	-0.044091314
0.05204581	0.04791421	-0.0014802626	0.02784203	0.05819735	0.04531701	0.033344157	0.0052276505	0.04851085	0.009020032
0.0036244015	-0.00047731548	0.011843777	-0.021741776	0.025988063	-0.03615167	-0.0451203	-0.004973231	0.0035613007	0.014026768
-0.01713026	0.018954039	0.04201315	-0.02817491	-0.012015745	0.026217483	0.023823947	0.016467404	-0.04001278	0.012952414
-0.0025834718	-0.0099164145	0.03530118	-0.04791511	-0.011854741	0.037349656	-0.025330825	0.042608906	0.021921903	0.00945093
0.016344495	-0.031158222	0.012028698	-0.006701826	0.02343994	-0.008581909	0.0072630853	-0.008041408	0.017825395	0.017698767
-0.018688848	0.04164268	-0.030091673	-0.029852543	-0.0040153125	-0.046999384	-0.040474024	-0.010455101	-0.03455928	-0.0066016666
-0.03926693	0.019314004	0.036295228	-0.046553403	0.028879905	-0.015826503	0.028478907	-0.0071660187	-0.0039925436	0.05903032
-0.00084552437	-0.009146752	-0.043448783	-0.010076398	0.04300418	0.012962794	0.017359387	-0.06168183	0.0094725685	-0.0026275904
0.042704817	0.06079644	0.017031545	0.040473532	0.024055075	0.013300633	0.021358613	0.009352315	-0.022327282	0.015644422
0.010287564	0.030606268	0.04566453	-0.008018605	-0.025788661	-0.05318839	0.04552966	0.027010705	-0.051631626	0.0064589004
0.02331359	0.019049669	0.008111441	-0.04146619	0.033874795	-0.042876653	-0.0038723678	-0.013032667	0.0060527683	0.018687895
-0.00031039125	0.011112533	0.057642817	0.003680556	-0.027673692	-0.037122864	0.031161938	0.060624994	-0.018460883	0.05628851
0.04238017	-0.028845945	0.036006447	-0.018031761	-0.013141519	0.048710212	-0.025241353	-0.0022359323	0.014658479	0.004138989
0.058008283	-0.020178704	0.0016847013	0.029469322	0.0455573	-0.013965757	-0.007648979	-0.054278754	0.040513806	-0.04302487
-0.034184817	-0.03496499	0.07422138	-0.02651691	-0.048849173	-0.016684316	0.051078293	-0.015896088	0.015304536	-0.009741145
0.02178578	0.015140044	0.04478274	-0.042211074	0.036511406	0.036683585	-0.018095916	-0.029713491	0.03935638	0.026989857
-0.030157393	-0.04418928	0.0027644155	-0.043191038	-0.04324702	0.014312602	0.016029365	0.037322495	-0.0357502	0.054385327
-0.019324955	-0.049733475	-0.03822692	-0.031024082	0.0015566637	0.034499463	-0.0014621395	0.004676742	-0.0061697387	0.0069051827
-0.019785704	-0.02949222	0.017007295	0.020499445	-0.02098676	-0.023850389	-0.0011419002	0.02169542	0.05117987	0.0042598085
0.028366467	-0.02482996	-0.040138077	0.0066350433	-0.027721977	-0.013354746	-0.02059956	-0.047569457	0.031942375	-0.0032735032
-0.036348544	0.015557407	-0.012263597	-0.043625534	-0.0036217012	-0.01259803	0.020091146	0.019546432	0.031183427	-0.015130539
-0.035040528	0.034985065	0.023658495	-0.05936058	-0.010305597	-0.021528097	-0.030801201	-0.034649607	-0.010319879	0.048269816
0.010612187	-0.053080082	-0.022279143	-0.028997187	0.015765382	0.009320471	0.041598495	0.06898376	0.014249079	-0.015640924
0.033129197	0.012629398	-0.003534112	0.012629262	0.044230457	0.020695306	-0.00048631118	0.05538923	-0.044436306	0.010818685
0.040204357	0.012671659	-0.033305008	0.03330104	0.014634536	0.04698535	0.024891408	-0.018072307	0.0038878783	-0.009513706
0.030374065	0.006323456	0.008404666	0.011853804	-0.027189875	0.013112956	-0.057212293	-0.031528655	-0.03670437	-0.03161525
0.014390369	0.053620633	0.020027926	0.026467433	0.0035230399	-0.010678464	-0.035632737	-0.051066298	-0.022723535	-0.029738182
-0.0044021164	0.025734788	-0.031617478	0.0026895888	0.07707425	0.010120315	-0.03785973	-0.067792684	0.030864127	-0.016245607
0.00016242915	0.055312037	-0.05555679	0.014967186	0.016962377	-0.01862744	-0.00138498	0.026815634	0.004372909	0.011683876
-0.020795552	-0.022093134	0.02967847	-0.018856844	-0.016706223	-0.0014324659	0.025325445	-0.05083828	0.052597485	0.030987538
-0.028497534	-0.039130703	0.041861404	0.050806154	0.037439913	0.021043856	-0.03637649	-0.041604195	-0.0013367671	0.04077673
-0.053075977	0.013563819	-0.03349152	-0.049006756	-0.032800768	-0.031655956	-0.011817121	-0.02057602	0.03428874	0.03190557
-0.0495436	-0.033983216	0.052944507	-0.015910476	0.02130853	-0.066749424	-0.011240467	-0.010281257	-0.047516074	0.0643442
-0.07033603	-0.053616524	-0.0051154913	-0.0102429325	-0.03802303	-0.04025787	-0.020284487	0.038829952	0.018019674	-0.025342012
-0.041076913	0.016955772	0.01337926	-0.04694789	0.027303081	0.0027558021	-0.012963844	0.015636496	-0.035956245	0.0035415299
0.0528637	0.034172326	-0.06781106	0.04898363	-0.017926686	-0.01988551	-0.04693405	0.004365944	0.060336046	-0.014443288
0.030240342	0.00839871	0.022721285	0.005643691	-0.026375467	0.019822393	-0.00037708852	0.041132472	-0.037200842	-0.049040228
0.040445276	0.0015450431	-0.032188132	0.032530826	0.0025387935	0.022010775	-0.0015478081	0.01394844	0.06268819	-0.027575191
0.005376997	0.027071837	0.025776042	0.021126103	-0.012150332	0.029487804	-0.022241628	0.007669405	0.018840952	-0.034212522
0.008594212	-0.01567364	0.009427065	0.05976674	0.02917894	-0.025258675	-0.016878722	-0.034627095	0.03070291	-0.019471146
-0.038657308	-0.033568513	0.001637135	-0.05431021	-0.036317922	-0.027885647	0.02288607	-0.036434885	0.036007088	0.05436551
-0.0075502237	-0.046962194	-0.040646825	0.032900374	-0.021809015	-0.0426946	0.028748443	-0.03004707	-0.023473283	0.018487638
0.017205555	0.025651688	-0.04593153	-0.017495243	-0.009275967	0.032395348	0.014251206	-0.026947442	0.017652616	-0.052002463
0.07000197	0.0060244645	-0.063299954	0.053111468	0.06426303	0.03438109	-0.010139309	-0.022677626	0.021503294	-0.06585016
0.022311026	-0.011052074	0.012617229	0.013321292	0.023652665	-0.03039351	-0.039106555	-0.019138856	0.017961517	-0.016716158
-0.058439337	-0.053593967	0.028484657	-0.050243236	-0.043083794	0.023442345	0.031150294	0.030255549	-0.019039126	0.015938446
0.06370219	-0.0031880431	0.01783028	0.03960411	0.060822424	0.053321455	-0.06626381	0.015916958	-0.008976243	-0.06880282
0.007729866	0.00066511106	0.028472187	0.009882049	0.04756852	-0.002866261	0.006320873	0.0001780857	-0.03726732	0.013548171
-0.012011191	-0.019750183	-0.018556355	-0.025218243	0.04287264	0.033979855	0.026706673	-0.035209678	-0.006006835	-0.029006219
-0.024276972	-0.05048858	-0.033461273	-0.0024953922	-0.04517171	-0.0089581795	0.024303922	-0.02686294	-0.04214263	0.0022703651
-0.0595632	-0.01594182	0.042870693	0.021268494	0.011575388	-0.057863202	-0.011282187	-0.014879643	-0.04781444	-0.0050823786
0.048062198	0.015780156	-0.00070018653	0.07459317	-0.004929211	0.056693166	-0.015963394	-0.06026681	0.026845997	0.025575126
0.03151714	0.012155968	-0.03698894	0.0031629081	-0.031546347	-0.017088147	0.005416982	-0.011277153	0.0060921847	-0.034463275
0.04050337	0.026193924	-0.028571181	0.008657545	0.0059682657	-0.021034168	0.00257243	0.041324273	0.020180726	0.006614392
-0.021627156	-0.056939427	0.04969859	-0.02613251	0.028608443	-0.052851204	-0.0054818024	0.050864488	0.024487585	0.042599916
0.056671057	0.04605502	-0.00673792	-0.027619304	0.019519072	0.041862495	-0.042187627	0.013418646	0.059408985	0.01950023
0.012195631	-0.033312436	-0.040286783	0.010751669	-0.028421847	0.028606756	-0.0360227	-0.040303342	0.0064863153	0.0045994665
-0.02483569	-0.0012229645	-0.03882583	0.008172116	-0.021796402	-0.025399972	-0.04230302	0.0031188398	-0.030031336	0.012446445
-0.02544603	-0.070060395	0.035274856	0.024090402	0.02010921	-0.048691817	0.05345011	0.06084072	0.0046163886	0.028921997
-0.046432614	-0.017716829	0.01699962	-0.012056365	-0.056934834	0.010545146	0.0026164353	0.04392233	-0.026821481	-0.017449183
0.0018923199	0.068559386	0.018361073	0.035685576	0.029814603	0.04906623	0.014479425	-0.059438355	0.05241964	-0.04087665
0.034710683	-0.00070172775	-0.005655312	-0.007182058	0.036442462	-0.023246266	-0.020437013	0.032312956	0.030689599	0.051738907
0.05390618	0.009246154	-0.03464072	0.0135401655	0.07313547	-0.017936144	-0.0096868295	-0.056398865	0.0051921504	-0.07081953
-0.0054978994	0.02720735	-0.014711603	0.035173863	0.0062291673	-0.020282928	-0.028306412	0.0013126323	-0.028719377	0.018611861
0.016476717	0.032491338	0.038665716	0.036832493	-0.036633294	-0.0062711006	0.04420269	0.030483566	0.017697336	-0.021521486
0.04888895	0.012707199	0.044993028	0.00018906851	-0.0003163882	-0.037661422	-0.004936361	-0.027380338	0.020973422	-0.043336477
-0.017197175	0.0032816844	0.018047081	-0.016986674	-0.027761513	0.026212145	-0.0035388265	-0.056024976	-0.020001963	0.027796224
-0.0075402926	-0.029208552	-0.02086471	-0.029176706	0.042185	0.007407638	-0.047158957	0.027043529	-0.030666245	0.0028560038
-0.008275851	-0.048563402	0.019190393	-0.057118475	0.0069388202	-0.023888865	0.023914605	0.005401993	-0.038958777	0.06100972
0.01218609	0.04135446	0.03885729	-0.0047037364	-0.04587503	0.035877448	0.053683672	0.01585464	-0.042036045	0.0025713951
0.0118049225	0.0003252444	-0.008191825	-0.004813424	-0.07273617	-0.025316758	-0.014998211	-0.018645637	-0.067049734	0.0081263045
-0.06793252	-0.05072087	-0.009205853	-0.03640573	0.0052055963	-0.039355442	-0.027920345	0.014233213	-0.07374733	0.0045888675
-0.0028757332	0.023046428	-0.03465107	-0.02766451	-0.0043258853	-0.010880866	-0.024376007	0.017836897	0.042506035	0.027964769
-0.03671487	-0.017798973	-0.035502248	-0.028097546	0.032637667	-0.01532058	0.045616176	0.04605143	-0.010018227	-1.0153875e-05
0.037000053	0.0028676616	0.01027373	-0.011525927	0.032951124	-0.044068776	0.0009984099	0.04347045	0.03737086	0.045766894
-0.010324435	0.040645584	-0.053904016	0.009509294	-0.01848464	-0.022170767	0.035377126	0.019659948	-0.0008688364	0.03170734
-0.042926986	0.023580158	0.03823203	-0.0208485	-0.0266981	-0.009290793	0.012195887	-0.0017724846	-0.014632304	0.043816283
-0.035449617	-0.01506454	0.00014566259	-0.0045549665	0.014729651	-0.0063160234	0.01392969	-0.051356442	0.0010872215	0.024934487
0.009081054	0.022772571	0.052177757	0.004128292	0.01231517	-0.036402736	-0.028630625	-0.020931736	0.019018473	9.355963e-05
0.037246067	-0.018212497	-0.015844248	-0.059603006	-0.014469606	-0.03202109	-0.028021414	-0.010208402	0.01209715	0.008816877
-0.021500241	0.013830783	-0.034065288	-0.010491871	0.06268076	0.06441535	0.02904325	-0.06268232	0.029969893	-0.068917066
0.048481908	0.03343797	-0.007893802	0.030591717	0.031959113	0.036229353	0.018309157	-0.0005281526	-0.027824461	-0.030504724
0.0153458305	0.024478208	-0.023231274	-0.0051240926	0.0149975475	0.052647788	0.015865402	-0.040808633	-0.010121851	-0.038775817
0.013268835	-0.0013764933	-0.033472855	0.022896908	-0.013014686	-0.046429142	-0.011092415	-0.023575392	0.013865342	0.04131028
-0.061794776	-0.01623058	0.07233771	-0.029957892	-0.022102004	-0.061269958	0.050166626	0.061853606	0.022481285	0.05157087
-0.036966465	0.052486256	0.030789837	-0.028667666	0.053769477	0.033682477	-0.04497852	0.030468728	-0.0019135803	-0.015872955
-0.008287969	-0.06885578	0.042820502	-0.041999605	-0.011094845	-0.018260045	-0.00790763	0.00940803	-0.024574298	0.03916623
0.063096404	0.066594884	-0.0039481255	-0.026677823	0.013834471	0.0039501432	0.005791358	-0.005653123	0.022471009	-0.0021570541
-0.0005356245	0.023707671	-0.069155864	0.036368124	-0.020354321	0.045511756	0.02229239	-0.07109019	0.017284375	-0.06800774
0.048792288	0.045631584	0.0074118925	0.06983835	-0.01422365	-0.0025106354	0.02006554	0.019930234	0.03938736	0.013572496
-0.058977034	-0.026456917	0.04206293	-0.047411256	-0.04373598	-0.006924857	0.050419837	0.06681163	-0.028648706	-0.01691445
-0.030876914	0.023530994	-0.04883725	0.00534194	-0.03218164	-0.007872614	-0.057289097	-0.05855914	-0.0053071394	0.018158305
0.026804844	-0.0050821784	-0.0024740642	-0.0023830065	-0.011990767	-0.023009943	-0.00980202	-0.022193663	-0.024156997	-0.0044547957
0.017851336	-0.03492008	0.009078384	-0.03473455	-0.07646464	-0.016903523	0.020281704	-0.0074188956	-0.06255826	0.05659974
-0.024589838	0.00947156	-0.045862567	-0.009463771	-0.015822487	-0.022314947	0.011317446	0.017660886	0.026400462	-0.030193044
0.01601412	-0.033710036	0.04106944	-0.047220748	0.015209965	-0.012869723	0.018623706	0.02190623	0.0326554	0.037149973
-0.027511263	-0.00899049	-0.033227082	0.044075094	-0.0021023692	-0.027743302	-0.01978321	0.052377023	0.043505024	0.0399114
0.020704148	0.015199486	0.0073208814	-0.0086140325	-0.036929004	-0.012917091	-0.0043643666	-0.04781749	0.014448539	0.031057293
-0.014149712	-0.021285802	0.011842079	-0.031168893	-0.013220325	0.021904258	0.017673707	0.005524772	-0.03279881	-0.020540135
0.018795526	0.002704178	0.032819852	0.0010546731	0.009083317	-0.07094365	0.01892127	0.0057025864	-0.038678538	-0.025797928
-0.004638561	0.0016147179	0.003808363	-0.022277057	-0.031505	0.0025183212	0.029818708	0.058339275	-0.03230126	-0.010951128
0.02244085	0.00022537488	-0.030099068	-0.0040123537	0.043696687	0.031358175	0.042646825	-0.03643649	0.016664365	-0.061126657
-0.023450991	0.020879438	0.024612008	0.024917323	-0.06720404	-0.05021123	0.0027136356	-0.019077098	0.023942912	0.023583407
-0.013594161	-0.00679793	0.02696572	-0.026117371	0.030393144	-0.0013715758	-0.014776309	0.04594032	-0.032330457	0.05800476
0.04958566	-0.014702981	0.008360519	0.030737178	0.056828458	-0.014558054	-0.03932433	-0.0046530585	0.02076554	-0.031258747
0.02668724	0.030774552	0.023477165	0.052184436	-0.006513947	0.051638044	0.03283687	-0.052025076	-0.009970997	0.00032631875
0.031201178	-0.041257378	-0.049468376	0.039693926	-0.008086992	-0.01416107	-0.037313577	0.03348095	0.04950581	0.037829656
-0.018015953	-0.020375764	-0.037033647	0.024214108	-0.018833451	-0.045666583	0.017236032	0.012824592	0.021589737	0.007553635
-0.025128752	0.03153775	-0.00010971164	-0.049264193	0.0016426287	-0.021449571	-0.023607781	-0.035982333	-0.014917885	0.022384746
0.032001194	0.045892276	-0.044378992	0.023552438	0.04587234	0.06867228	-0.01789141	-0.0071727834	0.071165234	-0.05193364
-0.011281224	0.020293241	-0.017452933	-0.018853243	0.025074817	-0.044464935	0.054743648	0.033621773	-0.0596596	0.0005544159
-0.037106182	-0.049830783	0.007536317	-0.0019451994	-0.008031769	-0.012103776	0.059532855	0.006587089	0.024311092	0.0049619763
0.023022735	0.00803268	0.060375858	-0.024935715	-0.024625966	-0.052897595	-0.04586955	0.039614357	-0.014622411	0.003236064
-0.015798446	0.047200922	-0.025728915	0.031071085	0.009699557	-0.033759043	-0.014983911	0.0053104814	0.011256646	-0.0252056
0.014747755	0.056415796	-0.040387128	0.05490214	-0.0018143943	-0.010370277	0.008784625	-0.039367672	-0.020965967	-0.035541184
0.002790629	-0.015029382	-0.040746085	-0.0072563053	0.04584657	0.034578983	-0.00076213974	-0.06409415	-0.0049984115	-0.05224927
-0.013366021	0.014506009	0.021601286	0.0016094574	0.055229615	0.04234052	0.005004504	0.010747871	0.02388602	-0.033652775
-0.0048483824	0.0048393654	-0.062086932	0.00084813504	0.04109919	-0.000460268	-0.014739059	-0.04062675	0.049864545	-0.06660652
0.024833953	0.014648759	0.020302078	0.0037473324	0.025331846	0.006060828	-0.05928736	0.019430442	0.0065904	-0.03127295
0.0050648055	0.008719555	-0.057400297	-0.018486483	0.021261405	0.014527096	0.0024700428	0.032839533	0.023069961	-0.04289062
0.00854834	-0.024045248	-0.0508296	0.051775243	-0.029003132	-0.024637599	-0.024716897	0.036900174	-0.005934475	-0.030857654
0.0075875577	-0.0358182	0.070714906	-0.020566238	-0.044620037	0.008704827	0.012711202	0.054024655	-0.0335403	-0.021335894
-0.05546988	-0.05601594	-0.022077698	-0.06351044	-0.06861491	-0.07350171	0.028590502	0.055127468	-0.03874725	-0.012088186
0.008198997	-0.039260518	0.025053335	-0.049352925	-0.010882417	-0.025364717	0.05307064	0.03821848	-0.051476784	0.043710392
-0.014670553	-0.048638225	-0.0056736087	0.004248681	-0.011627719	-0.05820158	0.0572751	0.011314456	-0.04371346	0.067890406
-0.0043631806	0.051574845	-0.0033673702	0.06893581	0.043305192	0.0013835474	0.00825384	-0.037449334	0.008958335	-0.06904261
-0.029755749	0.038345568	0.0025613573	0.02292741	0.04666344	0.017819786	0.020483281	0.022129776	0.049368836	0.014090004
-0.036311854	-0.05045906	0.035122924	0.026059559	-0.046626985	-0.037847422	-0.031636506	-0.0272897	0.038918477	-0.026923379
-0.021639897	0.0012610961	0.0055456036	-0.044390086	0.020361023	0.0064705387	-0.026338601	-0.018516107	0.038264304	0.014425167
-0.015720632	0.022141859	0.040676806	-0.04239741	-0.012889507	-0.038991638	0.059702102	-0.0016929163	-0.065478034	0.040637698
0.0635406	-0.027430708	-0.00048020954	-0.032684684	-0.019211078	0.04073196	-0.04353087	-0.05891602	-0.0054936144	0.010840423
0.010048358	0.013793792	-0.025546351	0.043092124	0.016120626	0.03340167	-0.0612805	-0.04181256	0.025740957	-0.054695733
0.019106593	0.0069333357	0.013718466	0.045576133	-0.01920836	-0.049080465	0.030987054	-0.01897906	0.011686653	-0.027341725
0.024718514	-0.0058186837	-0.010556472	-0.02235409	-0.02248167	-0.050495375	0.011433321	0.028112099	-0.0044894773	0.0064443247
0.0413364	0.041135892	-0.038049974	-0.019303214	-0.04513198	-0.041637026	0.03201228	0.0246517	-0.0015904917	-0.007138598
0.016217487	0.032398425	-0.028677663	-0.019254003	0.00054328673	-0.039642394	-0.016486892	-0.03989409	-0.029377831	-0.025325006
-0.015773114	-0.000773353	0.02007725	0.049824372	-0.01677572	-0.03817776	-0.023615545	0.0039757015	-0.012332149	-0.042926162
-0.013205371	0.008454672	-0.06027587	0.036877718	0.02260089	-0.013699296	0.0003893686	0.013490739	0.016919851	-0.0064575966
0.01580107	-0.056685597	0.04900389	0.03745068	-0.0025284	0.02925097	-0.008759858	0.008775758	-0.0017603489	0.013190995
0.00474033	-0.020079939	0.035291266	0.0059877816	0.02060949	0.028513279	0.023382984	-0.039437104	0.002094545	0.011666395
0.046024397	-0.015846396	-0.018881176	0.041141044	0.05419331	0.004410195	0.0043850313	-0.03607955	0.053266015	-0.03240998
-0.047411002	-0.053148035	0.06294281	0.0057543744	0.0203049	0.025014624	0.05019712	0.022621335	0.0114618335	0.040555693
0.045363955	-0.0021753456	-0.0044228043	0.034773454	-0.028387962	-0.038344927	0.050734516	-0.012285643	-0.048082337	-0.020676004
-0.017765542	-0.002890749	-0.025452163	-0.0417318	-0.03404287	0.021309733	0.032730587	0.033570416	-0.0048758322	0.044667378
0.06401078	0.050673492	-0.040797308	0.04419646	0.04357233	0.06262989	-0.022854362	-0.06733222	0.04856317	-0.030235812
-0.042302873	-0.04882047	0.03470654	0.025383556	-0.0005586529	0.03272495	-0.011452778	-0.024163743	-0.004046595	0.018389447
-0.020052198	-0.004164118	0.025767054	-0.02136511	0.0055112233	0.01534481	-0.032304436	-0.058482334	-0.018382775	-0.026164234
0.012406204	-0.014163271	0.010915103	-0.011066644	-0.026742816	0.059654046	-0.030462226	-0.06116596	-0.012671574	-0.010433653
0.06692833	0.0040991437	-0.043820396	-0.022527851	0.048277177	0.0046838615	-0.036040355	-0.048535775	-0.0065648537	-0.04694909
0.011843721	0.0037557585	0.040838804	-0.071181886	-0.04929617	-0.063922495	0.04631528	-0.02158139	-0.024068749	0.031635255
-0.044773735	0.010395925	0.06694774	-0.033929672	-0.048210263	0.0011881917	0.0026112935	0.042083595	-0.015932143	-0.023167655
0.05162527	-0.039694276	0.008734648	-0.037196577	-0.017405318	0.017749563	0.027249483	-0.037028812	-0.016752793	-0.04093637
-0.041998938	-0.026249476	-0.02463893	0.01817745	0.032469686	-0.009825832	0.046809923	0.043997873	0.03905653	-0.02503079
0.008881486	-0.037461933	0.040594146	0.0064361366	0.024587361	-0.019535225	0.048348937	0.04318747	-0.05424816	-0.0039730016
-0.00016806666	-0.05582054	0.010679793	-0.06363854	-0.034545183	-0.041187778	-0.011144189	0.0030342413	-0.0019323747	0.059405494
-0.030345917	0.06368857	-0.03378808	-0.031143634	0.029589096	-0.023259329	0.008301588	0.020968132	0.038615055	-0.051782772
0.021150088	0.06452769	-0.03616587	-0.00779546	0.05107406	0.052603994	0.042839948	0.011328619	0.018534584	-0.052310195
-0.031992204	-0.017928738	0.039919518	-0.022666957	0.016815174	0.005553782	-0.0255195	0.032242823	-0.022857515	-0.046256416
0.01821058	0.0302234	-0.00896776	0.0030772246	0.028838038	0.043184076	0.029928757	-0.0017531696	0.040959574	-0.04985243
-0.0025475547	0.03222725	0.026182702	0.03611852	-0.0041738134	-0.028407222	-0.021773662	0.007837779	0.019163087	0.038024828
0.030711295	0.029555932	-0.055972822	0.021385409	0.053432267	-0.008884875	-0.038166676	-0.015142774	0.02817898	-0.049788363
-0.04177733	0.025950218	-0.030853882	0.026626239	-0.0018876173	0.046397123	-0.006143822	-0.010155826	0.024476355	0.005475971
-0.019046497	0.045528743	0.026732005	0.043021455	0.022564461	-0.017544229	0.044866618	0.015442979	-0.025457341	-0.03241225
-0.022242747	-0.0055994587	0.019012144	0.01720246	0.015902974	-0.032030515	0.00058018573	-0.0048720767	0.037519973	-0.051156048
-0.026015384	0.03657227	-0.026300197	-0.044739276	0.044735167	-0.04983924	0.0121373795	-0.025266455	0.03768777	-0.034358338
0.063578494	0.05083068	0.026809417	0.009955819	0.020353166	0.051046755	-0.005878281	-0.002092456	0.059566215	-0.06551888
0.03608019	-0.010425622	-0.06761743	0.02412998	0.028705712	0.0047008484	-0.027655723	-0.040317293	0.058408536	-0.042574797
0.033586245	-0.03538457	0.04127682	0.008308449	-0.032507595	-0.0027550983	0.008443242	-0.0067653633	0.027362753	0.023540288
-0.04097689	0.015211254	-0.0018008231	-0.00048558047	0.03340329	-0.020122726	-0.004692428	0.04280672	-0.00655825	0.018378092
-0.021147115	0.037564274	0.020437488	0.02793222	-0.0024312697	0.023767034	0.03473599	-0.03902169	0.03723481	-0.011562423
-0.00051252573	-0.041479547	0.003997183	-0.04435856	-0.043097045	-0.04627595	-0.04888552	0.022116205	-0.056319274	0.021402813
-0.021671344	0.03676922	0.004905797	-0.03446337	-0.021140011	-0.013866832	-0.027185144	0.0027823495	-0.036610156	-0.025506044
-0.025132902	-0.025558284	-0.005256691	-0.04371757	-0.050824676	0.036279023	-0.0027311805	-0.012358879	0.037472893	0.009298241
0.038473874	0.0108486535	-0.031140937	-0.04150972	0.035605017	-0.006447011	0.04210549	-0.017223163	0.010005142	-0.027450688
0.013178412	-0.0010213427	0.007621923	0.04194937	0.029940285	0.074334025	-0.06509128	-0.021938741	0.07300693	-0.008663185
0.015058065	-0.03620507	-0.025534108	-0.01779978	-0.037288375	-0.05253206	0.04714437	0.03547511	-0.052807167	-0.014311865
0.02991199	0.0018599471	-0.06366451	0.011166128	0.06653915	0.056075443	0.020724982	-0.03415276	0.0132554835	-0.067697525
-0.0063115843	0.04270912	-0.03196728	0.03140217	0.032365456	0.026276508	0.03558328	-0.043789227	-0.020916495	-0.030037178
-0.03811962	-0.0023083033	0.041790996	0.009288538	0.011916098	0.03396162	-0.022486394	0.0106878495	0.01588959	0.040823076
-0.021916898	0.05800825	0.0062143984	0.015566311	0.06180285	0.060283702	0.031504404	-0.021897057	0.038068693	-0.07002537
-0.03264656	-0.039177816	0.0134168975	0.008240961	-0.041981284	-0.022137968	-0.020957466	0.037581194	-0.0106056845	0.022060432
-0.01749203	0.028339358	-0.034895375	0.053025953	-0.002699068	0.049201857	-0.04836353	-0.026612971	-0.033838592	-0.017811337
-0.031127954	0.023292465	0.041688595	0.0020950015	0.0026860863	-0.016188053	0.0016341801	-0.016841486	0.025068771	0.04632946
-0.0049069664	0.00837061	-0.020600572	-0.024920266	0.031156056	0.051395793	0.018855149	-0.027968448	0.054127034	0.029026482
-0.028730143	-0.0086471	-0.029414728	-0.036556948	0.0021065443	0.0024375124	-0.021886965	0.0038327582	0.010848036	-0.0067557334
0.021362567	-0.070388176	0.06768677	-0.045738176	-0.049037028	-0.010584082	-0.022192229	0.05788294	-0.06692118	0.051709864
-0.021767411	0.003329798	-0.03967858	0.037450112	0.022341566	0.03481474	-0.0065747346	-0.043403767	-0.029816356	0.04939599
0.024375942	-0.019385118	0.024640046	0.003826697	-0.033633683	0.043625996	0.030747652	-0.028505659	0.03801486	-0.053093623
0.004201532	0.02235068	0.014226949	-0.029074213	-0.018833296	-0.020567719	0.03456669	0.053157505	0.020190908	-0.015666988
0.034015555	-0.012743954	-0.03217071	-0.0462348	-0.058613516	-0.017406374	0.0420511	-0.013669518	0.02923357	0.023571413
-0.0029860819	0.026181072	0.05744888	0.03896264	-0.04746383	-0.0014143127	0.024595793	0.0010793327	-0.038067482	-0.037443306
0.0003118747	-0.0065681986	-0.028280186	-0.044593703	-0.044343535	-0.05120106	0.014753088	0.01249276	-0.0010453578	0.021228442
0.050038304	0.017697057	0.02738827	0.012370025	0.03766089	0.011449458	-0.02468579	-0.019477852	0.027717857	0.04699787
0.004648625	0.002912535	0.018971466	-0.017704364	-0.037092067	0.017055655	0.02997796	0.033224028	-0.007912964	-0.016305825
-0.035091773	0.034611885	-0.029691448	-0.026341965	-0.04309823	-0.024381135	0.013815677	0.012628317	-0.046298612	-0.0053459015
0.06363742	0.018701337	-0.059952457	0.03226918	-0.013105272	0.057920177	-0.04540254	-0.041728083	-0.021712225	-0.06712628
0.008031257	0.024061937	-0.025161676	-0.007621562	-0.030488221	-0.03486163	-0.038449258	0.041599352	0.029329604	-0.016155383
-0.008040611	-0.0016879722	0.008435614	0.039251003	-0.023123547	-0.04012648	-0.025603168	-0.010120085	0.05042949	-0.036417108
-0.024330338	-0.05917472	0.013864417	-0.045959517	-3.0669103e-06	-0.059259396	0.050108004	0.06737894	-0.03172807	-0.017209206
0.06223198	0.050807893	0.033018235	-0.03414678	-0.030097	-0.0053870557	0.021797366	0.0036309531	0.048788916	-0.022512
0.018799124	-0.016672282	-0.048457865	-0.03251149	0.008191407	0.031778343	0.04928154	-0.016732357	0.016147118	-0.015983354
-0.011925428	0.064835794	-0.025382267	0.061032727	-0.019291796	-0.0084866565	-0.034807026	-0.027833972	0.0069482564	-0.060024183
0.01781719	-0.014712966	0.0079487935	-0.011545023	-0.051648784	-0.058832854	0.014125905	-0.008705432	-0.057031702	0.03823799
0.026130818	-0.06396486	0.05699793	-0.018440295	-0.035179943	-0.017182045	-0.02746072	0.04178352	3.864183e-05	0.06437802
0.003218561	0.010043673	0.00910784	-0.011284235	-0.01632526	-0.033826582	-0.0356299	-0.022614991	0.0132852765	-0.03255272
-0.017129073	-0.02850466	0.0671304	0.0070565874	0.013322711	-0.037975952	0.065749176	0.00023139415	0.009615404	-0.01678752
0.021814635	-0.0137543585	-0.041311212	0.014086973	0.06971994	-0.018185288	-0.047929388	-0.0044813193	0.06267904	-0.06013064
0.029136743	-0.036174674	0.020796463	-0.025858931	-0.046782166	-0.019734811	0.014908372	-0.009111762	-0.037662156	0.03829987
0.025255794	6.842551e-05	0.009538621	0.035595067	-0.030215096	-0.038074326	-0.031229036	-0.021620741	-0.05043249	0.012574097
0.010389921	0.010520518	0.020009814	0.008036115	-0.006811579	-0.015761912	-0.054444816	0.019463727	0.0597885	0.00024630656
0.0029217554	-0.052557718	-0.0060803695	-0.015840475	-0.062419865	-0.019371618	0.021375764	0.026979366	0.010340967	0.04325463
0.057246838	-0.0024406684	0.01710486	-0.0071130563	0.044642493	-0.010299512	0.03226715	-0.028775247	-0.014573893	-0.036836334
0.048574418	0.044277273	-0.02335004	-0.0059961234	0.0670986	0.062630855	0.025812944	-0.013776671	0.04532057	-0.0463822
0.052737284	-0.025129518	-0.013388971	-0.005992486	0.03169943	0.049580313	-0.01762808	-0.019602839	-0.010366526	-0.017019875
0.010741805	0.038070682	-0.0030635113	0.059570953	0.04962654	0.06457896	-0.039240286	-0.015814168	0.03529153	-0.01349073
0.0024677776	0.03899694	-0.036472198	0.006532324	-0.009991615	0.016206881	-0.055759743	-0.016698422	-0.004077017	0.0022234505
-0.04204534	-0.033734474	0.023238735	-0.07065824	0.019519964	-0.009479804	-0.032087747	0.041438688	-0.011303437	0.017888581
-0.013311623	-0.030019844	-0.032102488	0.036645684	-0.0052833213	-0.013100098	0.04947744	-0.01369238	-0.04531471	0.016905358
0.0022083996	-0.065639205	0.03971359	-0.051917195	0.0055644284	-0.041784864	0.06278315	0.071520455	-0.061492722	-0.0069096363
-0.07287258	-0.02497867	0.033938132	-0.069216825	0.005716574	-0.01250727	0.038118176	0.017181052	-0.019683605	0.024669124
0.020659773	0.06338409	0.00086198107	0.02275809	0.0058917287	-0.008155645	-0.02099443	0.010383778	-0.014555657	-0.03169323
-0.034745965	0.009884004	-0.02618648	-0.00872677	-0.03871379	0.04501092	0.013507621	0.041034352	0.013765753	-0.00038028593
0.019117136	0.025019426	-0.07451347	0.0028764014	-0.021130634	-0.01871042	-0.03928668	-0.02979994	0.012801371	-0.04182022
-0.022846457	0.012968379	0.044647265	-0.048828326	0.017058566	-0.049383555	0.05841479	0.023133015	0.014247652	-0.015738137
-0.03100386	-0.006295471	-0.03685258	0.014481273	0.026532136	0.019441482	0.016836768	-0.020108161	-0.010984517	-0.010574498
0.041708946	-0.04764646	0.028257469	-0.0034860855	0.028893882	0.010685736	0.02481718	0.029181058	0.01381481	-0.03536023
-0.048122134	-0.020586824	-0.014040902	-0.054116447	-0.0030920682	-0.0017725342	-0.025294384	0.056262437	0.004786012	-0.01224873
-0.049000107	-0.018388603	0.015840337	-0.04370352	-0.03390007	0.0193902	0.054159485	-0.015222403	-0.034543417	0.034531478
0.012567896	-0.021187356	-0.002061889	0.026911387	-0.004164804	0.06261341	-0.032114763	-0.018329443	0.029940976	0.024419889
0.023797117	0.043303106	-0.053080026	0.020389453	-0.043786075	0.04508333	-0.0332072	-0.022004327	0.018606022	-0.03547255
0.015117665	0.008333217	0.030888947	0.014912619	0.01751265	-0.028419528	-0.007499728	0.01034405	-0.007314055	-0.016801622
0.027395291	-0.0343273	0.015376845	0.03687085	-0.028930709	0.035178524	-0.018537356	0.030815545	-0.04675854	0.015228368
0.03697127	0.04457036	-0.037438735	0.01368558	-0.04225277	-0.02573719	-0.027537128	-0.048509214	0.018366035	0.009548379
0.03433817	0.040972486	-0.036171466	-0.031736813	0.025165532	-0.034655835	0.021745868	0.01921889	-0.021107817	0.0116755385
0.003648092	0.048972026	0.013694304	-0.031362005	0.0462429	-0.0006035024	0.007727806	-0.049969375	0.029944861	0.047882292
0.009228671	0.03669764	-0.005869221	0.014373095	0.034855362	-0.02674527	-0.019251907	-0.0238645	0.024995476	-0.03388392
0.011172728	0.041732594	-0.0025366887	0.025828201	-0.012399955	0.031315986	-0.003806896	-0.026527781	0.044912845	-0.039957
0.00997768	-0.02485176	-0.030178675	-0.012840069	0.031039706	-0.033238932	-0.049324047	0.00392458	0.00013211463	0.016900111
-0.012228095	-0.019876493	0.029330904	0.006705074	0.011563968	0.022500629	0.00746744	0.030964028	-0.01062292	0.0045553097
0.022740005	-0.005659979	-0.047782943	-0.037753545	-0.033645518	-0.01771067	0.003780145	0.02558635	-0.012534923	-0.044008445
-0.011988126	0.032718334	0.034589846	-0.024994414	-0.01637161	0.04339587	0.02162145	0.039408006	0.008821284	-0.024895769
-0.03881425	-0.0010843634	-0.020900574	-0.0048237164	-0.031782176	-0.010012899	0.005332649	0.034915306	0.01930547	0.009895266
-0.044995908	0.036743123	0.015651291	0.032185983	-0.013992754	-0.010225311	-0.024981944	-0.03452429	0.04270142	-0.046573166
-0.041692045	-0.0032420622	0.012387994	0.02178953	0.042458434	-0.029061604	0.007656343	-0.019501401	-0.017169273	-0.04794754
-0.01969645	0.025897633	0.046440784	-0.046398677	-0.0033935907	-0.04526483	-0.0130058	0.01920645	0.03395596	-0.0025586262
0.001952023	-0.026325699	-0.012406319	-0.008949598	-0.020967556	-0.056867052	0.018730175	0.024314292	0.020130647	-0.010205211
0.009961511	0.040445965	0.028589835	-0.03987277	-0.033099387	-0.0076162554	0.04103017	-0.0057802084	0.03559851	0.04356021
0.00961713	-0.06269499	0.07405676	0.00037560493	-0.029952623	0.011950403	0.0065626386	0.039721735	0.0015037901	-0.0202308
-0.008802634	-0.06738234	0.03745245	-0.043131106	-0.052182026	-0.035027582	-0.0076314406	-0.022050232	-0.021154173	0.049010765
-0.052594807	-0.04745949	0.013000219	-0.07444914	0.008656554	0.0034719447	-0.009564629	0.03134546	0.013548627	-0.015152259
0.0055056815	0.015333405	0.03690805	-0.041813355	0.02970986	-0.041321866	0.037808746	-0.019675344	-0.013604945	-0.0010298593
0.025956959	-0.014316644	0.016380262	-0.03362853	0.01752321	0.003652963	0.039055873	0.009692484	0.008024914	-0.02612868
0.034229554	0.0013241008	0.010434306	0.016149882	0.009006757	-0.012822149	-0.05729843	-0.007932318	0.0139915515	-0.024678878
0.008683735	0.05178235	-0.011110313	0.015398847	0.028146919	-0.015213748	-0.058057725	0.0038532997	0.053966116	-0.036197938
-0.00402683	0.028241822	0.0025637497	0.02787429	0.025377441	-0.009678319	0.040357944	0.040792152	0.03141132	0.05243211
0.029014964	0.0028922798	0.044567853	-0.03520823	0.043556433	0.022570116	-0.0371936	-0.05464285	0.009978154	-0.042945288
-0.05432045	-0.048938785	0.037314475	-0.058703687	0.029121773	0.00020180114	0.0005120966	0.0030760812	0.007920577	0.0011244686
-0.04397012	-0.052156363	-0.006221313	-0.017972238	-0.012051178	0.024779273	0.019773157	0.02629871	-0.028603235	0.028132975
0.0050763506	-0.028234284	0.033869322	-0.028023914	-0.010884945	0.003744335	-0.0025027678	0.073729634	-0.034831163	0.021665014
-0.041737363	-0.0106537845	0.017512148	-0.013763431	-0.052055944	-0.0065337936	0.018795975	0.042567287	0.017579641	-0.025060736
0.043018762	-0.04416696	-0.038020592	0.046937224	-0.0049419403	0.008948126	0.048865166	0.03113628	-0.006579888	0.046603084
-0.02826452	0.038570616	-0.03605477	0.006083861	-0.031819247	-0.022622911	0.005341773	-0.014830858	0.03614353	-0.05340637
-0.059362844	0.0144093055	0.039022867	-0.028654011	-0.061362863	-0.05227857	0.017373022	0.07025761	-0.060581177	0.03441456
0.00010488813	-0.021131875	-0.060535405	0.02488184	-0.027415441	0.023349462	-0.00082218135	0.029127235	0.061778147	0.03943523
-0.033331446	-0.022819884	-0.017065912	0.03471936	-0.047688063	0.026294714	0.051647674	0.009070739	0.0043681725	0.042188715
0.045244463	0.0069921887	-0.0556278	-0.025520144	0.05112373	-0.0013474063	-0.013175167	0.00038188984	0.011240529	-0.022553429
-0.01663724	0.05393213	-0.032240782	0.026540536	-0.021063222	0.031122876	-0.0212331	0.0059226677	0.021489484	-0.024405016
0.028269356	0.06132246	-0.06537012	0.049011987	0.06733976	-0.011186014	-0.029089224	0.019211896	-0.025195649	-0.026223723
0.012640993	0.037836865	-0.076516286	0.07709437	-0.01934513	0.06458165	0.0032912195	-0.07445295	0.015973756	-0.04688552
-0.032873586	-0.0074717	0.024921974	-0.057037655	-0.043496042	-0.036264848	-0.019804617	0.026293347	-0.023227345	0.03888371
-0.005884345	-0.039674822	0.008516527	-0.061991744	-0.005401658	-0.014466067	-0.026483444	0.049714305	-0.03299365	0.0016670256
-0.008325482	-0.04248065	0.03195894	0.015827196	-0.025905767	-0.03807507	-0.009473035	-0.027554663	-0.056474205	0.038949996
0.04728999	-0.032436974	0.021421911	0.026818713	-0.010193812	0.016753003	-0.044505488	-0.02844047	0.04059823	-0.052025665
-0.060950898	-0.06600232	-0.012935719	0.002864145	-0.06256368	0.01405548	-0.014174934	0.05655526	-0.040187962	0.025101854
-0.016050894	0.010844955	-0.06217213	0.008080584	0.025957096	0.0394996	-0.038529888	-0.014965105	0.009649435	0.011574468
-0.027918553	-0.038285654	-0.01908746	0.048672326	-0.023515452	0.0041221925	-0.020075744	-0.043545008	0.03933816	0.03772362
0.011826711	0.06586022	0.017652575	0.013138798	0.04103078	0.031437375	-0.020889005	-0.069163784	-0.026951235	-0.00630107
0.017509906	-0.017743362	-0.034949075	0.028428739	0.005257033	0.044487704	-0.007356609	0.01856211	-0.028879274	0.016748747
0.022168556	0.03442056	0.003989226	0.00020156769	-0.01688731	0.048718106	-0.0222075	-0.037740167	-0.0037409363	0.034241732
-0.0009165331	0.004056903	-0.04319356	0.0017141207	0.0043086335	0.036427632	-0.04649195	-0.05761658	-0.019568095	-0.028442457
0.024395319	-0.034693595	-0.019816611	-0.004728183	0.014869986	-0.04481268	0.053650245	0.039701853	0.019585801	0.04776853
-0.0064102598	-0.046493385	-0.0014287152	-0.0069352216	-0.039916705	0.017012473	0.03454197	0.048131112	-0.0643119	0.006396762
0.06081143	-0.025571495	0.0072666104	-0.022719461	-0.027837267	-0.015973834	0.03458911	-0.016347686	0.0052366313	-0.04265567
0.053805105	0.036260355	-0.027104583	0.056596767	0.018965378	-0.020146828	-0.027037857	-0.03849093	0.010226932	0.021513531
-0.042348344	-0.023208484	-0.0060415226	-0.07072403	-0.064059004	-0.045828883	0.05305384	0.06543156	0.012258517	-0.010528481
-0.027646795	0.0116854105	0.0036670594	-0.0119892	-0.048280925	-0.057307977	0.044672064	-0.024930712	-0.05214295	0.018157752
0.019034382	0.012342203	-0.04055389	-0.005460806	-0.022950916	-0.0009358776	-0.037027743	0.0033988876	-0.0047565675	0.007991286
-0.021090757	-0.064718574	0.016675074	-0.006387752	-0.03681675	-0.028536953	0.043823134	-0.010691572	-0.04830327	-0.0072846455
0.042861693	0.039083384	-0.03366973	0.021605445	-0.019451514	0.03411009	-0.005562746	0.029402494	0.036203247	-0.042420045
0.03321884	-0.0036160187	0.00831323	0.03446603	-0.024471655	0.01676701	-0.046403866	0.009896763	-0.016960079	-0.014843898
0.053540923	0.03175887	-0.045153897	0.024814088	-0.023372667	-0.020758985	-0.01865094	-0.024244137	0.015815979	-0.06339405
-0.013142354	0.059031956	-0.061500497	0.016598437	-0.015014899	0.069765724	0.015212038	-0.009737646	0.07167353	-0.02136467
-0.00223392	0.04941898	-0.027255684	0.027146807	-0.0009821337	-0.019890063	-0.018030422	-0.009300462	-0.04206953	0.040725105
0.050247952	0.015639968	0.016757313	0.012423662	0.048633844	0.018146278	-0.045772243	0.030558402	-1.146486e-05	-0.021167476
-0.0056782016	0.032371834	0.011296765	0.020513415	-0.03151676	0.019711597	-0.038751744	0.038814288	-0.009906725	-0.04366591
0.008319659	-0.026315887	0.038162723	-0.028022809	0.042973492	-0.008615785	0.038197886	-0.04280401	-0.011326677	-0.0366335
-0.012958891	0.036709823	-0.0033429542	-0.033679806	-0.03029782	-0.01486661	0.0113063315	-0.03984155	0.04054179	-0.013974203
-0.021581527	0.016380388	0.009047131	0.061255146	0.04258222	0.0312869	0.008420999	-0.011215084	0.028484792	-0.020533346
-0.02771383	-0.065242626	0.032747693	-0.07216475	-0.05607701	-0.025434596	0.049964145	0.055569075	-0.044166144	-0.01187067
0.0013543926	-0.008775405	0.027126146	0.0032090773	-0.029693395	-0.030878996	0.036052305	0.007281041	-0.01915203	0.007569126
-0.027471341	-0.035568777	0.03106949	0.03807856	0.03912332	0.023282614	-0.03714654	-0.039539967	0.009872139	0.046012554
-0.04825848	-0.052039705	0.0058682277	0.014242433	-0.041779403	0.003908049	-0.04227275	0.025085775	-0.03423526	-0.03460822
-0.033631608	-0.07671218	0.04377412	-0.061768144	-0.06253162	-0.015099423	-0.008656679	0.029277766	0.0065835784	0.06870913
0.031418573	-0.020848015	0.036705323	0.0543972	0.023678884	0.0022087558	-0.00042394115	-0.013040286	0.0011832158	0.03897098
0.012932792	0.012964698	-0.0057053342	0.007969482	-0.0055345334	0.009039098	0.019718431	-0.041520998	0.0278638	-0.035986394
0.03296844	-0.033734217	0.013105566	-0.0030832377	0.03057864	0.01860366	-0.04408279	-0.011953174	0.007091309	0.014383566
0.042077545	0.005914618	0.0028537603	0.00057544326	-0.024726465	0.0206753	-0.03632853	-0.053615663	0.0668147	-0.045133673
0.05008823	0.054415252	0.018046575	0.053838566	-0.03207833	0.032963637	0.03417335	0.0083059305	0.06632467	-0.036590796
-0.021134285	-0.015766654	0.03643409	-0.025477186	0.019462973	0.006935453	0.044405106	0.034748144	-0.028176852	-0.012676223
0.045305207	0.0114186555	-0.041849416	0.039097082	0.04516383	0.001407633	0.022660298	-0.017489618	-0.012748317	0.03511935
0.010936061	0.034788847	0.026965056	0.027305057	-0.050415926	0.03213894	0.0074393167	0.0038811665	0.009352131	0.050325546
0.04353541	0.0327179	-0.070922166	-0.005550012	0.070324846	-0.023473917	-0.015123741	-0.07188498	0.07422824	-0.04858534
0.054475185	0.035509385	-0.05573851	0.029922608	0.038385414	-0.0008544819	0.03142884	-0.012615385	-0.021170773	-0.023879716
-0.024431288	-0.020337516	-0.045973636	0.033763155	0.04612522	0.048932362	0.031390965	-0.029892672	0.04565766	-0.044364244
0.060969077	0.028379213	0.013620779	0.021572905	0.07438973	0.038617034	-0.064977504	-0.02143161	0.03375536	0.02224946
-0.012958478	-0.019516664	-0.052770827	-0.0043858043	-0.030447682	-0.011434946	-0.007572382	-0.042445224	-0.020493582	-0.018107079
0.023768175	0.015595891	-0.038074527	-0.024552105	0.029737368	-0.011014161	0.042758636	0.033106282	-0.032164287	0.031770404
-0.029617026	-0.020802522	0.012427721	-0.037815228	-0.029509109	-0.026792178	-0.017837977	0.031227605	-0.034493443	0.04673972
-0.011257352	-0.006646046	0.03277328	0.037541006	-0.034309078	0.011919303	-0.049820963	-0.03420046	-0.0016994956	0.010109172
0.017673349	0.042293128	-0.0034575784	0.027357006	0.04210521	-0.02452044	0.012812975	0.010053283	0.023562124	-0.05485708
0.061882067	-0.00512819	-0.03325642	0.008078395	-0.015186407	-0.019399876	-0.050318	-0.031254336	0.058092006	-0.016545016
0.03549234	-0.016866123	-0.024229892	-0.027341645	0.027846705	0.042162128	-0.026265195	0.007304205	-0.045150835	0.040390193
0.007951921	0.05358005	-0.00744243	0.044270843	0.031357106	-0.024535555	-0.042504407	-0.039659463	0.060720693	-0.06610251
0.038738973	0.02964855	0.041489877	-0.0046574534	-0.02546223	-0.04136086	-0.016181698	0.0020289184	0.037092943	-0.029593999
0.009505707	-0.0158504	0.0030116478	0.00673447	-0.013333776	-0.005456708	0.00081960164	0.022376044	0.036765106	-0.037507296
-0.0006199289	-0.053146254	0.029709859	0.025988515	0.019105531	0.032575984	-0.0011812027	-0.0006027597	0.0029829214	-0.01093067
-0.00063982565	-0.035323072	0.004984401	0.0019945758	0.025286125	-0.011244361	-0.008713494	-0.009502515	-0.033831168	0.008425989
0.029754499	0.024789223	-0.011354214	0.0060915924	0.01852947	-0.040302463	-0.044906247	-0.043162987	-0.03293284	-0.02902396
0.009207967	0.009150548	0.050457958	-0.03538145	0.00017010325	-0.023213767	0.0014000133	0.032779142	0.016796432	-0.02022914
-0.054561436	-0.065013774	0.0414591	-0.04992217	-0.068811126	-0.024603732	-0.012641589	0.010049832	-0.028446238	0.036346573
-0.02167324	-0.030456424	0.043138362	0.02976321	0.033358317	0.018971192	-0.04097577	0.010735676	0.013666273	-0.0072202035
0.0119707305	0.006464682	0.00020746085	-0.014826637	-0.007078187	0.020225441	0.017393216	-0.041911464	-0.028469417	-0.033828538
0.021254968	-0.012803993	-0.0024072551	0.028867546	0.037685543	-0.01692634	-0.03567377	0.050847217	0.023614483	0.04989003
-0.04917799	-0.04377949	-0.010316161	0.015891349	0.041919384	0.012917698	0.024982365	-0.030130945	-0.040252797	0.008604587
-0.02206877	0.02325142	0.032794733	0.03753513	-0.012078347	0.013920197	-0.005863016	-0.027634349	0.031227406	-0.009335848
-0.013255616	0.040790718	-0.009920044	-0.021944318	-0.037580937	-0.007213566	-0.045749832	0.03734627	-0.04380201	-0.005087551
0.033992007	-0.0034064543	0.02070972	0.009086225	-0.050323807	0.04268696	0.013124233	-0.00981418	-0.00033193754	0.00775608
0.03420299	-0.023191292	-0.031961862	-0.026274376	0.01698637	-0.010373766	0.013403989	0.022521425	0.043513168	0.03981069
-0.060992144	-0.01624639	0.023335641	-0.067565046	0.005630151	0.0020930052	0.018015137	0.0087645585	-0.035094872	0.0008208194
0.053458	0.00841914	-0.049075473	0.0030957204	0.05101257	0.012947264	0.04698691	0.0098032765	-0.022804363	-0.043945827
-0.048990384	-0.034580663	0.029324876	-0.019059703	-0.031142196	-0.011550702	-0.013145926	0.03518038	0.025310524	-0.04819025
-0.023548583	0.038715985	0.010256114	-0.033875804	-0.05606692	-0.0019318762	-0.03096284	0.00572577	-0.014638452	0.032737736
-0.032463312	0.035184816	-0.021968927	-0.03141905	0.019713791	0.048522413	0.040300563	-0.057951435	3.9423212e-05	0.012310798
0.022107346	0.014961703	0.04301958	0.03522113	-0.04608881	-0.014503478	0.046160236	0.00010831314	-0.027718173	-0.003390855
0.0010670865	0.023349326	0.024041891	-0.061341595	-0.051420283	-0.047495205	-0.038180955	-0.028153978	-0.037711374	0.013833898
-0.047797784	0.0016641963	0.06047667	-0.025477763	0.005939501	-0.039169908	0.02019184	-0.023220122	-0.015782682	0.062543154
-0.01025779	-0.013224164	0.020012548	0.015786726	-0.006043309	0.0055926973	-0.004526869	-0.025165444	-0.016115896	-0.040052846
0.01723529	-0.004747004	0.022744125	-0.014084003	-0.058167167	0.02095749	0.043934837	-0.01833973	-0.05745959	-0.014407576
0.0018654137	0.030645184	-0.031371698	-0.005487319	-0.042690255	-0.05357402	0.0014703486	-0.03400872	-0.009464837	0.04742364
-0.022457264	-0.007646772	-0.0021876637	0.054199684	-0.033350036	0.009165816	-0.011945731	-0.017770767	0.051299617	0.043613672
-0.02207869	-0.0061321696	0.008538763	-0.01595327	0.037383843	0.031191537	0.026179692	0.04658839	-0.028925736	0.052053925
-0.0074615297	-0.015991982	-0.016726144	-0.021466183	-0.012180052	0.037353586	-0.004328393	0.043958023	-0.034354832	-0.00019710857
-0.04577894	0.023238042	-0.00608293	-0.05114553	0.032256335	-0.034730878	0.0071180165	-0.02467006	-0.01769031	0.023529068
0.035056006	0.0002353773	-0.012791585	-0.043728124	-0.05427546	-0.03517997	0.036049575	0.0449574	-0.055037417	0.0035991634
-0.015634496	0.03241361	-0.016339425	0.0025721956	0.043611914	-0.052700844	0.041122288	0.027522594	-0.039020788	-0.016116371
0.013925257	-0.020133352	-0.00031766575	0.03720391	0.02689518	-0.0017389683	-0.017568333	0.021171706	0.03376536	0.047197435
0.00903717	-0.014750596	0.021215629	0.0068010995	-0.013398105	0.023663843	-0.008386219	-0.021091238	-0.018072091	0.014282655
-0.036412854	-0.06657016	0.009217791	-0.073456466	-0.04548152	-0.047510024	0.038256872	0.0008660772	-0.01989318	-0.009383246
-0.013542233	-0.021074435	0.06503609	-0.06108619	-0.006636308	-0.060803637	-0.04256834	-0.0029573939	0.006636704	-0.02212699
-0.026794046	-0.007894147	-0.013607276	-0.020888474	-0.02197847	-0.05567233	-0.02668848	0.03610574	0.011472233	0.008663443
-0.04206189	-0.07663051	0.041454557	-0.02919809	0.0010296674	-0.0041993186	0.010065869	0.04946047	0.015029623	0.002197306
0.034790106	0.0124699585	0.030468307	-0.036038116	-0.0010905018	0.041192055	-0.033017233	-0.02374945	0.05151201	-0.034994114
-0.044855375	-0.019041475	0.0020774542	0.030205593	-0.0051881587	0.0063240556	-0.019766258	-0.0061713834	0.050461162	0.030925797
0.03676157	-0.007535069	-0.060350284	-0.023491222	0.046542555	0.033360943	-0.05067516	0.007859189	0.062216967	-0.021792062
0.0015490558	0.0051383525	-0.028997382	0.0100256	0.009812741	-0.040216595	0.02100593	-0.0014951954	-0.018487455	-1.6907221e-05
-0.032765195	0.01780611	-0.0051445677	0.034151975	-0.009910451	-0.019915916	0.041788876	-0.0027331088	-0.017268145	-0.010927255
0.050712608	0.032903023	-0.009476996	0.051432688	-0.019053156	0.061261002	0.014469832	-0.006778036	0.042949215	0.010895082
0.062522866	0.05257802	-0.039214026	-0.011922813	0.010209122	0.023388369	0.017404532	-0.0459318	-0.0044806814	-0.014962596
0.0060720993	-0.032985885	-0.022719193	-0.0025530353	0.006711746	-0.05852031	-0.013758832	0.012653031	-0.026518062	-0.024171747
0.037388068	-0.017443463	-0.037740536	-0.009339745	0.06896581	0.04521782	-0.06413756	-0.04160448	0.05881781	0.014045482
-0.0021942682	-0.03339853	0.020641426	-0.048618626	-0.01244419	-0.04681929	-0.006281675	0.022567498	-0.049615722	0.025405137
0.0026387912	-0.027274745	0.008624248	-0.02278986	0.016849482	0.019275907	0.012351846	0.057778295	-0.06253907	-0.0130104385
-0.04819377	-0.016677232	0.0754069	0.016452968	0.015153998	0.01276632	0.0037436425	0.047691707	-0.0071670157	0.032319453
0.06241615	0.02139171	-0.04528615	-0.0046943636	0.0046616243	-0.013168871	0.0049949693	-0.04122133	-0.0345304	0.012727953
-0.01847409	0.008774487	0.029301064	0.011875008	0.033373587	-0.0013892121	-0.020038432	-0.013905428	-0.026515283	-0.033875715
-0.018644217	0.036447156	-0.019112086	-0.04490239	-0.014100118	0.051592886	0.0034664471	-0.014252567	-0.031619374	-0.003471875
-0.01352137	0.02618989	-0.015329734	-0.042607848	-0.033087555	-0.01983358	-0.009366534	-0.008388281	0.01221813	-0.024427772
0.047113694	-0.0040775803	-0.03571217	-0.003005552	0.0014614931	0.01997467	-0.035300825	-0.072805166	0.060216155	-0.056152675
-0.001606253	0.020577328	-0.0052195587	-0.00062037015	0.023403669	0.04854963	-0.0506469	-0.033797212	0.047352243	-0.042424984
0.0071390155	0.04971989	-0.043314204	0.0018446815	0.010861648	0.018757323	-0.03451849	0.03240048	-0.00488806	0.02565385
0.050988536	0.046111077	0.002137977	-0.012494045	0.057215523	0.01598135	-0.008966613	0.034138795	0.000498678	-0.03841239
0.006733473	-0.02673751	-0.039448332	-0.036229063	-0.011385061	0.0001251439	-0.027122306	0.0094930045	0.057261545	-0.042621363
-0.03405172	-0.03613185	0.025221461	-0.016373111	-0.022515943	-0.032431092	0.018154394	-0.0027946208	-0.0204316	0.03734645
-0.0022923553	0.024070006	-0.0017415172	-0.03605171	-0.033954065	0.014814061	0.00060390297	0.038986433	-0.008753114	0.05296638
-0.012562615	0.016155284	0.0051557184	-0.027052637	-0.0055534993	-0.0077785207	-0.020992685	-0.055794563	-0.00797779	-0.03827875
-0.040967945	-0.04473372	0.054942388	-0.009610799	-0.05483691	-0.0066075455	0.042271435	0.03611501	0.039116062	0.009884581
0.030709881	-0.013269891	0.008516242	-0.0061147977	-0.042372752	-0.008419645	-0.021792777	0.001845478	0.02269808	-0.021647537
-0.005636887	0.0018810157	-0.024982383	0.030382078	0.04158394	0.026000453	0.009567406	-0.03478934	0.0017762803	0.016313897
0.035798647	0.04884671	0.025142755	0.022738887	0.029435208	-3.1816176e-05	-0.02583114	-0.06369504	0.06876692	0.01755385
-0.029240007	0.051341	-0.052052885	-0.01097	0.025490798	0.0062154187	-0.030769266	-0.04788042	0.04843584	-0.0009551114
0.056407858	0.030778961	-0.05311967	-0.014470354	0.06384758	0.053597517	0.014840185	-0.007341313	-0.02076733	-0.039694965
0.05480862	-0.0009235925	0.019751577	0.043282453	-0.03549115	0.018306414	-0.029351693	0.008927085	-0.017922772	-0.0021982098
0.0016951924	0.0042390265	0.010948641	0.021447679	-0.051728632	-0.042905804	-0.03402469	-0.0321507	0.007024606	0.030178288
-0.012485616	-0.005417538	0.037210952	-0.03492893	-0.031275004	-0.0403026	-0.044056553	-0.002297154	-0.05309351	0.014992814
0.011909175	-0.0015300415	0.002854828	-0.02125642	0.034940165	-0.053795293	-0.04221972	0.032625094	-0.013157383	-0.042754654
0.0051276344	0.042364128	0.03664112	0.017270302	-0.015016866	-0.01905919	-0.008378317	-0.03341781	0.048345566	-0.045625154
0.010978871	-0.026025932	0.012041193	0.048840407	-0.014346385	-0.002010641	-0.019873884	-0.057886366	0.007879876	0.025817927
-0.0063852733	0.009802616	-0.014292989	-0.029589297	0.016938431	0.014307358	-0.030829325	0.026803505	-0.05420013	0.018958298
0.029597474	-0.029206375	-0.035804577	-0.005109393	0.038301736	-0.0040508225	-0.016084319	-0.046436142	-0.013407064	-0.04398146
0.022963522	0.04537854	0.029817598	-0.02607834	-0.0127161695	-0.015991999	0.01098392	0.030292215	0.021153454	-0.044713553
0.029517682	-0.056171812	-0.012368625	-0.009453374	0.013172926	-0.060331576	0.045734573	-0.0349365	-0.05816734	0.0009115645
-0.0047119493	0.018847466	-0.02524635	0.039817996	-0.01430731	0.03615319	-0.0008497486	0.011107358	-0.034059674	0.0399528
0.02961322	0.06260711	-0.013786006	0.058713432	0.0012229478	0.009327786	-0.05708026	-0.010216514	0.00878371	-0.04377388
0.046058614	-0.029413674	0.01897157	-0.032951143	0.050898183	0.029240677	-0.054170035	-0.008858239	-0.0027860336	-0.039458394
0.035117988	0.020973617	0.002681576	-0.025837136	-0.023345722	0.051928654	-0.03642377	-0.048359346	0.016687967	0.011401993
-0.021317638	0.051082313	0.027903143	-0.03879946	0.0140443705	0.017769935	-0.0013884633	-0.039361432	-0.003769292	-0.022706445
-0.021948384	-0.0033966794	0.03948928	0.0447462	0.040045995	0.03565547	-0.01769314	0.015591088	0.010174707	-0.049452797
0.042981032	0.032945447	-0.010541638	0.03129689	0.03707094	0.032338664	0.023128204	0.02688442	0.044305574	0.020632226
-0.012484606	0.022888297	-0.02818095	-0.0017387785	0.035566926	-0.0024122621	0.0013703825	0.036618233	-0.030215267	0.00871288
-0.025666503	0.037998285	0.052138116	0.02266102	-0.020480694	-0.030468576	-0.004222926	0.03522319	-0.04532067	0.0057469904
-0.02077782	-0.050443623	-0.016934063	0.013919944	-0.035110842	-0.028134694	0.047708303	0.03627785	-0.051027145	0.026790215
-0.011687966	-0.054583605	0.07462586	0.005055064	0.004136581	0.0098878825	0.06628788	0.021126803	-0.034888014	0.0081842095
-0.022057233	-0.07495623	0.072778836	0.0046156845	-0.0028573559	-0.027235232	0.03179663	-0.02105671	-0.0027151112	0.0047433265
0.03554928	-0.012101932	0.022591522	0.033067945	0.0023970096	-0.015665565	-0.008964355	0.04730712	-0.016274862	0.0406976
0.031730507	-0.0046355585	-0.025692763	-0.015007448	-0.02571085	-0.029553289	0.01354266	0.011255199	-0.025887212	0.03088321
-0.023333825	0.021306787	0.03810408	0.031455208	0.0002460416	-0.041543014	0.03853738	0.027342305	-0.027963273	0.021686245
0.06779608	0.032389257	-0.017010251	0.041221425	0.03064922	-0.006954536	-0.041174255	0.026141122	0.02551868	-0.0122919725
-0.014589933	0.021971805	0.031149736	-0.014561705	0.04265551	0.052141592	-0.04144724	0.029579034	0.026283104	-0.054202937
-0.030701552	-0.033130746	0.04341473	-0.06604399	-0.06101747	-0.05051484	0.041900467	0.04916785	-0.00028721106	0.03225217
0.008892841	0.0052880314	-0.019988727	-0.005640696	-0.024758406	0.041256793	-0.019417334	0.05099291	-0.039584145	-0.03955009
-0.008305044	-0.0050505972	-0.0046904753	-0.014000588	-0.016643137	-0.0072790454	0.025845781	0.007815728	0.018625874	-0.0145934075
0.05525278	0.006878309	-0.01873578	0.0101384595	0.03976883	-0.01614866	0.021194337	-0.06924531	0.028317995	-0.0027692122
-0.02831078	-0.017879328	0.04475612	0.04626294	0.031375304	-0.052041803	-0.0208481	-0.007125002	-0.036650226	-0.035884146
0.06088033	0.014521252	-0.009511657	-0.01187908	0.024749568	-0.024994979	-0.019423183	-0.020076357	0.04216343	-0.017025148
-0.015162087	0.002141746	-0.0400048	0.035118062	-0.036890533	0.012488483	0.028078157	-0.004759306	0.038905796	0.024421852
-0.038788445	-0.017384369	-0.019051328	-0.05403412	0.028298778	-0.03609062	0.03411755	0.019843046	0.017489932	0.040932804
-0.020940846	-0.061024155	0.044365104	-0.037314013	-0.054946065	-0.0004078196	-0.008452295	-0.010076225	-0.05253941	-0.013079527
0.013630811	0.007938943	0.053283468	-0.03769981	-0.045529097	-0.008875095	0.034059037	0.032881975	-0.06078717	-0.01015668
0.05841041	0.06272881	0.032257114	-0.025224984	0.010824783	0.05794223	-0.001003482	0.028976353	0.027575731	0.010924636
0.03747077	0.0016825849	0.009099207	0.014012998	0.06621583	-0.014278263	-0.0473378	-0.017157793	0.04294971	-0.010346235
-0.0110595925	-0.013650642	-0.011181123	-0.050725553	-0.053301387	0.0026887753	0.059355963	0.02930721	-0.0746159	0.07377667
-0.016639538	0.028849564	0.056149848	-0.0023671174	-0.052644797	0.019736944	0.033096008	0.02863884	0.010357988	0.048195027
0.025367372	-0.005629194	0.014046179	-0.019119028	-0.015194147	-0.045823216	-0.020033572	-0.0026992315	-0.05544841	0.041013584
-0.011737705	-0.021237005	-0.03615726	-0.031239737	-0.021987628	0.009868701	-0.044897277	-0.006894626	-0.043599013	0.009793437
0.042420227	-0.011669868	0.027845962	0.01800764	0.043730505	0.00572901	-0.035085186	-0.045139473	0.037372697	0.020290067
0.03958288	-0.030795962	-0.03885836	0.005809479	-0.01771884	-0.016653284	0.011435732	0.038571883	0.0018250289	0.024628377
-0.035787094	0.021310544	-0.009340073	-0.030982671	-0.050645903	-0.017791865	0.033323325	0.0177546	-0.0071964543	-0.025230328
-0.016332615	0.034188837	0.0061872285	0.045417633	0.005089934	0.018658787	0.013880065	0.010312283	-0.015478783	-0.011188459
0.046991803	0.021486962	-0.027272603	0.011534548	0.04989421	-0.039937954	-0.025943829	-0.033905555	0.048902366	0.016236158
-0.05275175	-0.02200411	0.06633275	-0.06889813	-0.0625524	0.0003048982	0.049260233	-0.0143074365	-0.0128769325	0.0432526
0.018302461	-0.03246129	0.022348877	0.008024142	-0.018558161	0.027713723	-0.016527463	-0.029219741	-0.012226333	-0.012643414
-0.06131438	-0.016423516	0.027200174	-0.04952388	-0.033286285	0.0052332543	0.009863492	0.0026720609	-0.00046939778	0.011574903
0.013744551	-0.02212012	0.0304082	0.042681575	-0.037490353	0.049753483	-0.00044185732	0.03921063	-0.025944822	0.009383095
0.025022049	-0.00090584625	0.011024298	0.0058900397	-0.018958742	0.0052362196	0.016667277	-0.009570569	-0.04830777	0.047677696
-0.00875981	-0.0648435	-0.01149085	-0.07167205	0.021809125	0.014941914	0.06945835	-0.011167771	-0.063884996	0.033352226
0.0069721784	-0.02880673	0.014575613	0.065765455	0.034829237	0.016424794	-0.030376198	-0.035197366	0.030674538	-0.0029374047
0.023160692	-0.022100994	0.04543475	0.035446346	0.04295459	0.0033678692	-0.013922044	0.03056848	-0.026287993	0.020821832
-0.028329875	-0.0026100331	-0.051140834	0.03326745	0.015142923	-0.03031732	-0.030083029	-0.011975661	0.020062564	-0.039775223
-0.00052894105	0.010070361	0.0030956613	0.04822282	-0.01641095	0.06681514	0.0026447806	-0.006029238	-0.023850737	0.004289622
-0.022130627	-0.03736699	0.027490664	0.00024722918	0.047612514	0.014588724	-0.0048094117	-0.017250653	0.03325678	-0.025624352
-0.013705736	0.033227466	0.056563873	-0.06017254	-0.022648728	-0.043225575	0.01577001	0.03569053	-0.018167708	0.013988429
0.028307725	-0.020169282	0.007587117	0.018146545	-0.021322036	0.024784304	0.00231554	0.017898846	0.04692979	-0.008777676
0.024168918	0.0032317918	-0.024786739	0.006694369	0.020062286	0.03629472	-0.0741789	0.00051669445	-0.014974633	-0.019236801
0.005524033	0.043516126	0.020855136	-0.0069045136	0.049530607	0.062932886	-0.03625832	-0.016096413	0.04232222	-0.035261665
-0.02930313	0.0125804655	0.0006275983	0.029076347	0.026758285	-0.001752751	0.0383221	0.015804058	0.018977271	0.03743137
0.03262204	0.022550896	-0.0026408192	-0.036341492	-0.043843064	-0.05853055	0.018433549	-0.021877162	-0.017207118	0.009800535
0.042463306	-0.025972357	-0.007037553	-0.020667654	0.030581836	0.0132037625	0.037674975	-0.025138099	3.5356137e-05	0.05446747
0.004809525	-0.019754829	-0.012961794	0.012171774	0.02845108	-0.0015663592	-0.024724634	0.06598785	0.025224878	0.047814123
-0.010689657	-0.03236128	0.0014136012	0.029588047	-0.013938891	-0.0652289	-0.012130476	0.010489718	0.023541495	0.070258476
-0.0076935324	-0.05444344	-0.036666635	-0.004048928	0.0068657147	0.015281762	0.040961236	0.04419817	0.03288967	-0.018969772
0.019293897	0.028484661	-0.04001771	-0.024476945	0.017952124	0.004896323	-0.056781374	-0.013978795	0.026033778	-0.023068838
-0.0068126335	0.018901885	0.002320442	0.019865813	0.025478622	0.04319404	-0.023704207	0.010869984	-0.0050411895	-0.018043756
-0.0025564455	0.044293944	-0.017199151	-0.0048606447	0.038782217	0.04641418	0.012463338	0.027111962	-0.008941658	0.0041102446
-0.03601572	-0.061604265	0.046178423	-0.027949033	-0.0521009	-0.07530797	0.06666752	0.0151283145	-0.01149669	0.018026726
0.03516651	0.014767921	-0.02946145	0.059818283	0.01967501	0.013361088	-0.059657857	-0.0037175796	-0.022623079	-0.01891383
0.00062768266	0.051931396	-0.03046952	0.01781804	0.048782017	-0.017247243	0.025192821	-0.009284732	0.015563346	-0.020399788
-0.045023747	0.0015164327	0.027385507	-0.020034786	-0.04392334	0.023068529	-0.035657547	0.04242115	0.027215559	-0.036426026
-0.01471184	-0.04964105	0.04962202	0.0022854775	0.023380468	-0.009198056	0.056055572	-0.020185508	-0.03024403	0.016804116
0.021370975	0.05705769	-0.024503527	0.06681556	0.0385949	0.005840854	-0.0064480226	0.01472287	-0.016670443	0.030864088
-0.027561286	-0.033815157	-0.011382741	0.02738015	-0.013300658	0.028161896	-0.024822809	0.029482462	0.032639444	-0.05868795
0.058535993	-0.018283369	0.0058458024	-0.021537827	0.060715444	0.036378052	-0.025008336	0.011542586	0.04580466	0.0315245
-0.060689304	0.03175459	0.034323633	-0.044638272	-0.001607084	-0.02128764	0.04178763	0.030577736	-0.013816339	3.6646056e-06
0.014007087	-0.028219458	0.02217739	-0.05208549	-0.07151315	0.0059323953	0.013215985	-0.01840005	-0.05228951	-0.02233599
-0.011734433	0.01965186	0.01804764	-0.04039602	0.05679099	-0.038362693	0.027856754	-0.008453704	-0.036352187	0.035298135
0.043999333	0.010738756	-0.020220675	0.018953351	-0.00518119	-0.009337191	0.025992842	0.036692653	-0.0489296	-0.014933511
-0.0023244189	-0.0029522767	-0.02342368	0.0028543302	0.03354298	0.004981849	0.04326226	0.0057256836	0.017671276	0.003811418
0.003685166	0.017582003	-0.017637214	-0.034922898	-0.058692377	-0.033701234	0.027606342	0.023311	-0.028013775	0.058893796
0.01758031	-0.02781457	0.012519394	-0.04477554	0.026033776	0.030215824	0.039497934	-0.003641065	0.012049647	0.04522073
-0.02444894	-0.03748455	-0.0010426831	-0.0030136476	0.03214802	0.021300793	0.0052377195	0.04527953	-0.0151684685	0.041168638
-0.030598786	-0.024842765	-0.018289296	0.037576996	0.022380726	-0.008093462	-0.035752658	-0.025846792	0.00024170165	0.0042989217
-0.021854872	-0.029360095	0.060215335	0.0026978934	-0.055788867	-0.07037438	0.050663214	0.04785432	0.01743077	0.022403823
-0.014902542	0.01613514	0.050718047	0.038426645	0.03218753	0.023252737	0.0037206914	0.032267842	-0.03776175	0.027837865
0.0009252162	0.011926689	0.024369586	-0.017063264	-0.033239968	-0.037924383	-0.009448346	0.039980598	-0.020942839	0.025996152
-0.024992941	-0.055116817	0.073858365	-0.03651597	-0.07178457	-0.047222298	0.035424486	0.052820828	0.0077678645	0.016800934
-0.02930067	-0.06063556	0.014497241	0.007494861	-0.023542902	0.012783636	0.05269571	0.03862586	-0.011753175	-0.010073318
-0.018114604	-0.011568967	-0.024361769	-0.017841352	0.027495766	-0.00120569	0.04849745	0.0022014917	-0.043319054	0.037538372
-0.006877543	-0.015079519	-0.029151803	-0.03500745	0.026812261	0.022299834	0.045889076	-0.011189858	-0.002412334	0.0026737987
0.02100894	-0.07010558	0.04679944	-0.029852474	-0.0020867274	0.012432704	0.045547396	0.008898222	0.019236289	-0.0071590007
-0.025051743	-0.054518957	0.07459711	-0.05270857	0.017762316	-0.023891095	0.02754562	-0.00630059	-0.07212582	0.054822728
0.04025075	-0.044402357	0.034244414	-0.039238434	-0.032820303	0.025543064	-0.016284516	0.013449288	-0.027461283	0.036914177
0.0025630873	0.014175905	0.043308962	0.0134295225	0.019807525	0.028123558	0.051364124	-0.024022229	-0.03060858	0.0067670266
-0.019750893	0.015090172	0.06557123	-0.00013581502	0.020782048	-0.015674394	-0.00014240255	0.05911958	0.022937035	0.052984912
-0.031132067	-0.0081635825	-0.021516746	0.010965937	-0.04140083	-0.009226411	0.03506606	-0.04143851	0.03989616	-0.049981974
-0.020820493	-0.060610387	0.06853755	-0.0030643884	-0.034012355	-0.006204433	-0.043613996	-0.017717835	-0.042161286	-0.0256716
0.036384776	0.062557906	0.010890497	0.06825451	-0.019313008	0.0728588	-0.045629814	-0.06892482	0.019452196	-0.06888206
-0.0603032	-0.021859566	0.054242395	-0.0635646	-0.06424562	-0.031962957	-0.009483596	0.059388015	0.008226553	-0.011904113
-0.005567774	0.039419368	0.01819255	0.013909078	-0.0028675615	0.02017565	-0.008979851	-0.048917677	0.034612387	-0.032690216
0.06609463	0.00960598	-0.0657395	-0.014533165	0.035233334	0.0049879034	0.021135211	-0.05368472	0.03253413	0.01077711
0.053801194	0.04398878	-0.059904054	0.0025996235	-0.023088936	0.032708503	-0.036600634	-0.04426253	0.002131152	0.02175369
-0.026602408	-0.008964682	0.008739105	-0.03820156	-0.032710657	0.016555944	-0.02670081	0.025910461	0.020059321	0.027818521
0.012673652	-0.03673168	0.02312638	-0.069821395	-0.023975426	-0.02096417	0.037862096	-0.020937318	-0.04383967	0.048479237
-0.038386453	0.023620855	-0.031186866	-0.06530894	-0.007980629	-0.05307166	-0.014181339	0.027146595	-0.0002924103	0.021705398
-0.008323148	0.049405422	-0.010032692	-0.04517684	0.045017682	0.030953538	-0.0280027	-0.028418988	-0.040728	0.015593891
-0.033893265	-0.028017323	-0.029587205	0.03112882	0.038751964	-0.058041748	-0.029004551	0.040649544	0.0063246028	0.026828703
0.06397028	-0.0052324715	-0.0032537368	0.042043492	0.041357737	0.049675547	-0.0028745916	0.0008918969	0.015297756	-0.0046633026
-0.033261668	-0.013413327	-0.022459872	-0.016846953	-0.015101317	0.034499798	0.004494034	-0.013499536	-0.04628665	-0.004047146
0.017911827	-0.040079504	-0.024488816	-0.031474706	0.011557877	-0.0057972013	-0.046462227	-0.030946642	-0.004306333	-0.018384825
-0.03951649	-0.036850777	-0.039082926	-0.0014238803	0.0066992715	0.035491355	0.04604398	-0.0037895665	-0.05513411	0.04317934
0.0012084703	-0.028206913	0.0027987778	-0.0077832057	-0.046947688	-0.0489945	0.048696607	0.06998902	0.013665223	0.015658723
-0.003825579	0.018335236	-0.021118283	0.04389117	-0.013818989	-0.029426573	0.041319456	0.039055705	-0.009252828	0.013594986
-0.006403475	0.022046892	-0.014070234	0.0004948859	-0.027407365	-0.025994776	-0.009030017	-0.05292067	-0.011735005	0.045645807
-0.010091067	-0.0065093935	0.011078539	0.03884708	-0.058333334	-0.001976633	-0.0016820813	0.01113674	-0.0077744876	-0.014546788
-0.060234185	-0.03257383	-0.03161709	-0.036418505	0.00021722753	0.01674723	-0.022320023	0.012699685	0.0315305	0.009945001
-0.04374752	-0.01789794	0.012204345	-0.053197116	-0.04451939	0.025502726	0.027028006	-0.001499453	0.02626146	-0.007890499
0.034688372	0.045758083	-0.015370294	0.03240702	-0.0051807975	0.01700898	0.01947469	-0.030541798	0.042134076	-0.05080111
0.038910914	0.0018332046	0.033997115	2.6866926e-05	-0.0117937075	0.020834086	-0.002230334	-0.028756242	0.035392933	-0.024021681
0.016276008	-0.056851327	0.040505484	-0.06466902	-0.051692363	-0.059233356	0.033458322	-0.023348033	-0.031007258	0.04980665
0.0021820131	-0.031598978	-0.01152547	0.0055437423	-0.059454303	-0.053969853	-0.006533372	0.06930313	-0.0094867535	0.043487526
0.017031085	0.024181595	0.034163713	0.056788567	-0.012469555	0.02304485	-0.01301366	0.02931249	0.018091116	0.00970246
-0.014333156	0.04528062	-0.04776917	0.01763908	0.04014391	0.02423234	-0.03448313	0.033709187	-0.04660236	-0.024424983
-0.013842617	0.030868143	-0.06025427	0.019172696	-0.02821186	-0.029001897	0.022992795	-0.035405617	0.010382212	-0.0014469618
0.006124273	0.010710893	0.013118806	-0.045435123	-0.019681538	-0.01937527	0.0294582	0.031339373	-0.012282016	0.06958658
0.01801808	0.00086924405	-0.037898783	0.038003393	0.01193573	-0.010276009	0.009024909	0.02676898	0.06340411	-0.052990336
0.008079802	0.02039491	0.03609464	-0.0094042495	-0.043755386	-0.040477246	-0.010614446	0.004910247	-0.02180098	0.032240767
0.011753003	-0.048593108	-0.0038212177	-0.014774681	-0.0005482835	-0.03297798	0.010565892	-0.044516794	0.035493426	0.022787405
-0.025909066	0.015986446	0.020528017	-0.03740113	0.015201055	0.018080425	-0.008866369	0.0074696727	0.00162422	-0.027534796
0.014063981	0.019776402	0.010633341	-0.015630223	0.007841042	0.025121583	-0.017251268	0.048232067	-0.05546189	0.036448076
-0.031898614	-0.010544695	-0.014102669	0.040045775	-0.01792287	0.03508466	-0.03275231	-0.0033450075	-0.046410788	0.022036767
-0.047457356	-0.01578646	0.0033308722	0.019573778	-0.027315881	0.03702445	0.030311348	-0.042633962	-0.047972452	-0.024182113
0.03784184	-0.009652942	0.05608316	-0.05283687	-0.023305649	0.019881448	0.016174886	-0.027046748	-0.014258685	0.05238663
-0.012128741	0.00030071437	0.022916147	-0.008488605	-0.031036593	0.05875878	0.039360855	0.0140799675	-0.03308418	-0.048814535
-0.021832645	0.035111506	-0.0267935	0.038645588	-0.029004838	0.034557644	-0.06801274	-0.009905067	-0.023197683	-0.04475716
0.0141161615	0.021529676	-0.026353825	-0.02201095	0.0038745403	-0.062092762	-0.031823944	-0.025659116	-0.055440724	-0.0249418
0.049007945	0.031901672	0.024380213	0.0055668703	-0.008879449	0.00850943	-0.011175104	-0.05053915	0.05623029	0.008394965
-0.034189574	-0.04026775	0.004701937	-0.037504677	0.025816027	-0.007932328	-0.021575794	0.025290336	0.010764056	0.0127017945
-0.04862968	0.022237174	0.009702698	-0.038427025	0.046432804	0.03355749	-0.030061414	-0.044319123	0.024060039	-0.023094216
0.054082766	0.02884119	-0.023952346	-0.036196463	-0.011593762	-0.022217873	-0.0120813735	0.023397813	0.05372637	-0.022485303
-0.0018687284	-0.0037620647	0.01667572	-0.0064906003	0.047999866	-0.019420829	-0.0049780253	-0.043658596	0.01860795	0.0057949303
0.017540671	-0.014565959	-0.0013150558	0.05688851	-0.03451596	0.053430844	-0.04419772	-0.010151229	0.05198539	-0.043761
-0.0054555414	0.0017425006	0.010422443	-0.010002796	0.041033506	-0.03206469	0.0125039965	-0.040382136	0.029732654	-0.007818632
0.045288168	-0.0171874	0.036012422	0.027897047	0.059402622	-0.009304635	0.03271886	0.028050395	0.025014186	-0.02726871
-0.03229435	0.047248047	-0.030270182	-0.021099854	-0.014125112	0.005135149	-0.01832844	-0.0048467647	0.0078507485	0.0078083114
0.024230858	0.06345589	-0.06628818	-0.012492838	0.07007013	0.06214016	-0.032011658	-0.044581667	-0.02062119	-0.06661066
-0.040186033	-0.019507634	0.03171171	-0.010580167	0.0022497545	-0.029093828	0.03433399	0.022543391	-0.007045329	-0.02171483
-0.03428824	0.037372395	-0.048731104	0.05952174	0.023728846	0.014040511	0.009771701	-0.056955222	0.019274605	0.015471532
0.045244485	0.026185602	0.013892987	-0.008090846	-0.024835493	0.009452285	-0.0132468175	-0.024379466	0.05357763	0.031161433
-0.0039368016	0.018688586	-0.055766363	0.034869455	0.07189483	0.058013488	0.01068799	-0.051501162	0.0102999145	-0.043418206
-0.041587364	0.0011055473	0.01715715	-0.032841213	0.015919844	-0.027833287	0.04798731	-0.032189045	0.01796652	0.018233951
-0.02409696	0.013845381	0.029019918	-0.011541484	-0.054276917	-0.021862112	0.031137792	0.0326555	0.0055331164	0.041330118
0.017089816	0.068908274	0.008404094	0.044413354	-0.0217908	0.022906268	-0.045592006	0.013823769	0.021859825	-0.06372415
-0.036821	0.02077725	0.013712559	-0.003694635	-0.031876057	0.01020261	0.04955868	0.03126781	-0.01845463	0.017558334
-0.04258094	-0.058231454	0.003807969	-0.0074508265	-0.005005749	0.02921443	0.0040628696	0.019494371	-0.0077299615	0.022453073
0.044699196	0.029628897	-0.03384895	0.07320998	0.014898743	0.017697038	0.0013604581	0.019061022	0.03559779	-0.020191
0.004192618	-0.009317343	-0.017838921	0.0013399085	-0.01648831	0.058987215	0.03325241	0.011432349	0.040060252	0.0024007333
0.033804495	0.023810793	0.020363031	0.018176263	0.057030924	-0.0014998283	-0.019678952	-0.04204511	0.026672674	0.021360971
0.013131918	0.040420365	-0.050622225	0.027569715	0.06225549	0.010705908	-0.040639855	-0.0024981613	0.0463602	0.031093715
0.013279084	0.041984387	-0.048918776	0.006989553	0.021949075	0.00879219	-0.0009854151	0.04463591	-0.008902265	-0.027707776
0.00037446976	0.013205817	-0.0034734984	0.008833127	0.046774857	-0.031752836	0.0005860278	0.012730568	-0.012944983	-0.03159583
-0.059389807	-0.051281366	-0.0022752357	0.002282229	0.026705524	-0.024048839	0.0250873	0.022568116	-0.046771683	-0.008430933
-0.010338869	0.00806719	0.006317952	-0.0045738155	0.017394796	-0.0055918596	-0.05342183	-0.072376095	0.028636122	-0.06513859
0.03623061	0.051959064	-0.034639567	-0.028690241	0.051419474	-0.02191731	-0.010691469	-0.051819835	0.0048127514	0.011841777
-0.012834202	0.030295735	-0.020344093	-0.0660704	-0.012078443	-0.021916077	0.05622143	0.0569869	-0.0017764803	-0.031342134
-0.016051762	-0.034489695	-0.0019252211	0.01458076	-0.06527551	-0.03206721	-0.030514132	-0.019563131	0.017283166	-0.007816517
0.060108658	0.026016088	-0.046671502	-0.014271743	0.050375286	0.005229858	0.013826208	0.023995899	-0.0007489514	-0.06467775
-0.009446164	-0.043730993	0.018888088	-0.029113835	-0.01747063	0.0025365758	0.033647455	-0.03190077	0.010398037	0.02746989
-0.0012252192	-0.053030998	0.00066181604	0.030697532	-0.046680976	0.033769354	-0.00015167192	0.055132072	-0.0008077572	0.068003125
0.027282959	0.019855626	-0.05505527	0.0016325812	0.042087298	0.015946714	-0.06915292	0.01855873	-0.002677721	0.013882361
0.023048947	-0.027476238	0.011851338	-0.06967016	-0.0022943418	0.011337686	-0.030244414	0.025217682	-0.04651412	-0.00058854226
-0.04845118	-0.02490545	0.036867768	-0.05829119	-0.06434994	-0.056809664	0.025720099	0.010072263	-0.0007017089	0.06722973
-0.011111227	0.046938848	-0.0067689684	0.015288978	0.036991075	0.057157826	-0.017766373	-0.052522082	-0.020095546	-0.020589456
0.010842234	0.02674852	0.0022227976	0.015294466	0.0020572646	0.018765518	-0.03763001	-0.02502832	-0.014429486	-0.023995219
0.01606188	0.0074898987	0.00053232396	-0.034910705	0.006251659	-0.07368937	0.051262043	0.016401147	-0.055806484	0.05109319
-0.0020119625	0.02723636	-0.06239892	0.023431467	0.011515059	-0.020753643	9.237695e-05	-0.009410388	-0.021696176	-0.023251176
-0.052365858	0.03412982	-0.009900523	-0.03754747	-0.043030605	-0.05329123	0.031683233	-0.027263954	0.03590366	0.0014814377
0.037057336	-0.010329644	0.024103716	0.022663442	-0.031486962	-0.003133788	0.030788256	0.018934358	-0.01698336	-0.037836555
0.033746403	-0.04032858	-0.0014485128	0.013687554	0.022833193	0.042438447	-0.045250554	0.012978263	-0.033384953	0.00497265
-0.07491573	-0.06137793	0.022832366	-0.016772185	-0.038491093	-0.030412374	0.05915105	-0.021948986	0.007088573	-0.0042537027
0.07171216	0.032783892	-0.06746131	0.031597327	0.051814783	-0.020864129	0.020485621	-0.027025396	0.07155401	-0.06838555
-0.0005201906	-0.042442087	0.0041720956	0.02947107	-0.046837863	0.027739843	-0.03970265	0.052819315	-0.013484454	0.03716137
-0.0038820312	0.022122428	-0.013392815	-0.020811459	0.019535702	0.010143606	-0.03575201	0.053379487	-0.053234775	0.020913724
-0.055358235	-0.06448572	0.016030822	0.018235626	0.022157097	-0.010691779	0.05189085	0.009431511	0.0031556948	-0.008276771
-0.038642734	-0.0074922866	-0.013992969	-0.015040101	0.0036836555	-0.03698517	-0.016223777	0.017105289	0.009325877	-0.05227227
0.012294849	0.031445708	-0.033043213	-0.014457976	0.05394951	0.02393651	-0.031257164	-0.05765259	0.030364113	-0.04490688
-0.036550757	-0.012967069	0.013173261	0.006178671	-0.00199727	-0.037229467	-0.03201121	-0.036818318	0.0023292562	-0.039896358
0.037073452	0.027126154	-0.0014397727	-0.017267784	0.04762435	-0.001529813	0.038605854	0.03185112	-0.030607693	-0.015480405
0.0054900968	-0.00064492226	0.04214543	0.028903836	-0.024303932	9.7169825e-05	0.030065084	0.03970884	-0.010294562	-0.008537709
0.0035861502	0.024976274	0.017357036	0.020163503	-0.022073101	-0.054263823	-0.0031744062	-0.012931224	0.03944686	0.0412469
0.049645424	0.048043214	-0.0006869771	-0.022531418	-0.003197148	-0.002480122	-0.046524886	0.0041604177	0.019940654	-0.06046938
-0.01395506	-0.04005411	0.06414183	-0.043302923	0.007991772	-0.057076134	0.04418838	0.014061365	0.0076174126	-0.01989681
-0.0138502	0.022529328	0.03205612	0.048410237	-0.017075533	0.0005643919	-0.02731917	-0.032108024	0.04415856	-0.037190106
0.062456854	0.013463985	-0.034971375	0.033386096	0.06881403	0.043024894	-0.050558515	-0.07306886	-0.017213	0.01791418
-0.027108924	-0.06705305	0.049116492	-0.009925566	0.0058884416	-0.036515772	0.049059454	0.03547356	-0.04916964	-0.0031570708
-0.042496275	0.020579034	0.046664316	-0.025953252	0.032661717	0.0130141415	-0.006860626	0.035984337	0.01634525	0.047179192
-0.04800355	-0.024105895	0.012212806	-0.038899653	0.0030667929	-0.017605409	0.04894166	0.052657004	-0.04691601	0.020055214
0.014825265	0.021651952	0.040696766	0.012186389	0.008175583	0.005324106	-0.028733522	-0.033505328	0.018621238	0.016803486
-0.044523172	0.024920704	-0.010087671	0.040065214	0.03388764	0.0246663	0.036455743	-0.03946497	-0.012900816	-0.005395779
0.012239309	-0.014752173	-0.010134946	-0.0003247993	0.05252483	0.042518105	-0.027501803	-0.027722407	0.04448557	-0.03498871
-0.038780507	-0.025131637	0.04880161	-0.01972795	0.028354846	-0.01573869	-0.021746958	-0.037535116	-0.049179073	-0.015746733
0.004311315	0.011005255	-0.021812841	-0.03385131	-0.021003032	0.012556969	-0.03318284	0.021044025	0.027749633	0.021955466
0.019869443	-0.0069728806	0.025409086	0.03249232	-0.011714042	0.006257566	0.028709771	-0.0010411682	-0.02359349	0.020740582
0.030986326	0.060974225	-0.00564953	0.014204057	0.038286645	-0.006020134	-0.028178884	-0.027546493	-0.020883102	-0.060248565
0.005574844	0.031322893	0.016463095	-0.020264229	-0.025859864	0.059790716	-0.056656826	-0.039401647	0.061227642	0.0069408077
0.03335101	-0.015024488	-0.0039654197	0.020226477	-0.0076776776	0.05520437	-0.03892971	-0.016905786	-0.025606139	-0.031306513
0.0012056982	-0.02929062	-0.05720182	0.024606181	0.016919672	0.034009945	-0.025236497	-0.054073963	-0.015559428	-0.013750787
-0.05435795	-0.0015270276	0.05154739	0.006610385	0.013488838	0.024713034	-0.0035592567	0.021242397	0.00657125	0.0579502
-0.010382304	0.010117837	0.0029885934	0.045197617	0.039911088	-0.0040487577	0.011412838	-0.0005055149	-0.015608382	-0.05802917
-0.04457099	0.041674636	0.006977857	0.023381632	0.04104927	-0.039782487	0.0200243	-0.031908307	-0.01758467	-0.035767946
-0.021695929	-0.06754133	0.040589333	-0.07461314	-0.045212064	0.012705167	0.028469495	0.048581507	-0.038784746	-0.016353019
-0.022872452	0.042495117	-0.013548406	-0.014170978	0.055217154	-0.010461826	-0.017425425	0.033476047	-0.035165895	0.007054892
0.0038561628	0.048537098	-0.00033699995	-0.027570952	0.062425464	0.06723727	-0.0051535885	-0.0021013466	-0.0033817047	-0.040129714
0.064202845	0.06616686	-0.006220761	-0.015725013	0.0035515581	-0.007943618	-0.05734371	-0.035317183	0.056975987	-0.0014243034
-0.0008816237	0.055122063	-0.0113816885	0.052017353	0.01131762	0.045243993	0.020599507	0.031274922	-0.029576369	-0.05079574
0.018115567	0.069623105	0.0016595077	0.06471689	-0.024692124	0.008280823	-0.04424099	0.017038219	-0.011563013	0.028748127
-0.009156417	-0.0040576807	0.051305346	-0.04905403	-0.0040726983	0.019498747	0.060091633	0.0021999143	0.0035033466	0.028120771
0.042337786	-0.016782166	-0.0147616835	0.009663258	0.026489574	0.038789738	0.006918514	-0.012191216	0.035250206	0.018231068
-0.018600991	-0.010453391	0.00717447	-0.03541366	0.027630372	0.014533664	0.021982325	-0.013716213	-0.042918585	0.041911867
0.013553525	-0.011485297	-0.059941914	-0.00057472475	0.0062104696	0.027845263	-0.009162556	0.013491683	0.054058645	0.016845645
-0.01749415	-0.024680413	-0.026501825	-0.02959536	0.04442153	0.0077026	0.0009943448	-0.024685113	0.046560697	0.013905477
-0.028829275	-0.029139904	-0.01640139	0.0035009857	-0.050028604	-0.057350304	0.018990992	-0.012565278	-0.06448406	-0.028246073
-0.05229407	-0.0030035798	0.038949218	0.00845257	-0.030818665	-0.04044931	0.020412223	0.024355704	-0.021664828	-0.009761846
-0.021229606	-0.027814731	0.027028155	-0.008894381	-0.029074889	-0.0073349266	0.032669626	-0.03734857	-0.017047701	-0.021924533
-0.053457156	0.015665924	0.077955715	-0.019939663	0.013641348	-0.012299549	0.019677773	-0.020925315	-0.0647791	0.04536324
-0.010133512	0.026997164	-0.024615567	0.017195307	-0.04401296	0.009482739	0.052892067	-0.006543571	-0.029347578	-0.010173847
-0.011630016	0.03351278	-0.07477886	-0.007820498	0.0064200475	0.03210212	0.02314451	0.012157833	-0.019944431	-0.045145918
0.0001915117	-0.010916232	0.02940031	-0.01914726	0.011425052	0.01049488	0.047777213	-0.00346359	0.0060398607	0.057428766
-0.03528562	0.00834944	0.036121406	0.0053804596	0.043469157	0.022160212	0.040710546	0.038772106	0.039808728	-0.021933263
-0.030604627	-0.06096459	0.03779494	-0.0071079545	0.00789068	-0.062052056	-0.04035767	0.0388129	-0.010955954	0.021369051
-0.003697816	-0.056960225	-0.0005182134	0.008085589	-0.005656806	0.006793892	-0.0007599964	0.04950271	-0.0064311735	0.040704798
-0.031057842	-0.039486356	-0.0015360818	-0.05952674	0.0062608095	-0.0084940735	0.03308239	-0.026160335	0.016995873	0.02468308
-0.044877604	-0.016665619	0.010082035	0.0027579216	0.010425107	0.01769624	-0.03497353	-0.03404923	0.036347434	-0.0032524604
0.04545531	-0.008261597	0.04290226	-0.040420733	0.03640635	0.022126809	-0.010239117	0.030579224	-0.009376616	0.03223803
-0.05492338	0.017797016	0.02759273	-0.039501067	-0.038823336	-0.028766502	-0.0075721834	0.045289442	-0.02307706	-0.002235212
0.017904265	0.04864525	-0.023134688	0.051283266	0.007228878	0.024120765	-0.04575829	0.010700838	0.06416579	-0.014955662
-0.0147795	-0.012870716	0.04247576	-0.041013114	0.011727955	-0.027900469	0.010046754	-0.007200871	0.01965399	0.032356724
-0.050578892	-0.021787398	0.0372063	-0.038386907	-0.022568027	-0.009631524	-0.0059482693	-0.026038177	-0.06194032	0.0046810145
0.051561147	0.05116468	-0.033268824	0.012375471	-0.017125757	0.04695244	0.04149802	0.0083822	0.063086875	0.020970749
-0.018256841	0.058084752	0.03766904	0.0037542973	-0.00097208767	-0.037673146	0.025716418	0.006413352	-0.02543899	0.015652321
0.0063434085	0.021169199	-0.037030756	-0.043007806	-0.031457618	0.0037483517	0.006640431	0.010162973	0.03116788	0.04435666
-0.027271774	-0.036842443	-0.009061476	-0.040567216	0.004120173	-0.032784175	0.037480254	0.008140786	0.0055791405	0.033886474
-0.031191146	-0.05709093	-0.014271345	-0.03551596	-0.07159291	-0.03219044	0.035010405	0.03280908	-0.00841413	0.039724115
0.03538047	-0.059043545	0.020888425	-0.022043167	0.022094496	-0.040943243	0.012456634	0.037130244	-0.04777378	0.03257832
-0.056981824	0.021547502	-0.0043980232	0.03018053	-0.025992248	-0.05239911	-0.022402206	0.009331535	0.03364434	0.0074708094
-0.015978422	0.01823466	0.0039152624	0.025316093	-0.029097717	0.04093323	-0.0067065787	0.032135695	0.048393294	-0.0016612175
-0.02092311	-0.033778302	-0.0037469494	0.04822495	0.0033511585	0.012530065	-0.036296982	0.015370668	0.022999778	0.001654985
-0.009359459	-0.0054847	0.0066901967	0.010997467	-0.049560968	-0.007173742	0.011099643	-0.01792079	-0.03171499	0.016626526
-0.051995832	-0.03080436	0.036439285	0.017335178	0.024570111	-0.021989984	-0.008594169	-0.0002484941	0.01323643	0.042316735
-0.06074927	-0.025749857	0.06835013	0.0063775694	-0.06579698	-0.02496081	0.019905506	0.031463634	0.00965766	0.05415929
-0.009845333	0.018965201	0.02049146	0.006840592	0.009394505	0.011483087	0.026033586	-0.020121535	-0.034689445	0.041423693
0.0139728105	0.005648661	0.011313925	-0.032110915	-0.03840098	-0.0162537	0.0078049116	0.0049488363	0.0024858855	-0.007419105
-0.018551648	0.015053554	-0.021614514	0.010301032	0.019848427	-0.02228468	0.010697267	-0.03128095	-0.0007112459	-0.050480288
0.056033768	0.056153353	-0.02530331	-0.011687637	-0.023491804	-0.016884474	0.020015365	0.024684405	-0.016518397	-0.018458433
0.045712687	0.003364934	0.037376415	-0.016560944	0.024208693	-0.010596662	0.015305401	-0.018420855	0.02573462	-0.016900236
0.031783056	0.02400797	0.020113913	0.022875221	-0.023810945	0.017064933	-0.014477406	0.006905261	-0.009159468	-0.01903728
0.018614838	0.0062091094	-0.02328933	0.011064759	0.048578225	0.03120744	-0.02445371	-0.03276345	0.04776885	0.018962916
-0.008422845	0.05406695	0.01642011	-0.0027653056	0.057315182	-0.009133834	-0.022461833	-0.0463644	0.06901453	-0.018906582
-0.0005062545	-0.053013887	-0.02495614	-0.0095099965	0.00015630247	0.02483798	0.009798889	0.025456246	-0.051114548	0.03282594
0.044118974	-0.010845326	0.042831514	-0.016363576	0.010943586	0.015448399	-0.049923826	0.02919675	-0.03406969	0.010330821
0.020467306	0.0025318193	0.007268765	0.009334813	-0.03209067	-0.033662964	-0.0133629665	0.067605875	0.01864659	0.014461394
0.047258057	0.022331445	-0.05338129	0.06490216	0.04511646	0.068012014	-0.017496083	0.026615968	-0.018255215	0.022521282
0.03665537	0.02278772	0.0069870288	-0.05636385	-0.02064891	-0.005731122	0.0138759175	0.04271293	0.022731699	0.0523116
0.044432167	0.0065089506	0.008891875	0.025044926	-0.0064089675	-0.019609194	-0.017276859	0.0044592214	-0.017574538	0.05085914
-0.027259154	-0.024530392	-0.019883169	-0.009432666	-0.0076623145	-0.031074189	-0.009593731	0.027305484	-0.0023800244	-0.05159072
0.06532304	0.027211148	-0.03941393	0.052517366	0.06959561	0.06586995	-0.036379788	-0.014845659	0.065091886	0.0050198347
0.018503845	-0.024686314	0.06242469	-0.045243982	-0.0049084662	-0.039449383	0.036492396	0.059417214	0.015767625	0.018766783
0.00036443042	0.006897235	-0.014495894	-0.0024464412	-0.06770194	-0.06354694	-0.025063165	0.06334136	0.009528628	-0.0005192803
0.042225134	0.074299924	-0.05452142	0.028304152	0.07204689	-0.014964756	0.025504854	-0.041960645	0.037271008	-0.055432636
-0.029346438	-0.02447548	0.03859491	-0.039868694	0.019772518	-0.04297087	0.023043571	0.05283262	-0.045592364	-0.019796468
-0.02667716	0.00027292152	0.020751907	-0.021402508	-0.014462359	0.023285722	-0.014476119	-0.032359127	0.04590809	0.042334486
-0.050899033	0.00809392	0.0058869515	0.03083703	-0.023972897	0.019822877	0.033744074	-0.008129023	-0.01375463	-0.019785192
-0.028965672	0.0069569917	0.04057237	0.0056483583	-0.027765393	0.016843988	0.048729174	0.035011612	-0.0122506805	-0.025800824
-0.029147409	-0.038839117	0.015236399	-0.030975094	-0.027311867	-0.015924867	0.015958894	-0.029199023	-0.063958235	-0.00073520484
0.053210966	-0.0137944585	-0.002659878	0.024384506	-0.020908179	-0.03977301	0.023064567	-0.049259827	-0.023978917	-0.02954081
-0.033117507	-0.03148178	0.038928464	0.042577725	-0.04271091	0.0065639997	-0.008908765	-0.026626669	0.041835964	0.033384193
0.01808185	0.017550772	-0.020340126	-0.019175703	-0.030531067	-0.06880871	-0.02978173	0.019171575	0.018833827	-0.020105591
0.028946994	0.038113177	0.049106825	0.041458398	0.023779722	-0.04015676	-0.016321525	0.05069135	-0.03350021	-0.015533569
-0.03331502	-0.008533577	0.0056067337	-0.020953396	-0.033131793	0.013262699	0.03180797	-0.039299008	0.061061222	0.01797131
-0.0015493067	0.037868425	0.032753713	0.029773934	0.0014524782	0.014770109	0.0494864	-0.05522825	0.010402399	-0.0056402064
0.03105232	0.038552478	0.007811943	-0.045225367	0.024388507	-0.011475672	-0.04183241	-0.034502693	-0.023676042	-0.010315327
0.046943452	-0.02249577	0.04074261	-0.030382212	-0.022786593	6.130912e-05	0.026965987	0.046739955	-0.0057327184	0.0005291316
0.013020967	-0.033282697	0.034524925	-0.0006674328	0.00823473	-0.057238463	0.05795945	0.01103868	0.029455753	0.0050452137
-0.023558876	0.019378968	0.04741183	0.022238204	0.043810565	0.04479285	0.0007780394	-0.050038792	0.04310608	-0.03157267
0.03337656	-0.05495142	0.037487347	0.019239275	0.016791468	0.022048853	-0.019759698	0.006572578	0.0148841515	-0.03868826
-0.013390661	-0.020762807	-0.020845745	0.020147955	-0.029769614	-0.049239896	-0.018147277	0.034463312	0.027086327	0.05568076
0.011167288	-0.030628018	0.038449004	-0.057119556	0.016306035	0.0074804253	0.013182958	0.037604637	0.026547413	-0.046581987
-0.048070744	-0.0240605	0.008754752	-0.013457579	0.024906918	0.004348218	0.018388597	-0.033210594	0.0020038479	-0.015961131
-0.06690726	-0.0625998	0.039542735	-0.0610166	-0.027826885	-0.0150338	0.05573676	0.020470701	-0.04682299	0.065096654
0.015562444	-0.01479483	-0.030283565	0.021076987	0.02009213	-0.022394449	0.022765525	-0.019455662	0.0023379584	-0.0031156647
0.04347977	0.04222509	-0.0079767825	0.037870254	-0.0023979144	-0.03669356	-0.0118380785	-0.058628775	-0.0020226643	-0.039774958
0.041789748	-0.026773108	0.024556784	0.013720007	0.011869207	-0.048600968	0.016723154	-0.036144305	-0.03621496	-0.042697515
-0.008288053	-0.025805231	-0.010410361	0.038250092	-0.03834264	-0.010901116	-0.022675095	-0.021072214	-0.0054265847	-0.049686193
0.039614692	-0.012718594	-0.030624978	-0.04251968	0.006342896	0.0068230974	0.015397982	-0.0031442381	-0.02772609	-0.040536873
-0.0017569001	-0.051850427	0.00038571123	-0.040354952	-0.022644687	-0.019595847	-0.050355967	-0.00011437917	0.037283815	-0.0044160536
-0.055574708	0.022899631	0.024816575	0.02308734	-0.018420627	-0.06027679	-0.029508268	0.064452596	0.002713602	-0.011740821
0.0291498	0.040638953	0.026381653	-0.0056767003	-0.01467447	0.043485153	0.0241308	-0.043805815	-0.0024393245	-0.036417674
0.0076940283	0.039229736	0.018882241	-0.04243178	0.048473597	-0.03894586	-0.0007825883	-0.010278324	0.007064849	-0.042895738
0.029756239	0.012545995	0.007262977	-0.0076555	0.052858673	0.03322039	0.031114446	0.04743541	-0.039941344	0.027673194
-0.018936688	-0.011706926	-0.014404871	-0.05451491	-0.019739544	0.011637187	-0.03811136	0.010677366	-0.0035492203	0.03233918
0.030737843	0.0266101	-0.04037647	-0.047707487	0.03817266	0.030353598	0.01234496	-0.016571326	0.049286272	-0.04853443
0.011977409	0.016390357	0.001020439	0.040690567	-0.0012704978	-0.0054495046	0.011183229	0.029950688	0.01419836	0.025040962
-0.0060493024	-0.0584694	0.06394565	-0.01124005	0.013533077	-0.032355223	-0.036876496	-0.00011858537	-0.018720724	0.024821464
0.04509317	0.0011804565	0.016461918	0.011736204	-0.03914869	-0.016361421	0.00492737	0.010303105	-0.03547184	-0.030079108
0.026130287	0.019476986	-0.052638583	0.014282862	0.04346571	-0.035845347	-0.03479764	-0.012671193	-0.023762904	0.035070308
-0.02873916	0.0057115178	0.012135595	0.046357337	-0.041789025	0.005418878	-0.03975833	0.04282225	0.043534808	0.04461078
-0.038564105	-0.05427628	0.038057208	0.0060976646	-0.03885761	-0.0028002632	0.026409568	0.020472618	0.0073711537	0.031162955
0.023458567	-0.0081756795	-0.03489405	0.036212318	-0.011158117	-0.027226048	-0.051512044	-0.05505541	0.032382246	-0.007950293
-0.028035425	-0.02077728	-0.014396298	-0.022655508	-0.059278574	-0.008352163	0.034746807	0.07002845	0.026728783	-0.03557182
-0.033378106	-0.030219257	-0.03740254	0.055364538	-0.03890429	0.056849148	-0.05543746	-0.05751906	-0.010933384	-0.007425473
0.04262995	0.03128785	-0.049407635	-0.026422272	-0.022312203	0.0525155	-0.008575226	0.0316102	-0.0051475726	-0.04248351
0.047839623	0.016121447	-0.0020014546	0.040836878	0.0029532383	0.04292981	-0.042607944	-0.048670642	0.060431857	-0.04150248
-0.06275266	0.013449261	-0.034015883	0.0003365458	-0.04493163	-0.05084209	-0.037202004	0.037555113	-0.016113777	0.0016235746
0.052315634	0.028425809	-0.011646212	-0.009974771	-0.0064129964	0.037596893	-0.06616064	0.013808154	0.0087392265	-0.050979033
0.04191483	-0.04203723	0.03247711	0.027180763	-0.03997426	-0.015521326	0.0020747422	-0.03162619	0.013467687	-0.00601472
-0.05815887	0.0051851287	0.049364734	0.014283392	-0.06541419	-0.062891	-0.012776942	0.022108335	-0.012445451	0.0430866
-0.02147936	-0.016785478	0.024827242	-0.00040729486	0.009907153	0.03341091	-0.020074561	-0.0070970994	-0.038053043	-0.027933793
0.0348362	0.06503925	-0.031077808	-0.020448444	0.036689457	0.012484757	-0.040163305	-0.032227788	0.057357706	-0.028669227
0.008119701	-0.02891927	-0.034975287	0.019365875	-0.06362044	-0.006557769	0.00097080524	-0.032318022	-0.022938574	-0.010993524
0.012852004	-0.06949342	0.01810992	-0.04381071	-0.01628446	-0.028716348	0.03939521	0.02956493	-0.05371406	-0.024993408
-0.07451967	0.004340647	0.072353445	-0.042195335	0.014957946	0.014339204	0.05369178	-0.0040569357	-0.04224392	-0.012144863
0.032824326	0.02662922	0.0076007675	0.0007978151	-0.0015866818	-0.023142597	0.03158753	-0.058891565	0.030497558	-0.05394408
0.055539764	0.00090401375	-0.0018702012	0.018384939	-0.0080514485	-0.025756693	0.012567123	9.825902e-05	0.035918515	-0.02579191
-0.0509995	-0.021873722	0.039757278	-0.04503875	-0.03324475	-0.02274934	0.039803814	0.010241143	0.0014234971	0.010082585
-0.06264418	0.018677782	0.016790304	-0.047933355	0.029399259	0.0012311569	-0.018209966	0.003693033	-0.024254313	0.06770891
0.026786666	-0.025765363	-0.05776816	-0.021094458	0.057513554	0.04363039	0.004983372	-0.041405007	-0.025495827	0.005564446
-0.044328652	-0.02288296	0.021178318	-0.0036329885	-0.015480089	-0.031899437	0.0051422194	0.019284116	0.0007752226	0.024379281
0.063614175	0.003152165	-0.029045016	0.056599617	0.038571637	0.061935693	0.0054000067	-0.047507923	0.030581204	0.0028769495
0.016061708	0.015488733	0.038043443	-0.012514845	-0.041430205	0.043786846	0.00024405647	-0.041716296	0.0029023283	0.041543946
-0.01418071	0.017443012	0.03415785	-0.03931747	0.04155506	0.012545062	0.048571136	-0.0074835625	-0.0116277635	0.031933077
-0.055221755	0.017124781	0.038422458	-0.045875244	-0.049500152	-0.07170286	0.048577838	0.0012404803	-0.02561733	0.04337625
-0.029872142	-0.005605611	-0.013838822	0.029586576	-0.055629916	-0.0055852896	0.0651377	0.021185987	-0.0246102	0.041467663
0.0247569	0.005122286	0.033472426	-0.034075383	-0.017187065	-0.014839159	-0.028170412	0.027117975	0.016271362	0.035777353
-0.009027777	-0.03508012	-0.018321319	0.021783214	-0.03759434	0.0069647375	0.00956155	-0.03095229	0.033179887	-0.024631104
0.018828165	0.039783165	0.030110156	-0.01040308	-0.02834293	0.019220088	-0.013169235	0.019919822	0.019013911	0.045045927
-0.034228906	0.013152277	-0.014438425	-0.0051228656	-0.04683055	-0.036405705	-0.005316277	0.026700487	-0.023895424	-0.004060652
-0.050149947	-0.0413589	-0.017257271	-0.023675278	-0.045542922	-0.024667712	-0.047175262	0.004621657	-0.019295176	0.048162904
-0.043756355	-0.0567938	0.06963859	-0.074745685	-0.05828294	-0.06388021	-0.0130530195	0.03807188	-0.025099799	0.071452506
0.024647258	0.03932322	-0.0071585746	0.038335506	-0.00037392546	0.055777874	0.02845055	-0.04766787	-0.0061902567	-0.003788304
0.004296566	0.011684963	0.0028574588	0.0677816	0.06656856	0.031700045	-0.025241448	-0.024052432	-0.011951063	-0.06694517
-0.0047600833	0.018202307	-0.01845483	0.03484133	-0.0006653355	-0.02693564	-0.04852308	0.033724036	0.03758841	-0.024207715
-0.029237418	0.04373297	-0.0029836695	-0.022166751	0.057669077	0.018475335	-0.053422317	-0.028842352	-0.017405136	-0.035883438
0.05140791	0.03830615	0.0075126863	-0.01527631	-0.030588632	0.013171921	-0.014421569	-0.024249006	0.038650528	-0.009744267
0.018131481	0.023523517	0.035456423	0.04501098	0.020564007	0.020943362	-0.03005263	-0.028870698	-0.04556214	0.052535083
-0.068329714	0.011543479	0.068914264	-0.048436943	-0.05124825	-0.02797914	0.01952012	0.02894155	-0.029392501	0.002413691
0.0166243	-0.010882603	-0.027198605	-0.00018938533	0.017516077	-0.0075023067	0.0016174352	-0.006235925	0.05075943	0.022017824
0.018238258	0.039281614	-0.01460902	-0.03296314	0.008312537	-0.033597127	0.035215836	0.038060132	-0.043314867	-0.01952114
0.057428543	0.008135687	-0.017667037	-0.020041166	-0.0056164074	-0.0072427024	-0.043475077	0.025024898	-0.027360117	-0.013857973
0.0014321669	0.013045914	0.024467152	0.05338986	0.061549585	-0.017814485	-0.06563696	-0.023442382	-0.0030327733	0.01174439
0.018583862	0.00062083383	0.02847484	-0.035002038	-0.004171395	-0.00019805766	0.06456967	-0.01557088	-0.02944118	0.04924988
-0.017756939	0.017026803	-0.04998706	0.006775556	-0.013989712	0.055301894	0.035380945	-0.024227438	0.0030262177	0.027524529
0.0016788129	-0.016444044	-0.020937266	0.04488456	0.0072197537	0.056314882	0.032948684	0.030978268	-0.012883276	-0.033623148
0.062192477	0.06477422	-0.031335622	0.030953374	-0.007048373	0.06298502	-0.034112927	-0.008303405	-0.0074379174	-0.04511807
0.04338525	-0.0057227584	0.011391138	0.056295443	0.02549218	0.044534594	0.033400413	0.0006281043	-0.015217069	0.017780563
-0.04824506	0.03229228	0.027783774	0.03252283	0.04085962	0.010460199	0.012234125	0.028881256	-0.035409708	-0.014308581
-0.036951337	-0.026119553	-0.008821276	-0.017436368	-0.022065388	0.0071461517	-0.023367554	0.022546815	-0.028550394	0.026209373
-0.002800958	0.019273283	0.047486156	-0.007540787	-0.027508752	-0.051710516	0.010250138	-0.024363538	-0.00992495	0.003770566
-0.0076929578	-0.035998564	0.035647318	-0.05224215	-0.033012837	-0.07343884	0.035284154	0.039171565	-0.07522195	0.036931977
0.01232765	-0.0111582205	0.054337285	-0.03823398	-0.046233825	-0.05591769	-0.002261674	0.012365887	-0.03499052	-0.023010077
-0.011368631	0.04747822	-0.028443273	0.016571917	-0.0021480347	-0.0016869812	0.040483292	-0.010005779	0.0095538795	9.149902e-05
-0.007865343	-0.022847198	-0.06371306	-0.021828355	0.024184372	-0.010914957	-0.045450285	0.00071538973	-0.016201966	0.023811815
-0.02697436	0.023221062	0.03189604	-0.03880459	0.013212648	0.020820333	0.036043815	0.0018205659	-0.013845422	0.034225427
-0.036868915	-0.008443428	0.026698302	-0.0073709907	0.0154678095	-0.037103537	-0.015427759	-0.020069128	-0.013459303	0.041509975
-0.0037094369	-0.0009533296	0.025176287	0.029911123	0.036983043	0.028156634	0.01757374	0.008454653	0.045298435	-0.0631656
0.030922238	0.0070826206	0.033478852	0.021164682	-0.017529653	-0.041440923	-0.016514337	0.024434242	-0.024147816	0.030895604
-0.03116621	-0.02720095	0.0030268468	-0.042343225	0.007385126	-0.04639363	0.025893925	0.020317553	-0.047385786	0.05373035
0.00812483	0.012899864	-0.017573126	-0.042123597	-0.011422567	-0.04231525	-0.0528118	0.041163523	0.012446076	-0.027974602
0.020493507	-0.027552415	-0.006621953	-0.015449653	-0.023383202	-0.028521951	-0.03336005	0.020273553	-0.0061173798	0.015231483
-0.0332753	-0.04103446	0.014718692	0.02911492	0.00072759466	-0.01837609	-0.020524405	0.04689359	-0.0036374428	0.048854023
-0.06320002	0.020506121	0.009512904	-0.0076108896	-0.0754388	0.0019364972	-0.010619461	-0.013047931	-0.0045350078	0.0023605502
-0.048646	-0.05072163	0.03544673	0.016398186	0.039079204	-0.018540502	-0.015140689	0.00568967	-0.03745264	0.01795705
-0.036916543	-0.04388769	0.00016513573	-0.044513267	-0.07181733	-0.0428977	0.05905702	0.0005146745	-0.025650768	0.0021643867
0.029401686	-0.0005200939	0.03969368	-0.03292941	0.008785133	-0.051971585	0.03500478	-0.00040246363	0.029615693	-0.03611535
0.0022351246	-0.011400137	0.033071436	-0.012299971	-0.034472167	0.008586421	0.01610383	-0.04176825	0.03972665	-0.043010462
0.006037587	-0.006091363	0.02653398	-0.020550918	0.02726421	0.054974597	-0.026252659	-0.06552545	0.029273782	0.03202991
0.019629808	-0.034085132	-0.027548172	-0.06104047	-0.04658717	-0.022332404	-0.029652871	0.018785141	-0.060433697	0.056676395
0.043774284	0.04071067	0.021952948	0.00694543	-0.025378413	0.014165122	-0.053456035	0.018956622	0.06196529	0.038126677
-0.043382768	0.006267151	0.04298129	0.044748276	-0.051323656	-0.05135603	0.013623846	-0.00784024	-0.03795726	-0.037333634
0.03404812	0.012791046	-0.036798548	0.042601474	0.024430811	0.054743987	-0.031759076	0.018608619	0.010327417	-0.07332498
0.012234739	-0.048780557	-0.028907668	0.012824354	0.005122247	-0.009240333	-0.034194168	0.045927376	0.00952984	-0.021640442
0.018919857	-0.0032875289	0.0012607974	-0.030577196	0.020987812	-0.007034605	0.022188181	0.06898664	-0.037609868	0.036477692
-0.039236657	-0.03935569	0.04362831	0.0018189701	0.009389559	-0.031496298	0.0035055475	-0.010199953	0.03521288	0.0063304272
0.02241651	-0.02714956	-0.04032711	-0.03712125	-0.025450656	-0.032867126	-0.00800918	0.04846251	0.0026660096	0.0010710169
0.016206725	0.05492242	-0.034860324	0.021146752	0.03300945	0.049417187	0.018533839	-0.050082423	0.047662858	-0.021966401
0.0086501045	0.010934619	0.06579904	-0.051650833	-0.03807933	-0.036608227	0.03699619	0.051773116	0.015590651	-0.0042815087
0.03294283	0.05277389	-0.033519138	-0.020483594	-0.00082918204	0.012270246	0.024559846	0.005705262	0.025298322	0.040761642
0.0141618885	0.038495075	-0.031497348	0.0032349767	0.047095202	-0.013085224	-0.0051270234	-0.04446705	0.008308488	0.041918952
0.034116417	-0.008381219	0.015509573	0.055098366	0.012219825	-0.010799628	-0.0053265765	0.0137086315	0.04906104	-0.070116475
0.062051892	-0.02598838	0.024634013	0.03188388	0.020109624	-0.002381747	0.043283805	-0.019575065	0.018455494	-0.048747774
0.06255561	-0.016485807	-0.054864984	0.015191855	0.04417253	0.019667955	-0.0012088697	-0.03668885	0.008734895	-0.038564965
-0.033523366	0.025909431	-0.03823572	0.029987657	0.026435819	0.010557733	-0.023178527	-0.057796	0.010150155	-0.01278124
-0.039889935	0.030071314	0.02823097	0.021489806	0.0015568903	-0.028478963	0.024389798	0.04170365	0.047278263	-0.029528819
-0.021955205	0.012934035	0.009816086	-0.021529166	-0.066182636	-0.065928444	0.068011984	0.06357253	-0.020822732	0.015610715
0.019550899	-0.005202548	-0.033589527	-0.031517938	0.015339854	0.0045667514	-0.059003454	-0.039770767	0.05979032	0.023069866
0.046309095	0.03801595	0.0417899	0.013599243	0.003215761	0.040257026	0.037489604	0.030775407	0.008273036	0.0062719756
-0.03762084	-0.035193156	0.021383997	-0.0067697726	-0.017148346	-0.050256636	0.011058756	-0.023331853	-0.05573904	-0.018980606
-0.07204591	-0.04174363	0.053808983	-0.0530655	0.0026177182	-0.052439712	0.014756756	0.034644995	-0.026867796	0.022047175
-0.0038486195	-0.025336884	-0.05598488	0.0557671	-0.028321058	0.0057863914	-0.0054454706	0.02169151	0.06448217	-0.042653576
0.043895673	-0.008779484	0.03098264	0.033120908	0.012908166	0.0017022804	-0.009652474	-0.00075595366	0.023803642	-0.0038521513
0.017473225	0.054178733	-0.075265996	0.06953321	0.025422717	0.008365352	0.046574797	-0.06748764	0.011724039	-0.028483357
0.02358772	0.02939162	-0.0063962927	0.056851465	0.05694821	-0.025204469	-0.041203003	0.008891834	-0.022329496	0.016322989
0.018138392	0.0041856584	-0.053297408	0.04698505	-0.012352257	0.00024078114	-0.048775904	-0.015506334	0.049487375	-0.03548404
-0.0286472	-0.037832182	-0.030303674	0.0036613396	-0.056186285	0.012188903	-0.009023393	-0.02037362	0.013696231	-0.0188136
0.024260249	-0.037375275	0.022372048	0.010523516	0.024736889	0.0025561329	-0.0009714385	-0.014096313	-0.041250005	-0.030746674
0.037695255	0.06295826	0.011586763	0.04206141	0.010865823	-0.014756791	-0.03107895	-0.055021204	0.009370517	-0.030199692
-0.0025448967	0.05235136	-0.0055187405	0.010835633	0.0074051707	0.05484867	-0.014281491	-0.017242735	0.06050447	-0.010387523
0.021429742	-0.017788863	0.051831767	-0.011123241	9.729353e-05	0.027322933	-0.03797275	0.0074472013	-0.057827678	-0.005478525
-0.051824566	-0.0029365143	0.013179449	0.025109109	0.008595025	0.0022577932	0.020744376	-0.034161426	-0.047211826	-0.013998572
-0.008248016	-0.0035289666	-0.010298427	-0.019328423	0.053155888	-0.007428772	-0.037937358	-0.049853258	-0.015437537	-0.01637004
-0.04133996	-0.041712735	0.02609837	-0.029779455	0.012695045	0.02752384	-0.005385597	-0.0032043774	-0.012489728	0.047906216
0.015231312	0.020069176	-0.0067187287	-0.03701236	0.015120844	-0.021315286	-0.04451978	-0.037084788	0.030170156	0.008385452
0.049343936	-0.020181935	0.032978036	-0.025399055	0.025394356	-0.029429525	0.026545653	-0.041777443	0.055112872	-0.026073078
0.04440528	0.033024233	-0.017610919	0.014023309	-0.0005856598	0.01890208	-0.00730048	0.03718319	0.007904566	0.04743738
0.05499738	-0.005335634	0.021907259	-0.0071922187	0.0037518118	0.07536064	-0.06254375	-0.063004896	-0.0065320805	-0.04872349
-0.025491148	-0.0051113996	-0.038343072	0.020162297	0.035668653	-0.0040054577	-0.020905012	-0.007219418	0.00229692	-0.03543872
-0.03296894	0.02374922	-0.040680118	-0.019799609	0.051427465	0.060044665	-0.06718646	-0.063621014	0.036185768	-0.029782306
0.031753793	0.05551373	-0.054434173	0.0060667214	0.062191382	0.0608254	-0.016510153	-0.013773492	-0.0030140565	-0.017685015
0.030041229	-0.048956927	0.054516237	0.0040902495	-0.041450277	-0.016230166	-0.047684565	-0.026428215	-0.03138142	0.03986166
0.0043622963	-0.03381337	0.0119201215	-0.0008563697	-0.031465255	0.0036856146	-0.026013942	-0.045439932	0.0565201	-0.05120197
0.030000143	-0.007970246	0.045203026	-0.023160072	0.021958804	0.023047546	0.053296838	0.006013195	-0.008544102	0.005550565
0.043659065	0.026769917	-0.01838543	-0.004248828	0.055432316	0.051093847	0.021640282	-0.021962035	-0.011540513	-0.015234405
-0.027062666	-0.072810985	0.03216667	-0.012124337	-0.03095739	4.3858767e-05	-0.020987835	-0.014434842	-0.044856843	-0.015605621
0.037240047	-0.0056079063	0.030102542	0.06337337	0.02207713	0.065908276	0.007395064	-0.062015105	-0.014861518	-0.03211566
0.0041470043	-0.02543332	-0.011143845	-0.0036416487	-0.016211867	-0.07432387	0.020567708	0.015101331	-0.024512101	0.020572726
-0.034155954	-0.030298868	0.05968488	0.019960351	-0.068338096	0.009598707	-0.025090015	0.06975432	-0.03967887	0.0595718
-0.008754195	-0.009827435	0.004572418	-0.01950728	-0.0031805944	-0.02578614	0.028832037	-0.0025829985	0.03453845	-0.004782245
0.019853652	-0.012451159	-0.064427264	0.06382566	0.064556845	0.0644931	-0.0047045113	-0.06413399	0.065824896	-0.0015395102
0.012721537	-0.03223748	0.05196465	-0.041151654	-0.02277656	-0.012831334	-0.032529708	0.0027326923	-0.05775841	0.030029837
-0.008585939	0.010464037	-0.009139404	0.02099818	0.017576778	0.01075572	0.013858945	-0.05475715	0.037285645	0.030386556
0.011256454	0.013034859	0.012067678	0.04254793	0.05951196	-0.031043768	0.023725852	-0.057993945	0.050475903	-0.027269024
0.064315446	-0.011662454	-0.04545371	0.049182344	-0.012698371	0.057142098	-0.027077002	0.017354121	-0.014917639	0.0035521556
0.065760314	0.050478242	0.0027318771	0.029556401	0.025885051	0.058848213	-0.015694344	-0.029104576	0.04719498	-0.019212356
-0.015334628	0.037040554	-0.02764584	-0.03234497	0.014495177	0.033437196	-0.059300397	-0.056467414	-0.0034234766	0.005544662
0.014690223	-0.062288377	0.027739234	-0.011615509	-0.022750633	-0.03543976	-0.03391414	0.06996363	-0.041924417	0.05095508
0.020806234	0.005988396	0.056814637	-0.0006799766	-0.008890978	0.020526439	0.018660912	-0.012639809	0.02191299	0.058067862
-0.013412974	-0.007939716	0.04319639	-0.021545475	0.0026026978	-0.070855856	0.027487485	0.03937404	0.015990287	0.027065558
-0.012942613	0.04400731	-0.018481692	-0.04902058	0.013709567	-0.0149435485	-0.033483364	-0.027352381	0.013691113	-0.027596157
0.017364563	-0.030341791	-0.015372498	0.015267489	0.03707119	-0.02821709	-0.05210513	0.017104385	-0.02356639	0.003588188
-0.04057115	-0.026486712	-0.00987245	0.012732559	0.050099898	-0.025457976	-0.0359818	-0.019736463	-0.023740895	0.020287678
0.016948083	-0.007140727	-0.0105802575	0.029886182	-0.05156398	0.018953973	0.014499837	0.010953043	-0.041507777	-0.03043377
-0.027092772	-0.026777497	-0.015525297	0.0028894807	-0.046558294	-0.032405246	0.04662449	-0.018302174	-0.016101843	0.03407158
-0.001293663	-0.010798991	0.0133584365	-0.011890411	-0.028886573	0.025132747	0.038041268	-0.036644936	-0.028900651	0.032866757
-0.02580071	0.034419045	-0.015342993	0.030561715	0.008187446	-0.009623331	-0.0018687595	-0.004047444	0.032136396	-0.005764314
0.018300332	-0.0297777	-0.008637571	0.021796808	-0.022841292	-0.0062233284	0.024414146	0.041213233	-0.0010911558	-0.02341053
-0.025332682	0.043943785	-0.0040119574	0.036079407	0.0449375	0.049880113	-0.014491832	-0.053036187	0.0023809394	0.0034691945
-0.033976123	-0.035675753	-0.033512667	-0.025804237	-0.039040815	0.022747558	-0.051601466	0.033370312	-0.02794563	-0.0069194864
-0.029662028	-0.04556887	0.013981928	0.009004603	0.010143506	0.0049485345	-0.0135263335	-0.017729983	0.03198105	-0.018921578
-0.0016691136	0.025900926	-0.012571957	-0.04193251	0.0347777	-0.011821412	0.04661864	-0.043571573	-0.008865304	0.02565879
0.030699905	0.009183352	-0.043868035	0.034310058	-0.033085335	0.024572816	0.011151506	0.04245258	0.01256956	-0.035855204
-0.008357363	-0.008741758	-0.021495676	0.004794015	-0.033101927	0.02970219	0.022207893	-0.039259095	0.035821497	-0.0067597455
0.044520754	0.05222015	-0.060754642	-0.009307693	0.03509085	0.04610292	-0.024161527	0.0075317337	0.045904823	-0.018861873
-0.023555813	-0.0009972957	-0.021469323	-0.022213556	0.014662341	0.0006678855	-0.008319204	0.056331046	-0.070612594	-0.024603788
0.002278211	-0.0023364516	0.045937233	-0.032008514	-0.03616218	-0.048171453	-0.052420106	-0.0011732787	-0.0039914865	0.04441122
-0.00019972248	0.005333918	-0.009949494	-0.023537315	-0.05228156	0.014328849	-0.01654439	0.044738453	-0.06869338	-0.0058798636
-0.05806575	-0.06568738	0.071214475	0.007392267	0.022849523	-0.03862955	-0.009415147	0.0544112	-0.029429669	0.05483854
0.011810968	-0.03984759	0.04758976	0.024304431	-0.03673242	-0.023334991	0.0007792556	0.024984537	0.008525525	-0.022726243
-0.030868253	-0.034814786	0.014806105	0.010172814	-0.02994858	0.018151555	0.02250636	0.011032173	0.039641503	0.042200185
-0.04528349	-0.0137183545	0.0069499873	0.016726574	0.006123126	-0.038839392	0.03587615	0.021651251	0.012843079	-0.021419331
-0.06993234	-0.029612921	0.058731347	-0.048801288	0.0023762002	-0.017345246	-0.019315578	-0.013298189	0.022825802	0.071749866
-0.048462957	-0.0022198672	-0.0435933	-0.04651221	-0.04476258	0.014036328	-0.034741633	-0.016731162	0.047831263	-0.0069362586
-0.017639771	-0.013136079	-0.015819607	-0.01541726	-0.03523277	0.01888856	-0.048055153	0.040387176	0.021748805	-0.03957062
0.029287202	0.05077506	0.00815661	0.0066426024	-0.041407075	-0.02293552	0.037222393	-0.00947774	-0.0216477	-0.033717696
0.051393468	-0.029865287	-0.031703424	0.011566949	0.026476419	0.04670483	0.021920953	-0.05008828	-0.0070657404	-0.045527592
0.023866853	-0.03428304	0.046396803	-0.051281348	-0.056502488	-0.07099705	0.026971878	-0.012690553	-0.03844016	0.028796265
-0.0032153593	0.007778809	-0.02303027	-0.04044175	0.020126184	0.044034466	0.0067254817	0.0012174259	-0.03580874	0.009473975
-0.027705796	-0.038328517	0.019293813	0.020980075	-0.017435439	0.018602736	-0.022902953	0.043799825	0.01920893	0.044212822
0.0010411724	-0.057625346	0.0040302	0.009162469	-0.03554424	-0.076424934	-0.006939179	0.05863061	-0.010604993	0.026729368
-0.022102892	-0.027874976	0.029638078	0.0005316534	-0.0488809	-0.04731753	-0.005841647	0.016867325	0.015140305	0.03371859
-0.015962612	-0.020109683	0.057386696	0.012897145	-0.03964487	-0.022218531	-0.019295737	0.019896183	0.017950207	-0.002219808
0.006105408	0.035642415	-0.05635366	-0.0024387478	0.06051165	-0.021799847	-0.0482493	0.014736298	-0.020006968	0.03392918
0.014629517	0.022374716	-0.036448374	0.00893435	0.053142536	0.0031625256	-0.039535835	0.009052637	-0.0063062008	-0.055214282
0.0070975474	0.029902223	0.005256239	0.0036201926	-0.036187407	0.018368704	-0.026598949	0.018654836	0.044025376	-0.03482157
0.053620216	-0.03458496	-0.03260057	0.036986977	-0.022764038	-0.03400357	-0.009544105	0.018965285	-0.0061631883	-0.018686673
-0.02973275	0.020942869	0.023856167	0.01702835	0.02512946	0.009109484	-0.0031356018	-0.03147563	-0.03285584	-0.03644459
-0.020873092	0.04436381	-0.049284235	0.04013387	0.010309733	0.062467787	-0.006978422	-0.024816578	-0.025459152	-0.02449421
-0.026450548	-0.012072956	-0.021962373	-0.039578382	-0.053086437	-0.00022441155	0.007983836	0.019097997	-0.026980089	-0.029346293
-0.043543685	0.008476427	0.0033208083	-0.012901343	-0.06915064	-0.054217137	0.0031452181	0.00041872493	0.016005037	0.070347324
-0.031345893	0.015556416	-0.0069583524	-0.033545088	-0.056335248	-0.029504178	0.06540792	-0.0074697454	-0.021155888	0.032103945
0.046626873	-0.0021654207	-0.020539602	-0.031239387	-0.01373466	-0.03070816	0.023770157	-0.011304859	0.01912295	0.010000603
-0.014209389	0.031467654	-0.023941433	-0.00090175477	0.0035852774	-0.051756505	-0.02646185	-0.0010104488	-0.0045645735	0.03184194
0.05121387	0.0021867233	-0.052008566	0.040804215	-0.02101884	0.021896433	0.007819264	-0.027547738	-0.02920947	0.022302613
-0.038001817	-0.03041458	0.066804014	-0.029658746	-0.06615731	0.0010590684	-0.015672574	0.07569724	-0.04443526	-0.00529997
-0.02597543	-0.016846383	-0.008241107	0.009184264	0.034314625	0.031080058	0.043433484	0.002449262	0.029201591	-0.004779424
0.046029724	-0.0030433228	0.004674712	0.045893613	0.015542692	0.041374367	0.028074998	-0.05121109	0.024917392	-0.045204293
0.03324682	0.033399176	0.022063078	-0.025911879	0.036772016	-0.0045285956	-0.0010079687	-0.027131738	0.021227386	-0.05002781
-0.026008302	-0.030980961	-0.0028992237	0.061448384	0.05758529	0.04083047	0.024592925	-0.01858919	-0.009634128	-0.005862769
-0.0132120615	0.0063205133	0.007336262	-0.021408848	-0.018754628	-0.036755033	0.009082918	-0.046871223	-0.022200756	-0.022100257
-0.023846438	0.022930091	0.039125256	0.022656884	0.037809134	0.021442523	0.020416196	0.04473935	-0.021661561	-0.009365332
-0.017464004	-0.003504932	0.02742329	-0.009651574	-0.02831452	-0.003449597	0.024160419	-0.021469692	0.0019526117	0.018020978
0.045406222	0.00013895064	-0.005488643	-0.0021825351	-0.017868163	-0.010352837	-0.010313172	-0.045882452	0.028177224	-0.04441735
-0.038059853	0.042670067	-0.03709408	0.015746968	0.04736158	0.0054812334	-0.033425465	-0.008537519	-6.8834925e-05	0.00039138712
0.023388823	0.02424249	-0.005068577	-0.037169546	-0.02320443	0.0012625675	0.027781703	0.058352217	0.007538857	0.006094083
0.01005521	0.0020877935	-0.022285907	-0.01658579	-0.0156061975	-0.0067941556	0.00034182635	0.027299447	0.006418228	0.009145855
0.05899985	0.043914072	0.0023467345	0.0054930327	-0.006192634	0.009168639	-0.06928246	0.016969062	0.068432145	-0.015719363
0.01729652	-0.0085620405	-0.04438616	-0.0038405277	-0.037087936	0.026256405	-0.039605845	0.024895567	0.021791568	0.018733148
-0.01731587	0.011228335	-0.023804884	-0.020181214	-0.006911424	0.015676457	-0.02700816	0.027272608	-0.0025651385	0.05132593
-0.0021919648	0.043866303	-0.024169989	-0.03450216	0.03873827	0.028955143	0.0040464145	-0.037486684	0.005407864	0.049976945
0.013592455	-0.011414307	-0.03174072	-0.025167404	-0.053601865	0.027651116	-0.0055554374	-0.017275436	0.034333605	0.008658108
0.052118547	0.019886315	-0.04308951	0.038424432	0.029143913	-0.0061600977	0.026230332	-0.047155716	-0.013623333	0.0046614446
0.062187545	0.021272825	0.015513848	0.020128911	0.0043723076	-0.004896061	-0.038769156	-0.009775704	-0.008264779	-0.048265845
0.014207769	-0.0490591	0.032838337	0.044515423	0.010775897	-0.024317106	-0.011841302	0.04371817	-0.027900157	-0.038145173
-0.0037158015	-0.009501487	0.0413964	-0.039928485	-0.044342928	0.010411301	0.035007484	-0.0067263157	-0.053321015	-0.040760074
0.033015985	0.0071607633	-0.0142722465	-0.013201541	-0.031529367	0.0048967307	-0.0039304774	-0.031826083	-0.01651462	0.017655022
0.024725996	0.02863229	0.01959119	-0.03867209	0.015346436	-0.03657781	0.03695778	0.028475253	-0.05119683	0.049472
-0.03785982	0.012156345	-0.006149938	-0.038452193	0.008277058	-0.06775974	0.03966271	0.041604627	0.01135188	0.04090255
0.004589908	0.03489096	-0.041578375	0.027242217	0.063614756	0.02697346	-0.026384663	-0.055039912	0.008591954	-0.0022365756
0.026614161	-0.008943765	-0.05895618	-0.010197165	0.058209	0.002980252	0.007814938	0.03685082	-0.0017810109	-0.0066631297
0.04235322	-0.0072666295	-0.053200714	-0.0061111483	0.00070030784	-0.024285745	-0.027797295	0.03346966	0.007916068	-0.03829155
0.02229898	0.06371917	-0.006395624	0.0148630915	0.009955341	0.033265304	-0.062456455	0.019401439	0.07063461	-0.05385751
0.06772728	-0.018835552	-0.051336266	0.051848013	0.05608044	-0.0003262462	0.0055106427	-0.019434126	0.041439373	0.008477729
-0.010425812	-0.003992648	0.031058008	-0.029685736	-0.018599672	-0.05189903	-0.047973417	-0.018675493	-0.00059591106	0.010638866
-0.03957054	0.0111969095	0.047456875	-0.02191113	-0.02646458	0.038156707	0.022592159	-0.03772519	0.004046408	-0.0049050534
0.009126139	0.01008212	0.02401751	0.016961696	-0.011602934	-0.005580633	0.030787824	-0.03702947	0.048966665	0.0244517
-0.03187891	-0.03425936	-0.0033785966	-0.028767705	-0.015077852	0.0154255	-0.008011621	-0.051997386	-0.031618934	-0.015494642
-0.05370477	-0.027115766	-0.0067126923	-0.01817516	0.0061630597	-0.038772587	0.045898486	0.024037104	0.030008027	0.0131996665
-0.048066728	0.01807264	0.048209783	-0.039627746	-0.026960177	-0.040706474	-0.00629704	0.048794273	-0.028695028	-0.039748795
0.0072780903	-0.050123896	-0.033416416	-0.05997317	-0.005786203	-0.025276836	-0.01412787	-0.0075675347	-0.03187751	0.024838138
0.0440511	0.070721745	0.010373235	-0.008226523	0.042619433	0.01846859	0.023517607	-0.060115352	0.038248315	0.020999778
0.008474222	-0.014458354	-0.017700367	0.017745815	0.0051367385	-0.03047999	-0.020671546	-0.048155144	0.024047133	0.010889806
0.028681727	-0.018843694	0.04909887	0.011157427	0.0015992575	0.0053169783	-0.017772634	0.060300466	0.024459487	0.04369232
0.020418737	-2.0731362e-05	-0.022759175	0.06764347	-0.020400831	-0.021345712	-0.03147416	-0.0023963854	0.01932903	-0.04830019
-0.053949513	0.014553615	-0.030688914	-0.03750238	0.039088763	-0.011472702	0.017597686	-0.019764684	-0.019856976	-0.0045276564
0.026107535	0.0220025	0.030183913	-0.012249386	0.023412554	-0.04597862	-0.027609793	0.016584106	0.019354682	0.027797347
0.03838063	-0.018187806	-0.006874056	0.032260057	0.043500815	-0.0110361185	-0.06436057	-0.05084638	0.05779046	-0.027631454
0.0384787	-0.040259294	0.032861143	-0.03840187	-0.04395243	-0.031927273	0.01429392	0.04977038	-0.032307144	0.038069986
-0.045731924	-0.049482495	-0.00061419414	-0.041577045	0.006493615	0.014621294	0.030476004	0.017242633	0.006509282	0.0391202
0.020523053	0.009166031	0.041736882	-0.061205328	-0.0119166095	-0.0049743582	0.017373443	0.048634097	-0.056897268	-0.010832138
0.0216152	0.005756213	-0.03339205	0.025943598	0.044870116	0.051653992	-0.055374704	0.028479446	0.025974674	-0.01824451
0.021527542	0.057629436	0.0018188703	-0.002238782	-0.037324823	-0.028747737	-0.019539084	0.032494817	0.058989137	-0.023262886
-0.031555463	-0.038621172	0.06237717	0.001204142	-0.04221566	-0.052769523	0.015928304	-0.01937793	-0.0093425615	0.012308962
-0.049181987	-0.004006631	0.00814984	-0.022379315	0.007128974	-0.059550624	0.015726266	0.03861097	-0.037411805	-0.01640609
0.052231677	-0.03567483	-0.014693361	0.013225827	0.022862738	0.042414255	-0.0058679767	-0.030795982	-0.015017434	-0.05527902
0.026837999	-0.02656992	0.025329588	0.0069024684	-0.048115164	-0.025190134	-0.028901026	0.019055212	-0.0038727298	-0.00072876364
-0.015568505	0.026913323	0.013632101	0.062249467	0.022973685	0.056827784	-0.015437355	-0.041671675	-0.0075078546	-0.011578061
-0.03292022	-0.074423015	0.050598223	-0.0031497832	0.014183843	-0.0034037775	0.029647581	0.030760467	-0.05002555	0.047206853
0.044558063	-0.03874079	0.034732252	0.037649408	-0.04791649	-0.009995929	0.04266935	0.012027299	-0.050503954	0.048052005
0.01329951	-0.028463123	-0.026155548	0.02436488	0.034038194	-0.018746791	0.007716289	-0.028142786	0.029708961	0.045165885
-0.06858314	0.020607384	0.051421665	0.012621204	0.00060847466	0.02005357	-0.009946879	0.0032138042	-0.05600162	0.025936628
-0.011901406	-0.03404916	0.04932064	-0.039423592	-0.071454085	-0.01873886	-0.024526581	0.06980194	-0.037437443	0.06791382
0.038113665	0.048405074	0.005734621	0.0016579144	0.065481074	0.04813471	0.024237845	-0.015582515	-0.007770864	0.007525441
0.022553016	-0.023971302	0.054807525	0.031285375	0.001448243	0.031782087	0.0034892303	-0.03492115	0.0068362593	-0.03792892
-0.04472348	0.03518732	-0.009024021	-0.025279457	0.027255466	0.0413484	-0.04618655	-0.010401336	-0.03153763	-0.013395998
0.0034343617	0.01603702	-0.03183433	-0.022252884	0.020745823	0.047839046	-0.0034182658	0.021471571	-0.03342297	-0.026313454
0.00494267	-0.0044180634	0.036925707	0.035093863	-0.04112936	0.033413477	-3.7555303e-05	-0.008432603	0.019053677	0.029671153
0.055352703	0.055757057	0.002668344	0.019539956	-0.007056192	-0.002539751	0.015734853	-0.009214886	0.053080298	0.002985352
-0.049009893	0.016511384	0.007461681	-0.05791595	-0.03040125	-0.0025308798	0.00048131807	-0.0048845108	-0.06928578	-0.016994236
0.023974037	0.01634966	-0.013789371	-0.045330055	0.042014625	-0.041646082	0.007957991	-0.045028344	-0.023061179	0.021402836
-0.002298254	-0.01003805	0.0524681	-0.043910637	-0.018395895	-0.0406371	0.015363598	0.051171977	0.0117262015	0.015952224
-0.05750326	-0.01779204	0.05303121	-0.007918439	0.02108159	0.033550616	-0.04197237	0.033781987	0.017112397	0.057638858
0.01986658	-0.050308846	-0.00045427098	-0.049432628	0.0066706403	0.00022870251	0.012834278	0.054244503	-0.028020525	-0.01759745
-0.04572409	0.00645288	0.022582779	-0.025061712	0.010778127	-0.0395408	-0.0405355	0.0026452895	0.027155075	0.026103862
-0.03771257	0.03402372	-0.01729108	0.031424824	0.040443573	-0.04994167	0.030800983	-0.036178358	-0.017078644	0.013268376
-0.020220393	-0.042755987	0.06864023	-0.06614468	0.026939435	-0.008289816	0.055296436	-0.010404333	-0.038870648	-0.0002365427
-0.032640718	-0.0063106664	-0.029579427	0.019177673	-0.041732408	0.035357114	-0.038351152	-0.0036677073	-0.019576568	0.04251605
-0.035612985	-0.018313924	-0.029828586	-0.004626854	0.00034128534	-0.031021364	-0.012201378	0.041964173	0.034291495	0.02557416
0.009060148	0.0053011905	0.044523783	0.03751879	0.0338958	0.026410837	-0.008394017	0.009965651	-0.01646436	-0.007829621
-0.011388511	0.022354847	-0.012789927	0.017655727	0.021585187	-0.01708151	-0.04242071	-0.029052746	0.0054823793	-0.034689184
-0.02807452	-0.01956884	0.06546442	-0.069775715	-0.018783057	-0.044572197	0.026740385	0.059601866	-0.050294403	-0.010415857
0.0019760865	-0.058622874	-0.02182632	-0.012050854	0.016520502	-0.036639404	0.03224916	-0.009580548	-0.05083228	0.0001873466
0.02678478	-0.024399268	-0.023501072	0.059808917	0.039569493	0.043212067	-0.0152288	-0.030510087	0.025421128	-0.06875831
0.06292246	0.029274838	-0.05561886	0.06017631	0.03617325	-0.012815237	-0.020027194	-0.008157635	0.031699866	-0.0044823005
-0.015840374	-0.060705572	0.039266795	-0.023741798	-0.020099275	-0.024675364	0.04796064	-0.020669715	0.02131577	-0.01303785
-0.03843658	-0.06644991	0.05607077	-0.064832054	0.021781944	-0.0063979994	0.050718434	0.024387566	-0.042392284	0.04922728
0.030161932	0.038638778	-0.021735927	-0.007815105	0.04916325	0.008468047	-0.012118116	-0.019900335	0.034904152	0.0060162777
0.0023325868	-0.013316396	-0.0021755209	-0.04085247	-0.06405528	-0.064145386	0.058254592	-0.011970034	0.0037842854	0.019299496
0.0030221161	0.022302851	-0.03550269	-0.044092156	0.0037421025	0.030587574	0.05253284	-0.015947036	-0.03685726	-0.033628177
0.001744197	-0.014408346	0.007866965	-0.039298475	0.012595556	-0.05566513	-0.0045347	-0.0043370044	-0.0346014	0.013516737
0.03759613	0.054843254	-0.047927614	-0.011200784	0.019955238	-0.009852177	0.02846571	0.026048364	-0.007945561	0.0006219899
0.040072024	-0.02796457	0.0083247265	0.02406504	-0.038411174	-0.01857832	-0.01656005	0.053776454	-0.053252395	0.05158351
-3.2138014e-05	0.05923801	0.0009795751	0.027478151	0.035648704	0.008823076	-0.007936029	-0.06545947	0.0015803687	0.019094609
0.018627541	-0.07202322	0.06715256	-0.04129301	0.0015747455	0.016899657	-0.014677063	0.03645279	-0.045044154	0.009738203
0.009043229	0.029349068	-0.03574403	0.036867704	0.033216495	0.048775613	-0.03751306	0.035455104	-0.00024253414	-0.0030338967
0.03156171	-0.0067949626	0.012277944	0.02304108	-0.028554142	0.00821978	0.0015218772	-0.0021703641	0.03458737	-0.054847304
-0.03673794	-0.040461056	-0.006551956	-0.013946663	-0.03997824	-0.013396279	-0.04258238	0.02929136	-0.017685682	0.024924342
-0.008753325	0.010365002	0.020680785	0.034223527	-0.037036497	-0.017088406	0.002243673	0.052311957	-0.028997472	0.038209554
-0.026944902	-0.037411235	0.0073448545	-0.022459788	-0.014453083	-0.01440649	0.061503876	-0.021525731	-0.010497283	0.007133759
-0.0148150865	-0.03518216	-0.015909366	0.0059850323	-0.053600434	-0.020882128	0.06235773	0.015045322	-0.052300353	-0.029758682
0.006451396	-0.023380626	-0.028302783	-0.019427288	0.008552502	-0.009579878	-0.025384912	-0.05060807	0.031596217	0.015241169
-0.009115656	0.036395982	0.01760197	0.010833982	0.03345378	-0.037784453	0.033802513	0.0592102	-0.0026949972	-0.022684507
-0.018871466	-0.055627268	-0.032982532	0.0050529926	0.030473705	-0.028472735	0.0495955	0.04965429	-0.064482145	-0.01511284
0.007547894	0.0015321595	0.041546773	0.009070954	-0.018853074	-0.00092724926	0.024523204	-0.025359437	0.02765576	-0.014976421
0.046899974	0.012789656	-0.054461908	-0.03723023	-0.014253748	0.01165873	-0.010231085	-0.00828689	0.014295554	-0.049976163
-0.017928325	0.06196035	-0.010758332	0.06708831	0.038970012	-0.0127629	0.012978857	-0.056456093	0.03226251	-0.008389494
-0.04471228	0.0015222564	-0.054321777	-0.005674297	-0.021323921	-0.02740852	0.04617255	0.029761434	-0.04383651	0.040156532
0.0022472083	0.024222229	0.008910578	0.054338235	0.026952319	0.028876323	0.015944293	-0.018689193	-0.023875915	0.027677096
-0.019332366	-0.02827729	-0.021688519	-0.0497417	-0.037665438	-0.030673416	-0.017128807	0.006649935	-0.0052005975	0.018628482
0.033798885	0.018305523	-0.037220333	0.007486328	-0.030380605	-0.0039115674	-0.03749336	-0.053142186	-0.026808554	-0.030707031
0.049458742	0.02807158	-0.06162806	-0.019453261	0.04152467	0.036153115	-0.04231891	-0.041834157	0.0075421655	0.01673784
0.0032411467	-0.016897863	-0.041414488	-0.024681332	0.022060722	0.007623177	-0.02480897	0.025300222	0.009910908	-0.009452592
0.005275671	0.012294691	-0.017106967	0.009807761	-0.036558975	-0.021307232	-0.047865707	0.003699658	-0.0037097242	-0.025799805
0.0529443	0.039891724	0.009808024	-0.007932871	-0.016494878	-0.009705408	0.019764887	-0.066961855	-0.003532106	0.022472449
0.022753986	-0.025047699	-0.037782516	0.03889188	0.06289859	0.035799768	-0.04767796	-0.06358931	0.062230222	-0.024528524
-0.03902947	0.008203342	-0.001992569	-0.03057072	0.03472996	-0.033387765	-0.027267158	0.03868903	-0.03837647	0.050874338
-0.05536756	-0.06456368	0.05449511	-0.019170828	-0.025472576	-0.02368735	0.044549055	0.0063285558	-0.015616581	-0.016575556
-0.05483146	-0.040151343	0.059651323	-0.06081711	0.0069782156	-0.04446682	-0.036781393	0.038486097	0.0040182704	-0.0010370688
-0.019321352	0.016031964	0.020228976	0.012665671	-0.044123407	-0.0665978	0.043494895	-0.013513392	-0.05282078	-0.02852019
0.0044838167	0.0074734087	0.06309945	0.022104174	0.025172133	0.018691184	-0.00788893	-0.0039573535	-0.028197672	0.0016485327
-0.015038442	-0.05176396	-0.007482892	-0.025119387	-0.019571813	0.008322662	0.0021899128	0.013656535	-0.03735102	0.058737557
0.027929723	0.005906539	0.047157228	-0.013296477	-0.06936764	-0.022985013	0.009989967	0.054947097	0.0068459045	-0.008727077
-0.037247784	-0.035932045	0.013422643	0.024351092	0.005831452	-0.01506057	-0.022538666	-0.03776129	0.041715138	-0.015643116
0.022058677	0.035387363	-0.0024796869	0.0035116947	-0.030414097	-0.040393725	-0.032493256	0.03923266	0.034251336	0.0026387272
-0.015097046	-0.043013033	0.044214174	0.027238274	0.035379354	-0.03660547	-0.01937976	0.011661085	-0.030179061	-0.03793201
-0.048531942	-0.0015055729	-0.026935034	0.04754667	0.00079680583	0.021820255	-0.015943564	-0.024436262	0.015097841	-0.0012695655
0.0017848094	-0.06931479	0.032276936	0.027337678	0.00031979437	0.018595092	0.014769641	0.02454898	0.0016223425	-0.016486542
0.003926397	0.03936635	0.039620597	-0.0084699355	-0.03325613	-0.04851181	0.001123227	-0.023721134	-0.02982312	-0.024485944
0.039121553	0.011246176	0.042179555	-0.04791285	-0.058459073	0.03734124	0.03908806	-0.0023875907	-0.046319813	-0.0017506642
0.030551689	-0.028402757	0.0021260155	-0.026998242	0.010425126	-0.013031703	-0.00456748	-0.04167722	-0.017298963	0.028442835
0.043006744	0.0537411	0.03133593	0.007502029	0.0011448344	0.06328029	-0.026355432	-0.030332034	-0.0287258	-0.042343132
0.01988917	-0.05686047	-0.018702323	-0.064345	-0.012153554	0.0033957423	-0.012935904	0.052871425	-0.02900053	0.053454842
0.0077877333	0.03931516	-0.034230437	-0.024380418	0.0611175	0.034120895	-0.054702267	0.011157258	0.057669524	0.007998452
0.01121216	-0.016999342	-0.036762986	0.022187168	0.005930169	-0.028749306	-0.024176484	0.009331032	-0.0070612077	0.000397344
-0.027985496	0.027906246	0.025416993	0.03712762	0.011626609	0.026383873	-0.036418863	-0.017737463	-0.048327997	0.031244546
-0.02580409	-0.0595727	-0.020747889	0.031510312	-0.05915181	-0.010515009	0.05229314	0.0384496	-0.046218753	-0.0020552163
-0.008771079	-0.004184296	0.0039668223	-0.028941019	0.004735567	0.011588303	0.04060368	-0.027962768	0.028659752	-0.016510231
0.0034717205	-0.029416403	0.008226749	0.00944041	-0.0006817127	0.00040883172	0.04872815	-0.00497382	0.010239962	-0.025551021
0.020015014	0.03480482	-0.057833645	0.020556888	0.06494455	0.042990975	-0.03942235	-0.063175455	0.06849506	-0.058356937
0.026878674	0.049897898	0.004049335	-0.03613072	-0.019808793	-0.008479309	0.03837459	-0.015678981	0.022092175	0.03507681
0.027261343	-0.002150461	0.03810907	-0.048998587	0.009215917	0.017341005	-0.010469774	-0.03133234	-0.014705311	0.0064660413
0.0084657185	-0.030347595	-0.025879933	0.03134917	-0.028019983	0.02510246	0.055152126	0.027486032	0.0017297486	0.012982426
0.035563145	0.01792905	-0.024009323	0.04347861	0.028634887	-0.05426063	0.040721927	0.045400754	0.00043543745	0.039951164
0.007056112	0.049023572	-0.042457532	0.033445302	0.04707772	0.0024376584	-0.041428268	-0.031324785	0.042116515	-0.0013975698
0.039271053	0.040905144	-0.0021234858	-0.0089387745	-0.02128778	0.009794055	-0.041835304	-0.016122859	0.02659502	-0.028611608
0.062120598	0.04272504	-0.040646296	0.042081594	0.058852583	0.05062496	0.0078883115	-0.04712903	0.0662294	-0.022750577
-0.048627667	0.026077842	0.048475754	-0.011227204	-0.043640736	-0.043322325	-0.04965839	0.03685838	0.011012139	0.037487943
0.035149936	0.022157416	-0.052522715	-0.014643388	0.040163253	-0.018388517	0.03082157	-0.0069591994	0.053228397	-0.039498977
0.045335073	-0.01355565	0.04991877	-0.03967116	-0.046637595	0.0035590155	-0.05026741	0.013810697	0.009795027	-0.014701313
0.029077971	0.027022853	-0.0015165787	-0.019795151	-0.006953785	-0.020974835	0.0660128	-0.006427664	0.012281327	-0.02399369
-0.017045705	0.009072686	0.05607769	-0.046578992	-0.026279714	0.024497796	0.008119775	0.025244128	-0.055746097	-0.02067597
0.017261816	-0.012421832	0.032278694	-0.06487378	-0.01806873	-0.024362901	-0.00434975	-0.017949093	0.013546076	0.008213223
-0.026540998	-0.03854709	-0.0009160701	-0.008945458	-0.005813714	-0.04253808	-0.022343373	0.0112670865	-0.008893494	-0.009473017
-0.0047077266	0.013440553	-0.020108018	-0.05324143	0.022565078	-0.02400043	-0.0038174053	-0.010666787	0.02545571	0.027303852
-0.025647826	0.049661584	-0.042016886	-0.010937501	-0.040387847	-0.010755747	0.03527988	0.044800352	-0.037037823	0.030879645
0.023079649	0.01952252	0.07021438	-0.048218835	-0.051657524	0.0045322715	-0.028594043	0.0645737	-0.0473774	0.0065515
0.07292914	0.066105016	-0.028283216	0.02661727	0.025947493	-0.005035496	-0.017059848	-0.05319629	0.0057219225	0.0052821026
-0.019385727	0.009890003	-0.037293453	-0.0045142393	-0.028400036	-0.0161989	0.038734935	-0.027073495	0.02337769	0.04389868
-0.051274296	-0.0010008999	0.006475057	-0.020893931	-0.055155993	0.03356738	0.010642444	0.0041021104	-0.056400158	-0.022228817
0.0061602355	0.024525115	0.033023756	-0.0625535	0.012761839	0.022678522	-0.016636074	-0.022800194	-0.050519112	0.017793812
0.01833	0.06479485	-0.047424123	0.033219043	0.03778019	-0.0060567083	-0.03243789	0.014540826	0.023206135	-0.058195185
-0.02772617	0.02939475	0.022327477	0.015459664	-0.008419809	-0.03844629	0.018164156	0.009960748	0.049071487	-0.0018005855
0.038900234	0.052637357	-0.033996567	-0.00953356	0.058347385	0.012429654	-0.047782958	-0.0031053228	-0.0093058385	-0.048018467
-0.0061316458	0.026652634	-0.004785698	-0.033248927	-0.027293986	-0.02836172	-0.0028319291	-0.014391397	0.05266799	0.010534441
0.042637404	-0.008036281	0.037998736	-0.019554313	0.018947057	-0.016882991	-0.032180335	-0.039394207	0.04510848	-0.033157077
-0.0024275775	-0.047556113	-0.0057667666	-0.03301137	-0.0027279824	-0.010717299	-0.014223448	-0.0377037	-0.030164512	0.015698982
0.022574833	0.019870484	0.0017058055	-0.005384811	0.0065675396	-0.03057976	-0.023818107	0.04386319	0.031257886	-0.019841626
-0.006721165	0.04332126	0.009297811	0.0136282	0.037468277	-0.03427609	-0.046385955	-0.046152644	-0.0041047344	-0.0407225
-0.0038814072	-0.011797809	0.007907977	0.044581354	-0.023174033	0.052399594	-0.027250156	0.00076783967	0.037582435	0.023562117
-0.03541951	-0.027998645	-0.031780418	0.02035221	-0.035535842	0.0035859991	-0.037939485	-0.013474999	0.03638788	-0.03198879
0.042023603	-0.04934615	-0.006743595	-0.005512536	-0.010315255	-0.0030570715	0.03620436	-0.044117834	-0.034832947	0.01577599
-0.03793141	0.002790521	0.026116543	0.041131966	0.029223619	0.046422575	0.026203373	-0.006950694	0.03296974	0.032078292
-0.023013838	-0.046043087	0.042388152	-0.02758248	-0.029600292	-0.04240241	0.0016289392	-0.009620929	-0.059833378	-0.026295926
0.02403248	0.030156627	-0.027670637	0.026650919	0.017673925	-0.014889329	-0.029284624	-0.021647736	0.042558104	0.027772296
-0.019666148	0.026210746	0.035546057	-0.046654332	-0.036362235	0.0031720346	-0.04052197	-0.038925968	0.008563219	0.008177083
0.038857467	-0.00890385	0.03803872	0.0127248	0.04882827	-0.038189616	0.026043123	-0.046204627	0.05827333	-0.03138887
-0.024072047	-0.06947541	-0.021055583	-0.052884713	0.024075665	-0.06441362	0.041488297	0.03584185	0.0042348043	-0.026271738
0.04393891	0.05162387	0.0435835	0.049592227	0.017584607	-0.014038692	0.033475455	0.010728951	0.0076709124	-0.04176336
0.048005432	-0.009484802	-0.029475925	0.02460787	-0.020525584	0.04807019	0.044079367	-0.016949048	0.032911222	-0.025231691
-0.072916426	0.0049993177	0.064877935	0.016573178	-0.012302884	-0.051642586	0.0095290365	0.05267495	-0.06305837	-0.01731216
0.0148318345	0.048782352	0.0293063	0.041259225	-0.009705024	-0.0027993273	-0.06377901	0.029990694	0.002284838	-0.023052309
0.026990218	0.037559588	-0.04270644	0.002138778	-0.032614704	0.0013920581	0.06143743	0.015199087	0.03563144	-0.0058862353
0.06227664	0.045806408	-0.019910809	0.048543904	-0.01868241	0.04510844	-0.023496011	-0.0657636	0.049147077	-0.0059087
0.022810569	0.0262802	0.025493901	-0.031011831	-0.012976577	0.055816345	-0.039387707	-0.014504431	-0.037814762	0.030870765
0.008061275	-0.042447068	0.069725506	0.014090075	-0.03859484	-0.019349791	0.040579617	-0.014698452	-0.029984068	0.04319283
0.028366126	-0.005676781	0.016023088	-0.004013046	-0.037964895	-0.045760673	0.047860797	-0.009390672	-0.036058575	-0.042737387
0.036018856	0.00896648	0.027321763	0.040691122	0.0438344	0.011708183	-0.007174311	-0.044538714	-0.003108899	0.012919379
-0.022754995	0.049816206	-0.059385583	-0.013330851	-0.0119666755	0.007212756	-0.03942249	0.014362429	-0.0053596343	0.013034633
0.033548992	0.014055831	-0.03168747	0.012604945	0.0107091125	0.030800778	-0.046502315	0.041815978	0.031803455	0.03516785
-0.04090642	0.01266694	0.012285297	-0.042052433	0.01215597	0.0059756367	0.06058462	-0.0016798595	0.027120348	-0.02650214
0.06513947	0.043337103	-0.011852081	0.055672873	-0.018109517	-0.024887782	-0.03329889	0.0007103385	-0.00094662834	-0.013319279
-0.032538764	-0.011665942	-0.010041274	-0.03275425	-0.027443023	0.0053286585	0.02350781	0.020802444	0.015468001	-0.03250694
-0.010786821	-0.00050126127	0.0403316	0.03106838	-0.020124394	0.048148014	-0.05399698	-0.054341685	-0.020749576	-0.019692004
-0.03248611	-0.028033271	-0.0569604	-0.008376808	-0.035847444	0.021424323	-0.011052421	-0.026262762	0.010087692	-0.060234994
0.048217457	-0.02211968	-0.026280468	-0.00093183434	0.029848412	0.032622635	-0.033224985	0.021125244	-0.023996215	0.012217606
-0.0065942495	0.008623542	-0.019422011	-0.046268445	0.036598485	0.028704362	0.00760469	-0.035017677	-0.034981526	0.05620487
-0.008301801	-0.024945933	-0.012859324	0.001035328	0.020761356	-0.014447331	0.030153504	0.010130873	0.027935907	-0.006374758
0.04257127	0.018964022	0.022327784	0.06573833	0.056159977	0.00023853319	0.031189809	-0.049587153	0.03544023	0.026800355
0.04740142	0.05747933	0.0055426997	0.05159825	0.06389526	0.008024228	-0.00271701	-0.017539259	0.01762197	0.007272047
-0.010123448	0.044915553	0.033868544	0.062112853	0.052445527	-0.0069348197	-0.050389852	-0.054867137	0.0008823937	-0.037086375
0.030241603	-0.005044361	-0.03567165	-0.036958933	-0.009535749	0.027047575	-0.007620608	-0.03690513	-0.01282076	-0.03265397
0.03695557	0.0073833065	-0.03747868	0.03057548	-0.019995164	-0.038294114	0.038351044	-0.042052887	0.0028866814	0.012031379
-0.05270898	-0.01762393	-0.026849506	-0.024300357	0.013700582	0.017971301	0.036013667	0.009903082	0.0008957964	-0.036385566
0.031513806	0.022941131	-0.05542165	-0.0025482823	-0.006602416	0.022756563	-0.023008138	-0.029217413	0.037311986	0.02718005
-0.0031783306	0.04239748	-0.030930743	-0.012441057	-0.025957223	0.009999027	0.010281973	-0.017700031	0.042354528	-0.004446971
0.06380677	-0.009941157	-0.012143593	0.050815187	0.01593873	0.01252683	0.028386315	0.02248095	0.004762023	-0.06273197
-0.040747184	-0.031288873	-0.014699568	0.024522746	-0.04284282	0.0012176575	0.017912358	0.014961748	0.03972211	-0.022814322
-0.041271307	0.05471838	0.03269449	-0.019706903	0.054680992	-0.0022028992	-0.03470462	-0.026949052	-0.0051704	-0.048828404
0.027846409	-0.01913914	-0.013349028	0.01534648	-0.026476122	-0.0062415716	0.027343508	0.009109567	0.028474584	-0.009240681
0.031360004	0.010927943	0.01059497	0.045617964	0.03660281	-0.04046371	-0.0027906802	-0.0045235874	0.013714355	-0.03819594
-0.053856954	-0.025870103	-0.019573957	-0.0061107557	-0.015297949	-0.0016513128	0.0100735575	0.05846037	-0.010560364	0.029229747
-0.020577673	0.03153644	-0.029617276	-0.0014209436	-0.024231667	0.04646497	-0.024993496	0.038372003	-0.01014237	-0.004836366
-0.03957147	-0.05351773	0.030633062	-0.020672886	-0.026097162	-0.03986207	0.03547095	0.04161922	-0.06762869	0.01754778
0.047754414	0.032217976	0.0136217335	-0.0082802875	0.043960404	-0.017734682	0.036347188	-0.034947455	0.01321132	-0.0055698967
-0.047015876	0.031932827	0.012903606	0.02444561	-0.038862154	-0.05809798	-0.007550934	0.024272483	0.008217712	0.00603297
-0.002393336	0.035991967	0.019747654	0.029065663	-0.019360155	0.010857024	0.03338694	-0.018183416	0.043355677	0.0077169957
0.022171563	-0.018976195	0.026170619	0.0087985685	-0.06405239	-0.014787674	-0.020348605	-0.0055978964	-0.013172618	0.006427601
-0.029707514	0.026362373	0.004518437	-0.00825437	0.020749258	-0.00087686494	-0.028115563	-0.03989815	-0.05227874	0.0067563215
0.017939538	-0.014523329	0.018643241	0.006814555	0.0033787664	-0.039590314	-0.025336677	-0.0065962016	0.027236467	-0.0033688531
-0.020757891	-0.030912634	0.018200677	-0.03979092	-0.06325758	-0.034742527	0.05494524	-0.0016180344	-0.05572883	0.043518916
0.018688569	0.025024295	-0.027125249	-0.0086365	0.04614956	0.03157613	-0.0006062846	0.017551802	-0.014696757	0.009210162
0.040145114	-0.022632604	-0.041413393	-0.027190132	0.0129393935	-0.004645296	0.050077457	0.011756159	-0.041219145	0.008265201
0.038637437	0.012868039	-0.022801252	0.029699828	0.051644042	-0.00731534	0.0327183	0.04465143	0.047108945	0.045129582
0.016388886	0.048411813	-0.034341466	-0.030391634	-0.037280247	-0.01845218	-0.045951113	-0.0341254	0.05929514	-0.030628083
-0.013724869	0.052259266	0.0015473904	-0.027700016	0.021440962	-0.016892558	-0.01430676	-0.04283207	-0.02145123	-0.02536717
0.008436911	-0.0604277	0.030025037	-0.008779859	0.017090471	0.0010394646	0.035186175	0.00843056	-0.026287561	-0.00038685193
-0.032175366	0.00249356	0.026215434	-0.05551998	0.017775595	-0.02875325	-0.02793649	0.05587627	-0.012283621	0.050646078
-0.033834442	-0.04474495	0.012968913	0.014719028	-0.026408894	-0.02707794	0.011434529	0.004045041	-0.01138032	0.0067710024
0.04066464	0.027853407	-0.016049113	-0.03441151	0.04385499	0.012799905	-0.022385607	0.026323553	0.049339425	0.02686809
0.039575987	0.0038206186	-0.039858263	0.06296883	0.057728663	0.010932423	-0.054516584	0.028421568	-0.008097234	-0.021827223
0.060341064	-0.021566724	-0.02522471	0.06288435	0.007418781	0.0490594	-0.031753376	-0.0060258643	0.026816314	-0.033592984
-0.027141245	-0.010561657	0.015027442	-0.04944725	0.006822107	-0.0465865	-0.042166907	0.04374052	0.011478418	0.039405577
-0.02728157	0.0041415817	-0.01799783	0.014354772	0.015182518	-0.05308583	0.033671428	-0.04186671	0.004912228	-0.029900735
0.047249973	0.030081695	-0.057441063	0.029474407	0.06288931	0.038317617	-0.0429764	-0.053777173	0.05793634	-0.06227896
0.035199054	-0.050288763	-0.027551195	0.016192447	-0.011878785	-0.029664267	-0.01998841	-0.014568477	-0.019057509	0.017302122
-0.005072929	-0.028162885	-0.021935957	0.023218937	-0.051639594	-0.02828578	0.045789454	-0.0038579626	-0.0027977875	0.022209555
0.029789615	-0.010599935	-0.047153406	0.004249604	0.019879553	0.00959076	0.00077010185	-0.012780203	-0.0055914302	-0.038055573
0.03294787	-0.013226159	0.01380695	-0.019155502	0.051862754	0.008105621	-0.037946776	-0.004218164	0.034669165	-0.050003547
-0.01699523	-0.024505746	-0.02157171	0.01568383	0.043169342	0.043473165	0.023564948	0.024165018	0.018897207	0.02920879
0.031658687	0.013776622	0.016719824	0.051591005	-0.008553062	0.04697144	0.0046916218	0.03413134	0.025262594	0.025594879
-0.06322047	-0.06369454	0.044443723	-0.024019605	-0.015282741	0.016444927	-0.030505095	-0.013336234	-0.057300527	-0.022495775
-0.024880713	0.028277393	-0.004216253	0.028718475	0.0021466627	0.067399	-0.044705007	-0.06733325	0.01242341	-0.06840509
-0.02533189	0.039806347	-0.016563501	-0.025208652	0.038418245	-0.021838203	0.031008514	0.03472622	0.023279645	0.036412954
-0.06854456	-0.02744458	0.065316826	-0.024757199	-0.036657616	-0.021852622	0.06744404	0.0026231883	-0.017406536	-0.009890683
-0.06258091	-0.01798776	0.028628588	-0.02714377	0.002176552	-0.0405687	0.045552682	-0.008450119	-0.0119916955	-0.026582837
0.046941075	0.043142285	0.034256317	-0.01956481	-0.02296812	0.008241841	0.0023092858	0.02080933	-0.0040984396	0.019773908
-0.04108249	-0.055854615	0.019723408	-0.05129574	-0.046004143	0.02302333	-0.017256597	-0.03019496	-0.05833692	0.06274947
-0.06636189	0.003019371	0.056400955	-0.030934198	-0.019358838	-0.05035256	0.056976803	0.021622833	-0.06653072	0.019108031
-0.04379215	-0.014097212	0.050364304	-0.041715138	0.027286492	0.013239417	0.012951027	0.025781855	-0.019327966	-0.02823653
-0.012282143	-0.015746504	-0.027941478	-0.07033849	-0.03997604	-0.011184206	0.03884988	0.00024342716	0.022789625	0.0381738
-0.01461911	-0.057776563	0.0025081525	0.023986531	-0.014926375	-0.064611845	0.055625048	0.012557598	-0.04643118	0.06090657
-0.07376742	0.008201562	0.025112405	0.0033342112	0.0020933317	0.019724129	0.014351074	-0.008621933	0.021058334	-0.022843167
-0.023516806	0.0327335	-0.041851413	0.048507404	0.004153284	-0.012226843	-0.03417361	-0.007144024	-0.039561346	0.026792327
-0.046739567	0.0004394635	-0.02987413	0.032541208	-0.050323877	-0.039580908	0.04208482	-0.02694352	0.011846565	0.0011044537
-0.057707362	-0.038054295	0.07152325	-0.022539457	-0.0062841186	-0.009687071	-0.013590128	0.0617988	0.012830167	0.05306785
0.020580139	-0.043796968	0.03878912	0.020720055	0.047537323	-0.03492968	-0.027532082	0.008057164	-0.041298777	-0.029458916
0.0070206537	0.0111184865	0.036932573	-0.01939306	0.051520925	-0.034024063	-0.04018705	-0.009202467	0.009894286	-0.030830447
0.0021197232	-0.012958598	-0.045306396	0.06723247	0.020707471	0.039670013	-0.06536211	-0.0055978512	0.054475274	0.0026887609
-0.028853726	0.014876781	0.03549682	-0.06026848	-0.050606396	0.030438442	0.039558314	0.062018324	-0.058243312	-0.006013488
-0.010431305	-0.03229334	0.025716359	-0.006755959	-0.00031989635	-0.044321127	-0.0058277063	-0.0032251815	-0.036202274	0.0422167
0.008253872	0.057476055	-0.029735943	-0.035926662	0.04500965	0.049106136	0.037568405	0.015104198	0.034385428	-0.053749178
0.016608424	0.016421273	0.02975348	0.0123552	0.031429917	-0.028368494	0.03875108	0.03965624	0.013363833	0.035324495
-0.019749587	0.009176618	-0.0015720567	0.031651534	-0.047121596	-0.031485986	-0.039203886	-0.0359652	0.0080799535	0.05816667
-0.016385665	-0.05855737	-0.003789546	-0.015297385	-0.0206915	0.0011045542	-0.021760862	-0.0039796755	-0.07056874	0.057984773
0.037949864	-0.026011225	-0.02875615	0.057128243	0.040207397	0.0064842645	-0.06331406	-0.037912328	0.0080189295	0.0071157534
0.019103808	0.0194114	-0.0360631	0.053241804	0.0035884853	-0.0077826665	-0.03601991	-0.028635457	-0.016086137	-0.04047565
0.05050437	-0.020450464	0.014048051	-0.01517681	0.018835736	-0.037813697	-0.006007489	-0.030071214	0.030158145	0.042601954
0.050475594	0.015422677	0.020836964	0.039639033	0.00087689504	0.018826941	-0.007538563	0.017300613	0.04367853	0.006205016
-0.0067056785	-0.0016676789	0.008011456	-0.033577327	0.01029389	-0.0034680516	0.025888838	-0.050487794	0.0032623648	-0.011288004
-0.02070429	0.043499082	0.015325106	0.05169824	0.037996706	-0.0076266346	0.0278311	-0.0045096916	-0.0013158434	-0.00081126083
-0.016314982	0.010227555	-0.014061538	0.024613185	0.033779573	0.008541991	0.022290861	-0.020874491	0.033251695	0.0054660193
-0.04050992	-0.0018037448	0.018067062	-0.05572664	0.019715164	-0.0084009655	0.0069536623	0.021682078	0.035152543	-0.010602846
0.0034833292	-0.0015387228	0.0005166809	0.016055258	-0.036937624	0.008680898	-0.005665234	-0.022910396	-0.0416198	0.020124475
-0.043307878	-0.0056382455	-0.0034901893	0.042463597	-0.05233725	-0.046345126	-0.030312449	-0.02560299	0.042416353	0.020680374
0.051102318	0.06084578	-0.055999517	0.04320381	-0.004492712	-0.0021307827	0.0073730317	0.027542615	-0.029952837	-0.06308357
0.010844275	-0.00026824654	0.014368771	0.007219896	0.015145706	0.024897115	-0.010779436	-0.0027662402	0.008574726	-0.0073762923
0.032284	-0.014491614	-0.03869663	-0.024765344	0.017898038	-0.003407479	0.036682907	-0.061073657	-0.018706933	-0.038072187
-0.018146776	-0.0012182153	-0.004727239	0.024613418	-0.006250319	-0.025369389	-0.066667825	0.026352357	-0.032239486	0.024704771
0.033373754	-0.02252896	-0.047012802	0.0426411	0.06368769	-0.009939093	0.020329371	-0.0003154649	-0.01581883	-0.048759393
-0.052655544	-0.008057596	0.014420245	-0.038255885	0.0045206286	-0.027860265	-0.021751411	0.04790274	-0.058474503	0.011525847
0.030410508	-0.01273736	-0.034892663	-0.028502312	0.031801023	-0.008737371	0.008426575	0.02081955	0.042626314	0.002840617
0.026375672	0.052992005	0.006609161	-0.02644278	-0.03166688	-0.023146609	0.02133883	0.011992825	-0.020142423	0.002027147
0.017996214	0.028791685	0.028393904	-0.048538014	-0.011261076	-0.0025709576	-0.04460308	-0.038083486	0.034977507	-0.009284459
-0.03156262	0.033531882	-0.017790273	0.032971278	0.0038396043	-0.013636435	0.013077811	0.017464994	0.021924304	0.056935716
0.041389752	0.028117826	0.0049030776	-0.015288437	0.019518435	0.013416833	-0.03301182	-0.065700196	0.05290061	-0.004495968
0.033795256	-0.035755597	-0.020286545	-0.030512176	-0.04736215	0.0040026507	0.037115246	0.061141476	0.010344507	0.022884198
-0.04729735	0.02469354	0.00307765	0.024887547	-0.023616003	0.026629228	0.030993795	0.035294004	-0.023995312	-0.0035354227
-0.07407061	-0.03592269	0.050500937	0.013854949	-0.0038052609	0.0025225682	0.025124015	0.021486832	-0.053338684	0.07187118
0.020196833	-0.043670386	0.04752791	0.0024149304	-0.014806123	-0.044118498	-0.014690778	0.017694954	-0.01878284	0.04867673
0.015171341	-0.032437615	0.04542962	-0.011662839	0.0023569164	0.025850356	0.033606634	0.017176887	-0.00652733	0.053418044
0.026762972	-0.040631957	-0.0094538145	-0.0010398597	0.024652153	0.029448034	0.027170232	-0.054795723	0.008770126	0.019767774
-0.039044403	-0.03444935	0.039531637	-0.04057278	-0.036792338	0.02940652	-0.040817495	-0.042561434	-0.00013627498	-0.018573359
0.02431219	-0.03385137	0.04034688	-0.01454038	0.025467033	-0.007807861	-0.03614369	-0.0066344086	0.04979596	-0.04620933
0.036574412	0.009343204	0.021219937	0.0106971925	0.009556186	-0.0012940628	-0.026308887	-0.048797872	-0.009477687	0.049037855
-0.03440017	-0.042934023	-0.017092135	0.028332546	-0.028996173	-0.053974994	0.041982643	0.0068686716	-0.052797984	0.0012285151
-0.04339648	0.004894924	0.032322623	0.038468204	-0.029157825	0.0051210895	0.016069686	-0.032652337	-0.015855929	-0.035718013
0.053122066	0.01220129	-0.043294206	0.056739405	0.04343963	0.01404206	-0.01886081	-0.026863439	0.049528927	-0.034905765
0.029047413	0.028531697	0.01237023	0.021850148	-0.00080172834	0.050991897	-0.0101934085	-0.03154863	-0.03045622	0.026857711
-0.0009863524	0.022180513	0.04858422	0.028347977	-0.045883495	0.0021397534	-0.030143447	0.04802731	-0.0015030162	-0.012139284
0.0027581053	-0.025959225	0.017632235	0.038278133	0.025859198	-0.033983663	-0.021991987	-0.010990986	-0.043335274	-0.04787692
-0.009978407	0.057167843	0.010747067	0.063332036	0.056992464	-0.002180814	-0.038194366	-0.061213825	-0.009160319	-0.05321926
0.035729006	0.03702935	-0.029399924	0.025617894	0.0032192974	-0.047050174	-0.046541106	-0.0151391085	0.009199154	-0.03977251
0.011577392	-0.052362856	-0.033763006	-0.054051206	-0.037622035	0.011086152	0.01768593	0.06332558	0.021246564	0.008316472
-0.028453365	0.016188432	-0.05148426	-0.00259665	-0.012750286	0.027620738	0.042428676	-0.001843369	0.06183113	-0.029429844
-0.05045149	0.032364525	0.05324536	-0.048096515	0.018083004	-0.004414082	-0.025030695	-0.033271905	0.0381101	0.018832304
0.0029407677	0.027942853	-0.033818204	0.06716842	0.058493715	0.06268638	-0.017951977	-0.020288102	0.031845804	-0.02459783
-0.016565105	0.048657052	-0.039310265	0.0011538058	0.022157766	0.06103857	-0.052237	-0.015259159	0.0077318796	0.013674102
-0.04017638	-0.01618697	-0.032159414	-0.0045574824	0.037975553	0.021110289	0.0016751053	-0.015878765	0.013709095	-0.01732648
0.010151736	0.02416399	0.057860956	-0.014591897	-0.006480115	-0.068936564	0.010852608	0.008805907	-0.023187969	0.0634917
-0.02700533	-0.04084121	0.041581217	-0.013225595	-0.014350868	-0.003897839	0.018738095	-0.05288982	0.033728495	0.010182362
-0.012319315	0.037173823	0.0030369721	0.009594968	-0.011788064	-0.03014534	0.019595811	0.04049888	0.0007824672	-0.040737797
-0.0076464675	-0.033329025	-0.015460437	0.001880293	0.0067323293	-0.032139234	-0.020171797	0.037581947	-0.018729206	0.008407853
-0.018135019	-0.06306485	0.02758189	-0.03930178	-0.0149441315	-0.00891078	-0.01153071	-0.021116631	-0.057500556	0.012509185
0.017794708	-0.057871483	-0.029370775	-0.012417822	0.008038008	-0.056347746	0.015330923	0.066584274	-0.042858355	0.004170208
-0.024339672	0.028325742	-0.024820203	0.056863558	-0.024427682	-0.025782645	0.035417266	0.0038240566	0.0033344554	-0.0012158926
0.036491573	0.0042157276	-0.057428114	0.013641434	-0.00590106	0.004120285	0.033204224	-0.03587009	0.056328114	-0.055028494
-0.044811953	-0.020876702	0.015677892	0.04028028	-0.0075990222	0.033461794	-0.023361899	-0.0069339033	0.032050285	-0.029902909
0.07229266	0.050667457	0.01891867	-0.01994777	0.013661122	0.004178458	-0.056128312	0.008128341	-0.01133946	-0.012119966
-0.06396247	-0.0035261135	0.0630494	0.009478393	-0.024468323	-0.012022043	0.032364514	-0.014272137	-0.07009278	0.06013834
0.010717563	-0.028981894	-0.018610226	0.047631018	-0.0044742455	0.034549724	-0.020766223	0.02410111	0.05102833	-0.056047257
-0.034978885	0.025453776	0.054055657	-0.054805733	-0.03372277	-0.049727134	-0.0055028703	0.013520357	-0.02505804	-0.014404791
-0.06837203	-0.025714066	0.035448138	-0.04614095	-0.03816243	0.021908382	0.058937225	0.020639656	0.027212882	0.06646139
0.055880863	-0.04149706	0.006646428	-0.02762906	0.036540274	-0.040254902	0.007680311	0.016377596	0.013174352	-0.0156234605
0.017380286	0.011332862	-0.020098206	0.045766927	0.009732022	0.06148606	0.0061797155	-0.05007662	-0.022427369	-0.032421567
0.03692019	-0.026076144	-0.004811709	-0.011708149	0.012318676	0.012429367	-0.036781594	-0.018377673	0.03689239	0.02019725
0.018944956	0.021553505	0.061843593	-0.053489763	-0.059574585	-0.043886077	-0.03834703	0.01979704	0.022777922	-0.03714881
-0.02483368	0.025381602	-0.0053557353	0.03972128	0.010338771	0.038455583	0.04612763	0.04546497	-0.031732615	-0.028141655
-0.031317126	-0.02380736	-0.05420563	-0.033381864	0.01723659	0.034428056	-0.003221647	-0.032123223	-0.0253087	-0.038366392
-0.05820246	-0.060636885	0.024969604	-0.03502142	0.0040838774	-0.032866918	-0.024460321	0.042916775	-0.04445025	-0.010373617
-0.018956436	0.056968126	-0.034329962	0.041799065	0.06431648	0.024700822	-0.063821085	0.00094029016	-0.022812953	0.024482016
0.017345095	-0.009215629	-0.030792387	-0.008638285	0.025794297	0.04052094	0.042030375	-0.0128682265	0.050530706	-0.043517977
-0.054537985	0.010674004	0.06186865	-0.00917357	-0.05607015	-0.010540262	0.046604563	0.000404451	0.010646563	-0.022431863
0.0030638478	-0.02595644	-0.03502831	-0.03398272	-0.023340467	-0.05480311	0.030539488	-0.008846215	-0.0044429535	-0.0031223325
0.04249956	-0.0146885635	-0.019772444	0.02733071	0.0009200641	-0.025256837	-0.06406011	-0.015741318	0.0339454	0.024995448
-0.008647439	0.011928168	0.014209451	0.01764255	0.035580244	0.0046532303	-0.026820455	-0.0122889085	0.034749847	0.01041419
0.022723978	0.0034321689	-0.02934476	0.033609003	0.03480125	0.04249639	-0.0051431656	0.0120203635	0.03934406	0.023289524
-0.0117461905	0.0026695912	0.025562359	-0.047092587	0.037670318	0.020045733	0.0023038918	-0.0026006158	-0.057033762	0.0077573806
-0.021686504	-0.032228637	-0.034852974	-0.0076067047	0.021085823	-0.004362563	0.011772605	0.02261486	0.010750644	0.0023992932
0.010736925	0.021009238	-0.02206388	-0.03946837	-0.06964135	0.014062429	-0.0056092045	-7.147895e-05	-0.06524477	0.024927871
-0.039161056	-0.033003606	-0.01440344	-0.047454637	0.016423775	-0.036237843	-0.034235448	0.020205656	0.014637425	-0.0217585
0.025407419	0.011526805	-0.026024621	-0.01688229	-0.026939925	-0.033150695	0.0038311752	0.029747833	-0.056978792	-0.008775658
0.01115289	-0.015297568	0.073714666	-0.05618909	-0.031983368	0.014614576	0.043736085	0.02812199	-0.06102847	0.042990528
-0.039431524	-0.027257243	0.033454567	0.018774236	-0.014251878	0.008326519	0.003858714	0.02103705	0.006257979	-0.0051798257
0.009300281	-0.03653516	0.029764289	0.02044683	0.0118925385	0.015277566	0.05029565	0.059715107	0.0047364933	0.031602606
0.015543659	-0.0016512368	-0.04035631	-0.0040112115	-0.011664299	0.0480283	-0.02950474	-0.0023622587	-0.04710912	0.042038143
-0.0020639	-0.023855401	-0.0033555492	-0.05733322	-0.041020904	-0.05318438	0.01697938	0.038820136	0.023986204	-0.00364135
-0.030421104	0.04026471	0.028747404	0.042787667	0.056839235	0.037118934	-0.00032446085	-0.04446421	-0.015607601	-0.044601288
-0.03478393	0.042024832	-0.051754434	0.05707012	-0.015541401	0.02978623	-0.04891355	0.03373519	-0.018405212	-0.056189314
0.060100317	0.015167227	0.013603535	-0.02726674	0.007700035	0.012513098	-0.015033329	-0.023215996	0.05117539	-0.027232755
-0.052553736	0.02087051	-0.009291662	-0.05054623	-0.05008391	-0.01834841	-0.025811544	-0.024710238	0.042443797	0.010769094
-0.04425588	0.010107023	0.00905498	-0.05497485	-0.0013629629	0.012300884	-0.012931168	0.015210893	0.0247446	0.023726871
0.0252205	-0.006810539	-0.039547898	0.0022449468	-0.022581795	0.04342901	0.03603885	0.03012431	-0.034889426	-0.042673677
-0.03775151	0.027897773	-0.03402177	-0.017017746	0.03093617	-0.03356055	0.01678662	-0.014409319	-0.004274679	0.026358396
-0.031160282	0.04195769	-0.03194003	0.00046895427	0.032570895	0.013925106	-0.030129725	0.031877607	0.025671067	-0.054331344
-0.043788064	0.018644838	0.041072458	0.017310021	0.042286403	0.050907876	-0.0514987	-0.018746745	-0.03347436	-0.035109177
-0.0700665	0.019716172	-0.015436005	0.008879691	-0.0019247442	-0.047513064	-0.0017490264	-0.0024831719	0.024067663	0.043009855
0.0046135816	0.065447725	-0.044421297	-0.013045106	0.044705123	0.027289884	-0.067040876	-0.013486734	-0.007015279	-0.038691014
-0.045199595	-0.055684414	0.023537051	-0.05333688	-0.015665554	0.003556569	0.051368654	-0.0002704877	-0.01014334	0.016940778
-0.027633747	-0.04828865	0.014446557	-0.008605214	-0.03383649	0.011743366	0.020600272	-0.035723	0.025610711	0.022336258
-0.03182361	-0.0032823284	-0.0373099	0.004716107	0.018311782	0.007390849	-0.011596149	-0.025259737	0.011531809	-0.017034093
0.00039604882	0.003962079	0.027600493	-0.036600187	-0.042385712	-0.004615949	-0.02253436	-0.02062179	0.00593656	0.055477004
-0.062040374	-0.013733056	-0.015929263	-0.0568108	-0.03521656	0.03234019	-0.022035783	-0.0245654	0.0012555604	-0.024248887
-0.039785758	-0.04013937	-0.013141423	-0.020780927	0.021624	0.040366147	0.016030867	-0.0327213	0.02783152	0.039657224
-0.05119891	-0.011810899	0.010163876	-0.021275373	-0.0650097	-0.029007569	0.00342697	-0.0034856168	-0.02705872	0.044871073
-0.027929824	0.04454176	-0.030750299	0.0016034406	-0.049456153	-0.011244819	0.009598726	0.04377351	0.0074204393	-0.030638194
-0.039445043	-0.03361481	0.0055237194	-0.03470789	-0.0013930824	0.04423453	0.028262533	-0.014523586	0.037041117	0.04293711
0.04431347	0.0022360657	-0.026378823	-0.0032521125	0.033833776	-0.02021459	-0.0053571584	-0.028743705	0.040978163	-0.03249063
0.056273337	-0.028200764	-0.041185312	-0.010330128	0.044664092	0.026977522	0.0019855949	0.033454094	0.046761073	-0.030908668
-0.032116674	-0.038328193	-0.009526579	0.033776205	-0.032906223	-0.023620168	0.008179944	0.042323057	-0.033475887	-0.025595749
-0.0094840005	-0.011006499	-0.023585359	0.021334108	0.022576904	-0.0057959943	-0.024655744	0.0014269858	0.01503568	-0.001405889
-0.001076941	-0.02485487	0.047829337	-0.012089513	0.011808697	-0.06522014	0.034273192	0.034415375	-0.013401628	-0.004344769
-0.009952549	0.010395334	-0.011306354	-0.014187956	0.0014664294	-0.04085594	0.011451188	0.03599688	-0.029797744	0.020865059
0.013212765	0.012762363	0.03846858	0.027221324	0.023946686	0.030571245	-0.00035813163	-0.02172313	-0.045196846	0.011099143
-0.026393048	0.0112162605	-0.00206778	0.0067784437	-0.0043263915	-0.024058074	-0.021542495	0.0393188	-0.011565685	0.052370124
0.05452221	-0.03170462	-0.05110611	-0.024313275	0.044108853	0.0066984943	-0.021280834	-0.017563213	0.05948287	-0.023375515
-0.011206273	-0.060588762	0.059431583	-0.052975427	0.005711582	-0.016715419	-0.05767184	-0.00270125	0.0050034407	-0.02322968
-0.006063751	-0.04565527	-0.005764172	0.022739882	-0.037720695	-0.065652765	0.019746043	0.009331085	-0.005360388	0.045203872
-0.04976341	-0.04889924	0.046798743	0.0017628666	-0.03413482	-0.024850737	0.05508586	0.047570173	0.01564957	0.01564939
0.011343042	-0.0073382817	0.029451348	0.031452186	-0.053299684	-0.053323466	-0.0032172583	0.014497476	0.0004953514	-0.02194258
0.029807927	0.016461525	-0.0241498	-0.06317914	-0.06495798	-0.031877086	0.009784086	-0.025576755	0.033015035	-0.0067963824
-0.029488724	-0.013419534	-0.047532193	0.0008043512	-0.024991626	-0.024097018	0.03357582	-0.023373792	0.03332695	-0.057242975
0.050770048	0.016333587	-0.04148833	0.02396548	0.05712911	0.05950485	0.036966182	0.0025840767	-0.032851715	-0.02683964
0.038456913	-0.0062175374	0.008357183	0.029375201	0.021613711	-0.03694949	0.0068023023	0.029913131	-0.024489861	-0.00989958
0.05676393	0.06224829	-0.04433964	0.04994838	0.058912277	-0.00034206142	-0.009207321	-0.04040771	0.008634213	-0.034872588
-0.022630045	-0.055349197	0.0016546921	-0.021485033	-0.054108627	0.022216078	0.054590646	-0.018815909	-0.054013237	-0.020085191
-0.016104495	-0.06752447	0.049204443	-0.05090128	-0.06878008	-0.053756427	-0.008592941	0.049682476	0.0061706766	0.00161195
0.06549791	0.014703406	-0.0504004	0.056904446	0.06190654	0.00938616	0.0014496566	-0.06457305	0.05273393	0.021463053
0.04989191	-0.008094851	-0.00041869542	0.032338858	0.016759427	0.057952654	0.017145243	-0.0037653472	0.034035087	0.032761548
0.049203537	-0.013997659	0.0046910094	-0.030879347	0.01834991	-0.04307541	0.032388944	-0.007977361	-0.036613617	-0.009355689
0.04294002	0.013932878	-0.014811634	0.021331182	0.046011064	0.018014986	-0.041187223	0.0368015	-0.006322683	-0.025902232
-0.011513436	-0.022987457	-0.032914594	-0.010155745	0.059779245	0.0152772255	0.032958105	0.0073095146	0.032541376	-0.047756113
0.035353396	0.030692998	-0.023721006	0.0013933062	-0.014947216	-0.01747657	0.009683977	0.0476767	-0.058718335	0.0025379101
-0.0308319	-0.012552229	-0.005166383	0.023218935	0.01518762	-0.035690095	0.049152166	0.02945768	0.033364743	0.035138406
-0.028029745	-0.026926791	-0.0024243414	0.007312632	0.009885443	-0.029187977	0.005367367	-0.01322674	-0.03664606	0.053973135
-0.00478427	-0.06290097	0.039331038	0.009711153	0.032517612	0.018706286	-0.003549608	-0.023858467	0.010030783	0.02916025
0.036699887	-0.0055678086	-0.041298985	0.03724084	0.03255087	-0.032377496	-0.0076577114	0.031452585	0.044239182	-0.040960465
-0.0022738988	-0.037044663	-0.061683893	0.020616047	0.0224949	0.049122147	0.01783384	-0.029941324	-0.012192683	0.03346738
0.029203858	-0.00049809914	0.009729322	-0.002278945	0.04859279	0.023212763	0.0070434045	-0.037085976	-0.023141086	0.01007629
-0.04727284	-0.028579013	0.015662361	-0.00410307	-0.06480926	-0.012085086	-0.0051035266	0.009664166	-0.005178882	0.009767065
-0.013467122	-0.036062773	0.019463131	-0.016114736	-0.012353875	0.006980969	-0.036371987	0.056793038	0.007289905	0.06568796
-0.012480558	-0.019132344	0.014470566	0.007269569	0.022143943	-0.0038892739	-0.01405699	-0.009093522	-0.03661812	-0.02821209
-0.06666057	0.00056087394	-0.012354285	0.00788816	-0.0144221075	-0.063576296	-0.029482385	0.019070614	-0.043824423	0.050226633
-0.016455408	0.02576832	0.017453898	-0.007817389	-0.029240878	0.015080358	-0.03362614	0.0053145355	-0.01607164	-0.008022077
0.007377285	0.021591827	-0.003258748	-0.047127437	0.05284546	0.022945853	-0.044211186	0.013332495	-0.0034954117	0.024993524
0.02692928	0.048600532	0.032953765	0.0507718	-0.0051930035	0.016917907	-0.018636802	-0.032743953	-0.01245127	-0.020157525
-0.025549073	0.014880839	-0.03786936	-0.021119334	0.038955443	0.016754663	-0.0494501	-0.011035279	0.061314363	-0.03350315
0.058045108	-0.025347112	0.032982945	-0.03681856	0.02840448	-0.018033594	-0.000543083	-0.00042965362	0.047448203	-0.0031638092
0.005637599	-0.034375906	-0.039566737	-0.006481585	-0.030131208	0.021725018	-0.008009733	0.004911848	0.05489555	0.037319362
0.045138773	-0.029158203	-0.019008853	-0.00452601	0.036500223	0.024275014	0.048554037	0.026963353	0.02037636	-0.0005235822
-0.053542152	-0.04086376	0.05820951	-0.012276984	0.024520885	-0.0020253141	0.018385027	0.0012354162	0.031118901	0.02247204
-0.028485194	0.04774236	0.018608721	0.013162289	-0.012759922	0.0038101985	-0.012040494	-0.018549535	0.0071649984	-0.004475018
0.020357668	-0.025384558	-0.027553324	0.04668755	0.059613887	-0.021368545	-0.017593056	-0.06408049	0.048590217	0.024149425
-0.02454861	0.042444266	-0.024341324	-0.046532217	-0.04527356	-5.937698e-05	0.035804346	-0.00037497983	0.010507615	-0.0043724435
-0.018270949	-0.016934272	0.018628037	-0.026598368	0.04595597	-0.0029424743	0.011128029	0.047685407	-0.0029988943	0.00037230222
0.024083313	-0.036105536	0.019015625	0.010675986	-0.052500475	-0.050107814	0.0011920086	0.040558644	0.0012832308	0.011986962
-0.018727168	0.00288492	-0.049802333	0.007079848	-0.008070337	-0.016811542	-0.046670374	-0.009161133	-0.01926286	-0.027530812
-0.040101923	0.015801173	0.051329542	-0.0061642	-0.030350812	0.015139313	0.06999069	0.008619181	0.0006069984	-0.025285425
0.0114384815	-0.03855289	-0.014894808	0.04503158	-0.04081277	-0.019536791	0.047997788	-0.03411749	0.04591771	0.025992235
-0.019312106	0.063865274	-0.05409251	0.042053837	0.0039747544	-0.01505664	-0.00569652	0.015236704	0.046015035	-0.039462402
-0.03310283	0.033168778	-0.0132067995	-0.04497642	-0.020888157	0.03332616	0.052324682	-0.049836777	-0.0030864798	0.046194434
0.022138203	0.0044660475	-0.0255493	0.016264426	-0.055554643	0.012992338	-0.012037974	-0.012469442	-0.009980664	-0.034011673
-0.039806645	0.025607463	-0.04285797	0.015847867	0.026766071	0.0455868	-0.009909021	0.01849403	-0.0073167384	0.04259892
-0.0072877784	0.033362303	-0.04489196	0.028584221	0.0006247602	-0.017542133	-0.023142885	0.010332766	-0.022243908	0.006669845
0.01694685	-0.0659931	0.008327514	-0.042646214	-0.03210582	-0.03371633	-0.013009286	0.037944935	-0.051455114	0.065827556
-0.03598983	0.02847066	-0.048595183	-0.035100635	-0.00023958513	0.009569484	0.0050707255	-0.008802861	0.014357307	-0.00056688616
0.022849659	0.033840623	0.026757255	-0.050064523	-0.030216405	0.003109847	0.019105548	0.011086516	-0.009074971	0.040563364
0.023598224	-0.005055216	-0.050872974	-0.040479895	-0.006848472	-0.007632496	-0.020947222	0.031918574	0.041030522	-0.03836598
-0.020649638	-0.031576227	-0.03824698	-0.04359833	0.013803075	0.03726085	0.025572112	0.010541024	-0.025862895	0.02548452
0.025757056	0.025428222	-0.0145393545	-0.031560276	0.046377573	-0.014397663	-0.051131092	0.028736355	-0.037481274	-0.03181912
-0.022089172	-0.03751669	0.004750305	0.021794237	-0.054183472	0.030773044	-0.010994324	0.05337627	-0.038712997	0.040150817
-0.035010498	0.0060923183	0.028621992	0.035923664	0.0077883247	0.04243844	-0.028654391	0.0028854	0.062454287	0.006357905
0.051927067	-0.0077176	-0.016519984	0.037023734	-0.005913506	0.022310985	0.022919623	-0.06888514	-0.009899334	0.0068619214
0.018122312	0.004293404	0.028337277	-0.047958292	-0.054848827	-0.030167196	0.0070529827	0.019680036	0.00087972736	0.0020973159
-0.0040176087	-0.029476056	0.052927032	-0.043454517	0.013925469	0.0014806855	-0.006897856	-0.021221248	-0.029547365	0.019424235
-0.059945624	-0.010717058	0.066409916	0.015324546	-0.06962628	0.0099503845	0.032040335	0.0044011157	-0.04247511	-0.024078008
0.07079084	0.057972144	-0.050903685	0.002986129	0.020083468	0.0015025543	0.009345441	0.004110818	0.028800948	-0.036012836
-0.035528425	0.039450493	0.00191173	-0.031267937	-0.03871626	-0.0026004817	0.037380267	0.025705827	0.013440026	-0.049733207
0.038249016	0.046300046	-0.06910324	0.03888448	0.027462525	0.021394607	-0.055649497	-0.012758702	0.0046788086	0.026979148
-0.05461688	-0.07134103	-0.015412156	0.013196897	-0.036301367	0.008917626	-0.041607395	0.0045284834	-0.06719515	0.014031935
0.009817109	0.061033133	-0.0073776357	-0.017308705	0.05047197	0.006884266	-0.0023281858	0.0088176485	-0.0076613864	-0.05553737
0.033351835	-0.046352852	0.036795374	0.038700983	-0.03435893	0.041803036	0.020022627	0.018690335	0.00043764242	0.029822897
0.014077214	-0.021092419	0.062356547	-0.03398047	-0.018372059	-0.037028708	0.02903906	0.048788626	-0.01158111	-0.012684717
-0.008119215	0.02238255	-0.020940645	-0.043688852	0.04981804	0.044566277	0.017313745	-0.047652885	-0.039680485	-0.019824347
0.011444611	0.0060844375	-0.021078277	-0.050144643	-0.011878714	-0.07136649	0.023976054	0.016057447	-0.059460808	0.06533178
-0.011530876	0.061624296	0.02596695	0.010763914	-0.024308499	-0.011847012	-0.06522438	-0.044354707	0.047819253	-0.021219257
0.024814896	0.039898112	0.0001411147	0.013739666	-0.03184866	0.03634918	0.041572087	0.018232152	0.023017412	0.009997819
-0.041502874	0.03007169	0.020452697	0.006142795	0.021883132	-0.041930243	0.06510386	-0.0075639	-0.011711912	-0.006633895
0.027566267	-0.010755634	0.0048078876	0.031006457	0.035063807	-0.0012935192	0.060550548	0.029350128	-0.0334888	0.05283512
-0.044854965	0.03930622	-0.044538416	0.04930653	0.006971253	-0.013585838	0.011396722	0.011998387	-0.017754769	-0.003180357
0.02987825	0.02384203	-0.023975797	-0.019864522	-0.042804565	0.047145292	-0.017085193	0.03538096	0.03363006	0.013095123
0.01959546	-0.01616687	0.005040982	-0.017714513	-0.0028438692	-0.0062069483	0.0020259798	0.05079187	-0.015171445	0.01035946
-0.047243055	-0.04010471	0.013367756	0.010490295	-0.020938896	-0.043338966	-0.03832288	0.008664094	-0.016083924	0.058882587
-0.0033488686	-0.009623828	-0.03751356	-0.028637197	0.05802272	0.05225551	-0.062046118	-0.049817983	0.0027385273	-0.0032633382
-0.029437602	-0.0182543	-0.0039606118	0.03994198	0.01992672	-0.016940953	-0.03385328	-0.0036825861	-0.0018940924	0.04572458
-0.06906085	0.013914659	0.06330255	0.019419175	-0.05371912	0.021895554	-0.026795419	-0.019777622	0.022658894	0.027338969
0.0535808	0.013708066	-0.023198113	-0.04151539	-0.040071175	-0.009960258	0.007814659	0.040322848	-0.041784108	-0.0062716356
0.032969315	0.027082063	0.019434318	-0.024735719	0.031247031	0.002838905	-0.022028942	-0.018754866	-0.017064298	0.006027157
0.010394382	-0.04152895	-0.022571743	-0.03390661	-0.044846702	0.030972678	-0.02901391	0.0072134235	-0.020034121	-0.015197449
-0.025498886	-0.053628646	0.01123994	-0.010507565	0.010288132	0.022603944	-0.022964757	0.0027537341	-0.05665093	-0.016549064
0.0045101247	0.017067585	-0.019667123	-0.015144681	0.04890609	0.041514497	0.009947832	-0.014327081	0.047410294	-0.0076714084
0.048259933	0.034274742	-0.048417196	-0.005935133	0.006215327	-0.0061368677	-0.04879542	-0.02345142	0.016646298	-0.030604756
-0.057966746	-0.010283453	0.005187494	-0.010627269	-0.023458108	0.0138269905	-0.032841764	-0.002713928	-0.020910082	0.021561757
-0.040480774	-0.041614246	0.0128779365	0.04013852	0.0044062384	-0.042931005	-0.04508795	0.01223651	0.008835818	0.025804399
-0.027997622	0.00054829963	0.013981026	-0.013170335	0.050018523	-0.012242268	-0.061761413	0.0044375863	0.018155249	0.03579729
-0.049003247	0.040502228	-0.0033442064	-0.0046528974	0.0145273395	0.02816195	-0.040218193	0.030803036	-0.0040632333	0.0130807245
-0.009611301	0.024349097	0.04343058	0.03486078	-0.03666633	-0.036123883	0.028903916	0.019710703	-0.004656306	-0.0047488883
0.022486068	-0.0034727696	0.010149513	0.05151007	0.04204197	0.011923867	-0.050094638	-0.0345912	0.02350416	0.009528049
-0.064614214	0.010883376	0.04834894	-0.0076348055	-0.04917887	-0.048355807	0.03135413	-0.0056590843	-0.059407886	0.065332405
0.044782985	-0.03522941	0.025834244	0.02397809	-0.04569884	0.029627204	0.03156275	0.045215588	-0.047039695	0.012585418
-0.00080650824	0.008676807	0.026752306	0.05209507	0.010202424	0.034830738	-0.011710606	-0.023907386	0.03172587	-0.025800677
-0.036795203	-0.021285607	0.014581023	0.040746287	-0.018817607	-0.0009612884	-0.008744974	0.0040875864	0.000118123644	-0.026753735
0.03612229	-0.051294666	0.062401213	-0.030986773	0.007277812	-0.03823555	0.04761303	0.02426631	0.005600426	0.058180753
0.040146966	-0.0028482683	0.0023358846	0.03405736	0.054963958	0.026468236	-0.043257177	-0.032037586	0.03316262	-0.015211633
-0.029375462	-0.019672103	-0.008831498	-0.04707149	0.014532347	0.023052523	-0.029869689	0.019650916	-0.022172011	0.021750746
0.04271999	0.016034432	-2.188965e-05	0.049367648	0.016564615	-0.007406602	-0.0019150717	-0.031052334	-0.007239543	0.024489038
0.0053675435	-0.020079963	0.0130467685	-0.04163719	-0.016788006	-0.05207685	-0.007646944	0.039725423	-0.04819818	-0.02847853
0.003921073	0.021533735	-0.0011668149	0.007865299	-0.019955551	-0.0017467556	-0.015206519	-0.025241073	0.04673372	-0.020457705
-0.025166202	0.020058315	-0.04189336	-0.03690178	0.018753797	-0.019750932	-0.008310546	0.011829654	0.041163146	-0.022914434
-0.03977503	0.026972815	-0.0077972016	0.022188839	-0.07089475	-0.023125859	0.033850662	0.06549497	-0.016713899	-0.023804184
0.019587278	-0.03435572	-0.0064502377	-0.05093781	-0.0075079994	-0.00968382	0.054052066	0.046575535	-0.043529313	0.044280104
-0.03001127	-0.024138516	0.039663292	-5.5321572e-05	0.00016323199	0.030917369	0.051642254	0.04934654	0.029554904	-0.018931143
-0.021973126	-0.003918421	-0.051098797	-0.020529475	0.021510705	-0.015925692	0.04615659	-0.00929436	-0.010063995	0.0073256223
0.031086307	-0.010315125	-0.047436655	0.023313615	-0.016407926	-0.01646906	-0.059232082	-0.044637304	-0.0076436996	-0.0027627246
0.035111733	0.04804265	-0.01973988	-0.038787335	0.0438185	0.04992572	-0.033904254	0.026578438	-0.0187049	-0.016119588
-0.024367927	-0.052195158	-0.033589844	-0.048074044	0.03999684	-0.054739468	-0.037416745	-0.040326305	-0.03590107	0.049891014
0.037330657	0.0010628719	0.012279902	-0.02698519	0.013342989	-0.019431366	-0.037743255	-0.026124388	-0.025407853	-0.025077663
-0.00084680936	0.049727444	0.033576883	-0.031915296	0.004688958	0.013077363	-0.0047385944	0.029064385	0.039421923	-0.008068054
0.035007566	0.03431806	-0.0053584003	0.004955629	0.06369815	-0.00046184755	0.0036498678	-0.009701641	-0.019251306	-0.031047069
0.042755198	0.009663544	0.025731433	-0.02064111	0.040115293	0.0011319694	-0.0041662776	-0.020089881	-0.002045819	0.04768258
0.0552727	0.07079634	-0.06255948	0.03930705	0.029261397	-0.008133727	0.0025434224	-0.011684221	-0.018587174	-0.019231439
0.03930386	-0.03324595	-0.035116892	0.01702126	0.040859144	0.0028446827	0.011842232	0.029533535	-0.010646988	-0.009439957
0.032516256	0.0063910354	0.046160217	0.006596888	-0.03901637	-0.03039948	-0.0490064	-0.046862632	0.014946054	-0.026490215
-0.0339496	0.01907108	-0.01683764	0.05186541	-0.023372956	-0.0013698043	-0.031545874	-0.02649628	0.029208098	0.007992098
-0.0066868076	-0.055547327	-0.0316264	-0.022527944	0.021310152	-0.052539658	0.033455245	-0.018756341	-0.0074595185	0.018797655
-0.04481376	-0.047878977	0.031130001	-0.0140945325	-0.04844923	-0.014439079	0.029601099	0.040389594	0.041288298	0.0121172555
-0.03826339	0.0021314437	-0.031762037	0.008156742	-0.009220775	0.0327681	-0.013520165	-0.029602226	-0.035906374	0.030817183
-0.052700374	-0.04031185	0.00029610796	-0.013865024	-0.052059613	-0.018172234	0.013509613	0.060934212	0.010033801	-0.027001865
-0.02866784	0.042504128	-0.04243859	0.048346616	0.03858068	-0.025191125	-0.04562124	-0.028514227	-0.03552979	-0.0018764532
0.016653877	0.005451331	-0.007028697	-0.019064495	-0.01386032	-0.04716309	0.038938347	0.005072669	-0.018076364	0.026547672
-0.026315462	-0.047052287	0.041228984	0.017459447	0.027345708	0.014552418	-0.038503747	0.00808173	0.026566926	-0.010444146
0.016365351	-0.02195823	-0.016369978	-0.0092664445	-0.031983923	0.03768936	-0.018302115	0.005561524	0.031025028	-0.024168227
-0.021017816	0.057091184	0.027335268	-0.018939015	0.03576714	0.055927098	0.031117003	-0.0012546518	-0.024307106	-0.0348713
0.024347886	-0.013682625	0.02508876	0.044602368	0.045401715	0.057571776	-0.023471776	0.020887703	0.040217556	-0.029681433
-0.03855628	-0.006120959	-0.056237176	0.039277624	0.053833432	-0.036167245	-0.04518714	0.031465847	0.012084722	-0.058802478
0.05716534	-0.016769199	-0.06392546	-0.01654945	-0.0237275	0.0052533206	0.008634004	-0.006122375	0.014140671	-0.040745154
0.0047908477	-0.012685084	-0.00049569266	0.017952992	-0.042281967	0.0092613	-0.05726289	-0.025171973	0.049993534	0.028753698
-0.06683414	-0.0015830529	0.050271444	0.005497815	-0.0299185	-0.07156736	-0.01791162	0.035786122	0.0064941375	0.057375394
-0.04466286	-0.01147472	-0.0051435465	-0.064005345	-0.03469289	-0.020414675	0.02582344	-0.0152449785	-0.049948853	0.046367563
0.028107649	0.01697494	-0.0080790715	0.0064474144	-0.0061031836	-0.04455673	0.022836238	-0.033746243	-0.037106484	-0.010570552
-0.0204616	0.0340172	-0.03196292	0.02207457	0.011115706	-0.006231363	-0.047683958	0.015572079	0.03554081	0.030703973
-0.04753418	0.020922646	0.015614549	0.012847463	-0.022430701	0.008701529	0.031369336	0.0460989	-0.0020512405	-0.02111934
-0.0105311675	-0.06492056	0.05409091	-0.047070175	-0.061206535	-0.019219752	0.057477463	0.07095668	-0.017048664	-0.007215197
0.03266162	0.07411052	-0.00084863364	0.014204863	0.012761776	0.052627206	0.008393432	-0.01007427	0.036169007	-0.044629034
0.045805935	-0.013721284	-0.027496854	0.001678346	0.009391728	-0.04456595	0.008508762	-0.041856706	-0.02215845	-0.052079268
0.016904464	-0.01893911	-0.023861839	-0.011827188	-0.04095825	0.004575913	-0.01853529	0.031996485	0.017774994	0.003983453
-0.030642116	-0.0025844758	0.067235656	0.008119966	-0.049342003	-0.012891066	0.03784907	0.04869359	-0.0035354535	0.044536
-0.06766818	-0.024163403	0.073653474	-0.06405533	0.011410347	-0.04209303	0.03767567	0.0018955813	0.00886534	0.041588683
-0.04643378	0.02279209	0.025608411	-0.024151318	-0.0027626213	-0.009404896	0.00016597754	-0.020741142	-0.039452974	-0.018908473
0.031396274	-0.012668053	0.022820786	0.0033131577	-0.0024190475	0.024961226	0.029073361	-0.030897401	0.0033193503	0.045674983
0.020900624	-0.03141984	-0.017135251	0.036006246	-0.029979523	0.03483567	-0.054613143	-0.006563214	0.042689707	0.001717462
0.043057255	0.0034000196	-0.035539024	0.035962656	0.045914106	0.041859474	-0.0036931813	-0.035395563	-0.018735994	-0.038836848
0.056421306	0.0034356061	0.022554765	-0.009620261	-0.016789587	0.038783837	0.05062705	-0.027430829	0.055598497	-0.014574083
-0.009545001	0.047205143	-0.039134618	0.06985866	0.06491937	0.06488829	-0.052805867	-0.070052005	0.015756449	-0.029269988
0.02128833	-0.011550591	0.018862804	0.040209137	0.004612585	0.02032454	-0.04793762	0.012772096	-0.02595654	0.033198185
0.050856046	0.015099618	-0.026495619	0.046648946	0.013534525	-0.014004016	-0.037688665	-0.036115833	-0.029325094	-0.009398729
-0.025093032	0.001957297	-0.02225928	0.040126607	0.025082953	0.03851544	-0.044626888	-0.051765103	0.0039205384	-0.0014347088
-0.014634336	-0.031708073	-0.03648263	-0.016772058	0.03423219	0.01729783	0.009751875	0.0066030947	-0.028238673	0.0071564824
-0.033533514	0.049451593	0.0110153565	0.018227328	0.018219197	-0.034770977	0.0036532928	0.024970759	0.03621139	-0.041465335
-0.0057658236	0.011059933	0.005116032	-0.026543219	0.04356048	0.049394563	-0.03888111	-0.023391275	-0.03230707	-0.041684482
0.04434532	-0.026689248	0.039102077	-0.015759364	-0.018365264	0.026400289	0.051375594	-0.04545422	-0.017253658	0.003847581
-0.060260296	-0.0007323393	0.06789533	-0.048887096	-0.039118085	-0.05117907	0.028106859	-0.016880758	-0.028405413	0.023885354
-0.046184752	-0.0026551227	-0.038310196	-0.0050773867	-0.0342051	-0.032065082	0.029013189	0.026213694	-0.04383617	0.007086869
0.012361324	0.062106278	-0.0034237634	0.028440064	-0.0066731665	-0.021063957	0.006427189	-0.053071897	0.009291698	-0.051020037
0.02084202	0.019930815	0.0108057745	-0.006723402	0.035701938	-0.025162864	-0.020575058	0.0207115	0.03860696	-0.018697068
0.03950389	-0.044834662	0.033624187	0.031668823	-0.03914299	-0.03730043	-0.001911044	0.012600458	-0.022310864	-0.034149814
0.039468918	0.033963002	0.023310605	0.00066108693	-0.023187522	0.027734319	0.015873082	-0.015548688	-0.03185835	0.0138829565
0.010324152	-0.005294241	0.0073142876	-0.060230616	-0.02663541	-0.042128313	0.06697942	0.014512515	-0.030298354	0.014789502
0.006047008	0.031474657	0.011475539	-0.042910833	-0.031035371	0.027257293	-0.021063821	0.018168908	-0.014037324	-0.0025683146
-0.05735141	-0.027907899	0.037596446	0.020110354	-0.03875909	-0.06891343	-0.011369913	0.06090725	-0.0466005	0.018113343
0.04944024	0.011315134	0.021576125	0.04721249	0.04817111	-0.0025542013	-0.015419425	0.018832868	-0.0030450919	-0.045516547
-0.01710127	0.034634493	0.015265944	-0.023231972	-0.009519951	0.04646526	0.030508002	0.039315008	-0.0239364	0.04116946
-0.024717761	-0.021738786	-0.0633597	-0.0019538216	-0.005300572	0.04519	-0.028620254	-0.04660916	0.06619881	-0.026083719
0.031016106	0.0007108379	-0.008300352	0.039691694	0.0006406749	0.026624747	-0.041037425	-0.015403179	-0.010697885	0.00024269042
0.06348639	0.020145748	0.01587974	0.026060848	0.020248296	0.044365015	-0.019235454	0.0048220735	-0.010936076	-0.047882933
0.013311043	0.018965332	0.0010423417	0.044731375	-0.019081233	0.0045259967	-0.034471046	0.036769614	-0.027570423	0.0006308166
0.020078287	0.0027798847	-0.012316246	-0.009228523	-0.0035346153	0.041081183	0.026933443	-0.0025336782	0.0020870965	0.029167553
0.014491715	0.022036482	0.07125001	-0.053505484	0.017415382	-0.0056464924	0.039004855	-0.018393332	-0.06481783	0.05828377
-0.027679326	-0.052866638	-0.025826527	0.016415728	-0.026829695	-0.0105441725	0.037457205	8.271525e-05	-0.0022434075	0.01529255
0.01683494	0.039850775	0.04144657	-0.016344342	0.02999729	-0.02061834	-0.032864787	-0.031506766	-0.032810614	0.016647562
5.2539694e-05	0.011797194	-0.005394895	-0.009695359	0.044159025	0.0139362505	0.04142485	0.011659508	0.04230103	0.033421814
-0.027503291	-0.009142034	-0.031065868	0.008057135	-0.012974003	0.0074113216	-0.06315466	-0.03318512	0.04405485	-0.022596883
0.05003494	-0.041127607	0.01639381	-0.033528034	0.040991813	-0.011782507	-0.046474487	0.028593842	0.03113482	0.003944315
0.01100706	-0.02272201	-0.073393814	0.037868246	0.05015303	0.051200394	-0.0019261548	-0.0031455238	-0.017075572	-0.049091768
0.019607522	-0.010188583	-0.033697154	-0.03904562	0.018675197	-0.018414754	-0.043131195	-0.0024328039	0.030545663	-0.00535965
-0.006831244	0.013961988	0.02144945	-0.06711007	-0.020229785	-0.035453085	0.010246248	0.038339775	0.021980215	-0.007830309
0.024904573	0.036374558	-0.020847043	0.045898434	0.030616926	-0.018348595	-0.054889195	-0.05006953	0.018547509	0.026158797
-0.059790984	-0.02839668	-0.023928853	-0.0705527	-0.07067332	0.015321808	-0.00637691	0.039425354	-0.023380686	0.026748663
-0.040102944	-0.02888167	-0.0023938708	0.019521829	-0.040608697	0.0036803556	-0.045215894	0.038328446	-0.0016957803	0.049437467
0.007478797	-0.028981244	-0.03977662	0.0053064334	0.02301568	-0.024007134	0.0055862605	-0.007740794	-0.0029065758	-0.00041762667
-0.017051734	-0.024848988	0.019014176	-0.017659025	0.016082982	0.055802193	-0.018469807	0.008694022	-0.0081117265	-0.02114689
0.023500245	-0.012896698	-0.03843534	-0.048717175	0.027864685	0.024723066	-0.050953556	0.052893396	-0.0038562294	-0.0010994176
-0.0053022173	-0.018741488	0.01893333	0.021830471	0.04250662	0.005571716	0.043857846	0.04070469	-0.03656491	0.016179336
0.040068246	-0.03796868	0.016732767	-0.053870734	-0.046745628	-0.014743767	0.011251738	-0.019094814	-0.009994307	-0.031241609
-0.022354448	-0.0016064264	0.06912917	-0.016780658	-0.0357307	-0.012780572	-0.028956011	-0.015927153	-0.040709864	-0.002365049
-0.0126960855	-0.011199682	0.050350916	-0.013889746	-0.006775058	-0.014120626	0.02234714	0.044367455	-0.010035447	0.06415876
-0.033466067	0.0042423047	0.044058874	0.0042588296	-0.05510279	0.03324435	0.021843033	0.05501465	0.011930068	0.017531568
-0.0511736	-0.03497717	0.005067257	-0.0295883	-0.0052175974	0.02363173	0.030735275	0.054390207	-0.059961747	0.055631153
0.065070964	0.022493744	-0.06878905	0.026272578	0.009848922	0.04146966	0.014006467	-0.015587745	-0.00035356064	-0.016134545
0.009889377	-0.044004753	0.029871533	0.021728426	-0.05093757	0.037395626	0.049086433	0.017832238	0.028138157	0.0059624435
0.018146768	-0.008564975	0.0054198275	-0.022037793	-0.04466562	0.024133319	-0.035721716	0.032070223	-0.01629157	-0.026740998
-0.038167607	-0.052551314	-0.026508307	-0.016666204	-0.0074196435	0.00084855815	0.015544854	-0.027410738	-0.049719747	0.021753768
-0.062734954	-0.039640237	0.026269369	-0.04195691	0.01997065	-0.029382123	0.013028472	-0.009021262	0.024900468	-0.009269496
0.008706981	-0.037137892	-0.006525513	-0.020460144	-0.016736334	-0.031862166	0.011680778	-0.012938592	-0.048882853	-0.018403132
-0.026995517	0.039094124	0.048426777	0.0045618233	0.022204489	0.011296342	-0.039193418	0.04980006	-0.033557996	0.051500313
-0.022322504	-0.057501752	0.03444503	0.035714485	-0.027698373	0.032794036	0.009963259	-0.022054823	0.0038913074	0.0031797197
0.03731835	-0.00054575707	-0.005019893	-0.032542203	0.037076794	-0.035362225	-0.008234244	-0.032135412	0.022136308	0.021289889
-0.026819775	-0.010228368	0.01949836	-0.0073453784	0.004247478	-0.018617917	0.016354587	-0.036326252	0.011367105	-0.05168343
0.0024447714	-0.0276947	0.022092419	0.0006276981	0.027757403	-0.045875993	0.046605036	0.04027227	0.022011232	0.034905903
0.015123486	-0.04267973	0.018868158	0.029645553	-0.057036873	-0.046697132	-0.020544672	-0.032252762	0.01816106	0.06334768
-0.027859649	0.02755619	-0.060024105	0.048902463	0.00831229	-0.039110597	-0.0659268	0.0031131208	0.0062478473	-0.006602503
-0.034516435	-0.013342056	-0.022612147	0.021312274	0.026040357	-0.05001408	-0.025962021	-0.03975588	-0.022946868	0.03498799
0.0077376524	-0.044983845	0.011800062	-0.015649216	-0.033890996	-0.036203373	0.010161993	0.013013197	-0.034378	-0.00842312
0.06781458	-0.0076885996	-0.02761961	0.016077332	0.062403776	-0.014211863	-0.04025879	-0.02556612	0.013194811	-0.06023903
0.00016773683	-0.015376415	0.010232125	-0.008064452	-0.032783616	-0.0035290136	-0.024627496	0.007983965	0.04426323	0.028316608
-0.027227348	0.0445283	-0.022688122	0.006255861	0.038704872	0.06973194	-0.060430396	-0.048265915	0.042043693	-0.067827396
-0.033008195	-0.0026890838	-0.007706538	-0.047785655	-0.051748887	0.033375278	0.032992482	-0.017697705	-0.0015228518	-0.013671859
0.02842655	-0.028366532	-0.0148727475	0.0065198164	-0.014495186	0.00034084363	-0.02159239	-0.022153776	-0.0031999995	-0.0032543568
0.016066363	0.018657051	0.0432254	0.028774312	0.028002495	-0.0154488245	-0.032222785	0.032796845	-0.035576962	-0.0013260803
0.03157105	0.016187511	0.0019975933	-0.014865463	0.01655934	0.007262648	0.005328674	0.03876771	0.045089073	-0.0031673517
-0.016569424	-0.032150373	0.032695774	0.02549754	-0.0515783	-0.0419989	0.031868264	0.013629995	0.0038394763	-0.029252207
-0.0010305424	0.05177438	0.022945752	-0.019609222	-0.018994197	0.065645956	-0.03439791	0.018562721	-0.01169307	-0.052700613
0.038310237	0.0061672507	-0.056213826	-0.01208571	-0.030179584	-0.016450394	0.020237897	0.030927405	-0.035864573	0.038656496
0.014372687	0.05216639	-0.049992908	0.021988865	-0.016100207	-0.0024839127	-0.034775693	-0.0030106015	0.02868568	-0.024558624
0.026796602	0.052861206	-0.041975036	0.018646473	0.06403696	0.046942364	-0.032232165	0.0021473882	0.012925435	-0.0060292566
-0.026021393	0.068092644	-0.011526546	-0.010617466	-0.02433944	0.040638503	0.017012008	-0.043001506	0.01602808	-0.052757915
0.055270527	-0.01860394	0.04113863	-0.039838787	0.0024110326	-0.028230673	0.028163712	-0.019101454	-0.027517244	0.009598005
0.022626095	-0.021192553	0.04682673	0.032638967	-0.01615128	0.023471132	0.0019255802	0.01729051	0.011973148	-0.015264381
0.006161259	-0.05086471	-0.00014884656	0.0383917	0.044345357	-0.03511922	-0.022796385	0.041558683	-0.035494108	-0.021953229
-0.02716978	-0.035158787	-0.03424886	0.048957806	-0.03341946	0.031921893	-0.029282836	0.008118903	0.011779585	0.01140276
-0.04986646	0.01616194	0.035067808	0.00745895	-0.031030336	-0.019554202	0.016237605	0.026563466	-0.009459893	-0.009537562
0.033923186	0.031177275	-0.0004315109	0.067818284	0.0472455	0.0057927435	-0.027016396	0.023221662	0.036819898	-0.04738297
0.052139953	0.050709173	-0.0029372284	-0.009273561	0.032690138	0.019396344	-0.035639327	0.03547437	0.03756178	-0.05426427
0.057633914	0.006368432	-0.022313362	-0.020514125	0.061340563	0.023110462	0.011107445	-0.057658948	0.0007510831	0.025558038
-0.0088696275	0.060550336	-0.0007071583	0.03753174	0.04535479	-0.015482463	-0.021373464	-0.06983609	0.023646131	-0.034282032
0.0002942503	0.029046828	0.017813025	0.05446335	-0.019091075	0.017465185	-0.047605958	-0.043331303	0.060296595	-0.009312874
-0.0010524488	-0.05061952	0.041060682	-0.0054238797	-0.035874985	-0.06423939	0.054812066	-0.0042027524	-0.00621823	-0.015129428
0.0022602358	0.056713868	0.019531807	0.0007546222	-0.027082684	0.04972396	0.03997876	0.00840124	0.04341974	-0.039739177
0.022138327	-0.010057355	-0.0008044018	0.016633937	-0.040057287	0.013582399	0.03495844	-0.0112173855	-0.03902401	0.015912645
0.036034916	-0.009373058	-0.025863366	0.0013776763	0.021022005	0.011310688	0.018452492	0.035561718	0.004382429	-0.04785905
-0.0033062042	-0.03884067	0.01844957	0.026094891	0.016148813	-0.0005175875	0.035699196	-0.019151608	-0.015638217	0.02823034
-0.045163278	0.038460486	0.027349435	0.024570359	-0.03841446	-0.049467288	-0.0063734725	-0.023847267	-0.009919235	-0.0047189128
0.041277174	0.043439314	0.010044652	0.021303322	0.029358016	0.028905505	0.036545657	-0.043786854	-0.018295072	0.0362253
-0.01340832	-0.009878471	-0.055828948	0.0005804446	-0.03764433	-0.029022675	0.010754922	0.0043056267	0.056478515	0.0011477259
0.0565917	-0.0337708	-0.04020773	0.02649811	-0.015296122	0.03882793	0.013566193	0.025507236	0.04855556	-0.033615183
-0.04371878	-0.014729702	0.03731715	-0.05899052	0.02512378	-0.05670692	-0.04108259	-0.024011308	-0.053295452	-0.0037836432
-0.033964917	0.013025734	-0.0026209895	-0.04167653	-0.05931252	-0.035059523	-0.015197567	0.010967277	-0.014264403	-0.022895003
-0.0031165327	-0.039457403	0.00926277	-0.03056904	-0.025900304	-0.0026878456	0.024021085	0.012352831	0.044986688	-0.009718749
-0.010578099	0.008074413	0.0065921713	-0.053594578	-0.006268113	-0.055872086	0.018105544	-0.02855018	0.01415983	0.004825811
0.008446885	0.040040746	-0.012190923	0.026939457	0.023176633	0.04454554	-0.02523667	0.031421352	0.01875661	-0.05720153
0.051559146	0.032363337	0.022923296	-0.00091324316	0.05156338	0.05314462	0.034938052	-0.048088077	0.04036451	-0.039808292
0.016882127	0.009307975	0.048968695	0.009841519	0.005402486	-0.053402785	-0.016607044	0.057735007	-0.041669138	0.003333383
0.018021422	-0.015693033	0.028284604	-0.040135257	0.022714226	0.028718647	-0.044650067	0.0010092886	-0.0074169454	0.0021396563
-0.027145991	-0.06932282	0.044008672	-0.015061598	0.0002048764	-0.07183108	0.014342113	-0.0050071855	0.013701967	0.06693187
-0.015986567	0.0315733	0.026363278	-0.014417477	-0.021498967	-0.048105363	-0.011254536	0.05285749	0.0073518297	0.052479062
-0.042230282	-0.022820644	0.019435331	0.004844281	-0.022056095	-0.040924463	0.013714203	-0.023618098	0.005158046	0.030723471
-0.015939523	-0.04296601	-0.039830044	0.0304077	-0.0041849865	0.030585961	-0.021183597	0.022350753	0.021210263	0.055371784
-0.006107781	-0.0053508054	-0.008812286	0.044085544	-0.0033371353	0.0060617123	0.038366064	0.023216894	-0.008921842	-0.040626284
0.07189158	0.03571107	0.015508914	0.014469282	0.05663415	0.043128926	-0.009615362	-0.07270354	0.056557093	0.01402211
0.056853157	0.005923528	-0.012296721	-0.010550493	0.045322247	0.048090763	0.013868275	-0.017999921	0.027478881	-0.040875066
-0.035852484	0.0037595145	0.026307017	-0.028778419	-0.003958434	-0.019517971	0.0015997444	-0.007806256	0.022684766	-0.011996483
0.022630325	0.070941895	-0.04696792	0.040328447	0.009293722	0.008108346	-0.06912081	-0.05859416	0.02041676	-0.01726282
-0.018181259	0.049779624	-0.04233751	0.004631563	-0.035658564	0.035933003	0.018679772	0.021517117	-0.035839036	0.045114756
0.0026221387	-0.062204722	0.03535013	-0.023873009	-0.0320144	-0.06880683	0.049062114	0.06527382	-0.04469492	-0.017237902
-0.0072546657	-0.012089207	0.039863028	-0.044156473	-0.037674204	0.052847374	0.032162912	-0.018249743	0.028494855	-0.0385306
0.061177403	0.054674976	-0.030894846	0.059385117	0.05870977	0.028095653	-0.016228924	-0.05342239	0.05403177	-0.0152246
-0.0057148277	-0.026465157	-0.04176945	-0.02117351	0.004546701	-0.013713161	0.027945103	-0.039911684	0.043359652	-0.022813607
-0.053256642	-0.0002871942	0.031084249	0.02619414	-0.00849719	0.008028771	0.006206497	0.010658514	-0.024581423	-0.032275416
-0.021936098	0.016344672	-0.039367754	0.03283011	0.012104133	0.024424944	-0.05866422	-0.00026392983	-0.016538959	-0.051814806
0.032286026	0.040294673	-0.04507582	-0.017369209	0.03953892	-0.020937162	-0.04061734	-0.039583247	0.007958911	0.007628383
0.008127407	0.012005264	-0.05451263	0.026049037	-0.00835657	0.0068972697	-0.04978038	-0.004489038	-0.03995424	0.009630946
-0.055560518	0.0023985032	0.03116497	-0.025817221	0.0039606234	0.01579537	0.0171488	-0.01580339	-0.012580912	-0.035373468
0.036614195	-0.03455543	-0.04128959	0.038197786	-0.036906227	0.0040014014	0.046940938	0.025017682	-0.03449636	-0.022825709
0.014398537	-0.0012934015	-0.023544405	-0.023588184	0.06159463	0.03410328	0.025342105	-0.009803564	0.03614351	0.03380585
0.013940678	0.064145856	0.006801057	0.054754056	-0.022356216	0.0630137	0.01505866	0.014487215	0.04548092	-0.044959534
-0.008674416	-0.026253488	0.010001313	-0.037893318	0.031348515	-0.025359495	0.023452835	-0.032134343	0.018610254	-0.011533203
0.033204034	-0.00386527	-0.002065504	-0.004205975	-0.049220484	0.010353137	-0.010607481	0.043951765	-0.0142820235	-0.0042249556
0.013854312	-0.001470417	0.023478625	-0.009931327	-0.05385024	-0.04270404	0.02838898	-0.0019226593	0.017740741	0.027844695
0.013776627	-0.01786481	-0.01450967	0.022296501	-0.006251858	0.03883977	0.05491431	0.014918959	-0.041777175	0.047108263
0.038375683	0.027224334	0.0007624899	-0.020490585	0.02422399	-0.03823748	0.043980386	-0.019473499	-0.045690898	0.008947261
0.04369306	0.0048385565	-0.013909863	-0.020818716	0.030854514	0.054813385	-0.03576076	0.023546545	-0.030724978	0.032413136
0.055062056	0.016784381	-0.0034480784	0.008953415	-0.02198008	0.049190976	0.0350812	0.020353606	-0.0012644123	0.032973867
-0.030281464	0.046407174	0.0023917381	-0.026559345	0.024745503	0.020714674	-0.042092852	-0.058961626	0.032729607	-0.061849378
-0.064954035	-0.01656697	0.023620162	-0.034750316	-0.02272814	0.01782245	-0.024881715	-0.01748878	0.010475914	0.047367536
0.04862022	-0.035164896	0.04712655	0.04483873	-0.027556222	0.028667226	-0.019468164	-0.050425775	0.03469251	0.007214952
-0.021967301	0.018785475	0.024692748	-0.053659897	-0.018899115	-0.01259703	-0.02124553	0.020082286	-0.058460813	-0.0010764697
0.018562045	-0.070672855	0.0397697	-0.05062178	0.019297797	-0.059455022	-0.028139524	0.0049813096	-0.029343994	0.0606717
-0.04667653	-0.046734292	0.0395716	0.007131375	-0.019974656	-0.0051909727	0.0070136036	0.031385634	-0.023136277	0.003588978
0.046806205	0.012413375	-0.019589758	0.01407057	0.059650484	0.005263173	-0.0015646206	-0.053528916	-0.0051363073	-0.03895984
-0.052346393	-0.049721144	0.058318444	0.01768424	-0.004119109	-0.06330995	0.043875985	-0.00939522	0.008860746	0.01214907
-0.014364444	0.017904138	0.020896243	-0.06706143	-0.017227996	0.019489737	-0.0017195317	0.044895567	-0.071892075	0.031544533
-0.036399975	0.015954558	0.052053105	0.0065806904	-0.045999423	0.02764611	0.0025853517	-0.005349261	-0.0020814529	0.017066082
0.043655515	0.058976207	0.032183204	0.017869016	0.05502705	0.04958026	-0.024372207	-0.0065814755	-0.0013899093	0.020361597
-0.038652282	-0.020221336	0.030060505	-0.04596227	0.014359885	0.019406468	0.0046035945	-0.020266281	0.013885747	0.0033239028
0.030325787	-0.048684277	0.0029033928	0.027663374	-0.007096964	-0.023158533	0.057623196	-0.017470488	0.013613325	0.021426331
0.037619747	0.06529584	-0.03512942	-0.015580599	0.008216197	0.036761515	0.022391679	-0.013451145	-0.00015600263	0.010503815
-0.0057920874	0.031816706	-0.06259054	-0.014258816	0.005487983	0.008240039	-0.022607246	0.022031087	0.038321085	-0.00521807
0.051180054	0.03338858	-0.0037232682	0.029657703	0.056662403	0.027757196	-0.048612908	-0.029510668	0.057887174	-0.05404284
0.01591189	0.024587719	-0.011425053	0.012195493	0.057527572	0.045470692	-0.0055450024	-0.04491606	0.018353624	-0.036653634
-0.042913098	0.014285905	-0.04054521	0.0030359155	-0.010168033	0.036961142	-0.038566336	-0.027778765	-0.0366984	-0.048977535
-0.008294285	-0.017600492	-0.024936598	0.027644036	0.046278104	-0.0011415824	-0.044763964	-0.024176514	0.019043688	0.020987693
0.003862347	0.041740924	0.030203218	-0.026703708	0.013650005	-0.025544493	-0.05207853	-0.042887542	0.04168549	-0.029351505
0.059042368	0.047861554	-0.031367667	0.05522578	-0.024246665	-0.0040427246	0.01689725	-0.039776906	-0.022654422	-0.032838814
-0.02623512	-0.045763902	-0.023399724	-0.037286192	-0.046656653	-0.00787975	-0.012795744	0.01124632	0.038082507	0.019121649
0.05202436	0.053012293	-0.043022368	-0.0010338798	0.00253129	-0.030790335	-0.026488846	0.03152891	0.05793605	-0.026358806
0.06928532	-0.0057822727	-0.06800811	-0.0043434855	0.047034632	0.0120798005	-0.023731075	-0.07089675	0.0238464	-0.060101837
-0.031845875	-0.04857901	0.021951636	-0.04432891	0.017453779	-0.04169362	0.0023723575	-0.027026147	0.0382075	0.029596232
-0.026472222	-0.012897588	0.03576576	0.042840887	0.016374173	0.035112	0.0046160426	0.04059851	-0.026163936	-0.05205825
-0.046896126	-0.066889934	0.02588727	-0.022538003	-0.0080581615	-0.023122253	0.001547631	-0.021128278	0.006657116	0.02277573
-0.0074210595	0.054697692	-0.03824912	0.008536021	0.06608592	0.0074017067	-0.0427856	0.013921659	0.05552512	0.018451557
-0.03226398	-0.058855616	-0.025023742	0.023131661	0.0031025698	0.015208058	-0.0020411562	0.023043972	-0.041689888	0.044961195
-0.037515096	-0.043904074	0.040767428	0.03310203	0.0017137893	-0.004572411	0.037051715	0.016814865	-0.043275613	-0.03088654
-0.0038461846	-0.03702398	0.017760167	-0.016244972	0.032753404	-0.008548718	-0.044619232	-0.051765304	0.034456447	0.03225087
0.014920928	0.014047318	-0.033665963	-0.04728473	0.01188549	-0.0054212892	0.06468023	0.035152037	-0.045074206	-0.015686257
0.04338712	-0.005295202	-0.06424764	-0.021702616	-0.028497813	-0.012813184	-0.008176302	0.016290283	0.03428864	0.008470337
0.031392545	-0.0023685698	0.006313538	-0.007534194	0.03312074	-0.007704115	0.034098	0.009553008	-0.008422326	0.0011973573
0.012497405	0.008787109	-0.015001346	-0.0372243	-0.0021106338	-0.048974328	-0.022465102	0.0011547497	0.018977968	-0.029908488
0.040637456	-0.027994238	0.02731605	0.053373504	0.04396236	0.021182694	0.006923509	0.020682776	0.043569382	0.013073376
-0.001326598	-0.024836894	-0.011330393	-0.047795746	-0.052176025	-0.019586101	0.022864765	-0.010817581	-0.03487911	-0.014160955
0.021831848	0.049921155	-0.03685144	0.053963855	-0.022450529	0.033423685	0.019337391	-0.025697201	0.028998537	0.017203989
-0.018656846	-0.022590574	-0.07085852	0.07161892	0.034531903	0.07366498	0.0032142408	-0.022127936	0.057646804	-0.018636951
0.018325478	-0.012995996	-0.00953299	-0.041022625	0.024834866	0.020282328	-0.0025453863	-0.018877976	-0.036348585	-0.029428368
0.054337233	0.017558454	0.023623144	0.05185701	0.02145069	-0.021650802	-0.0032809372	-0.025334872	0.058932602	0.010383988
-0.026195068	0.046070624	0.000536789	0.017795868	-0.016623517	-0.019944295	-0.0026614268	-0.060491636	-0.032025058	0.022512792
0.028164439	0.02824907	-0.03799123	-0.022934448	-0.055526294	0.0014273601	-0.039441753	-0.017467402	-0.011817683	0.018648727
-0.03715534	-0.01873559	-0.0054869177	-0.0014889742	0.023505693	0.004770025	-0.020750578	0.034666974	-5.5530876e-05	-0.012157925
-0.003599956	0.024767691	0.00820235	0.026761081	0.018030658	0.02588304	-0.02678452	-0.049949527	0.00026555944	-0.042284336
0.00291914	0.031630974	-0.021470468	0.014803782	-0.0050102565	0.061819483	0.00070153066	-0.032450706	-0.008079971	-0.02156142
0.03307702	0.07387439	-0.036857646	0.06953423	0.054684374	0.041105766	-0.039093364	-0.016536621	0.040806834	0.01119218
0.028869947	-0.029838119	-0.022442104	0.03377358	0.02093892	-0.014653585	-0.032274503	0.008705909	0.015028901	0.013758813
-0.062364258	-0.02426592	-0.013516094	-0.007088387	-0.062148485	-0.021156676	0.019044865	0.015798029	-0.046220507	-0.025943328
0.0022662354	0.028568557	-0.0069474434	0.06719764	-0.017630694	0.02108541	0.007120979	0.02111746	0.00074665836	-0.020807415
0.018504553	-0.015861291	0.014869079	-0.03558628	0.0001304782	-0.010082228	0.009537418	0.020926539	0.0051470553	0.038278367
-0.015779337	0.02817179	0.023193812	-0.03382204	-0.037578817	-0.014457406	0.04724609	-0.025959741	-0.050994355	0.015983224
-0.042253934	0.010367997	0.025687015	-0.020322176	0.017551621	0.044127934	0.05207976	-0.03034259	0.014157071	-0.0013403451
0.032436512	0.058121935	-0.027465433	0.023720507	-0.0112246	9.883048e-05	0.02329502	-0.043309174	0.06425409	-0.068346135
0.022052623	-0.05070664	0.01287367	-0.008550327	0.015670111	-0.01088462	-0.0065132612	0.013465833	0.032955337	0.025000142
0.018532649	-0.028975334	-0.053522054	0.030807123	0.01869457	0.051182717	-0.033644933	-0.0014559785	0.011904147	0.015549197
0.02126661	0.009899633	-0.055765394	-0.0060256654	0.04720082	-0.034785718	-0.040958714	-0.035881467	-0.026563348	-0.052396603
0.044676635	0.0018231701	-0.018541472	-0.009629164	-0.046977207	0.038895518	-0.025024358	0.03856313	-0.03288906	0.02614798
-0.048193704	0.03442707	0.030136203	0.037213445	-0.04527405	0.011321709	-0.01383708	0.049924005	-0.036697548	0.047945328
0.012486468	-0.058724828	0.04999777	0.027801968	-0.0018306441	-0.027636735	-0.03666169	-0.03211419	0.008899047	0.035741255
-0.027775217	0.040964913	-0.042383768	0.044966806	-0.0020751304	0.05886735	-0.054038815	-0.03959409	0.06908304	0.02666724
-0.043340728	-0.029440388	-0.03874111	-0.012246815	-0.025755124	0.02424725	0.04915367	-0.048277337	0.033805255	0.032445334
-0.0045868163	0.01442683	-0.039099827	0.029026479	0.04486408	0.053370465	-0.0086643435	0.0333594	0.04401192	-0.008748772
0.04759913	-0.004598844	0.015592603	0.050676618	0.062296234	-0.001510624	0.029644046	0.0035963615	0.044098087	-0.019188052
-0.06065747	0.019891914	0.014057093	-0.040586505	0.00882148	-0.057674665	0.056731857	-0.035132572	-0.028464174	0.001858537
-0.024965342	0.06577691	-0.04738735	0.009733631	0.048793476	0.010340843	0.025651716	-0.019039815	0.034880172	0.006564762
-0.03124435	-0.038475685	0.051178142	-0.031510852	-0.056517188	-0.019396532	0.04172985	0.06630731	-0.056182522	0.041393355
0.014578834	0.00079974293	0.050099812	-0.040505834	-0.02584544	-0.018846383	0.011957747	0.05820476	-0.00489784	0.04726701
0.028352447	0.012125883	0.0047512255	-0.01905992	-0.03302576	0.037869293	0.043734405	0.013163881	-0.01291163	0.043271706
0.06070771	0.04246193	-0.011412541	0.03543607	0.055655103	0.0583845	-0.038737476	0.01688567	-0.0017576072	-0.04309935
0.036092382	0.034408074	0.0046330616	0.048007216	-0.027518291	0.0055240104	0.0020839635	0.02935735	-0.029289648	-0.02919344
0.04572383	0.048972104	0.030273894	-0.038513917	0.012790139	-0.042136673	-0.016974611	-0.023219053	0.0529622	0.011825381
-0.0007976872	0.03237695	0.054590493	-0.01975153	-0.031131288	-0.05441128	0.04984144	0.030835025	0.023557656	-0.028903164
0.014623036	0.0056091994	-0.008343696	-0.047909047	0.021615233	0.019862263	0.01936079	0.020780597	-0.034329955	0.017829584
0.023726141	-0.030285807	-0.015862761	0.01928289	-0.046471253	-0.00460562	0.038978674	-0.00093785353	-0.042466003	0.02439864
0.043512054	0.06364859	-0.036287684	0.06431034	0.0004758976	0.025746565	-0.00547023	-0.0014852878	0.03878536	-0.020539718
-0.020721985	-0.017162956	-0.058430977	0.032905784	0.0070727905	0.034876734	-0.04493441	-0.03801213	0.020330897	0.0020554482
0.024428062	0.039293997	0.031532846	0.025512991	-0.0146596655	0.046802506	0.040163964	-0.018089866	0.013835374	0.0143168215
0.03325756	0.02110563	-0.020120267	-0.0023263851	-0.0046345205	-0.02893753	-0.02918081	0.020245671	0.048586983	-0.017774664
-0.058821894	0.0023901726	-0.018006407	-0.017815135	0.0039119725	-0.012132682	0.061951485	-0.01260169	-0.031213006	0.04839134
-0.016505893	0.023894688	-0.047348365	-0.016201159	0.010313383	0.023821943	-0.036348052	-0.01155173	0.041272886	-0.008695925
-0.06887408	-0.0048569934	0.015629249	-0.03875708	-0.066819064	-0.03286902	-0.022563439	0.002660666	0.015592618	-0.0070445845
0.0056367405	-0.0036754992	0.03974574	0.00051327207	0.00043816143	-0.043316633	0.054508407	0.056575205	-0.06479452	-0.004784102
-0.055544756	-0.012910563	0.0034756898	-0.022890449	0.00946241	0.0140039995	0.024016943	0.004106208	-0.017151093	0.023059487
-0.01196912	0.0029450997	-0.027423121	0.009611216	0.04200067	0.0284713	0.015552741	-0.024878502	-0.05464206	0.010864765
-0.018499248	-0.010658944	0.040331926	-0.041368254	0.010066829	-0.034812834	0.03168633	-0.024250107	-0.024539372	0.04307347
-0.013648922	0.006381475	0.031388387	0.01630472	-0.015592442	0.02528206	-0.01613954	-0.043980554	-0.023820553	-0.001602901
0.03830687	-0.039022654	-0.016126318	0.0010346589	-0.004734761	0.040439144	0.010823594	-0.014575554	0.028101178	-0.03446574
0.006369383	0.037396062	-0.017655771	0.0284073	0.022981985	0.0033700643	-0.020499153	-0.028632939	-0.008325915	0.0030583972
0.030644003	0.037769243	-0.018385451	0.05189352	-0.012062235	-0.028366446	-0.002244673	0.039454464	0.03371957	-0.038703717
0.0015399547	0.015542908	-0.03595248	-0.0048439917	-0.044006243	-0.04266399	-0.04198816	0.0053293374	0.029457757	0.03956445
0.022574658	-0.05726527	0.030154478	-0.047968745	-0.011241295	-0.060692444	-0.01693385	-0.0034221548	0.018034047	-0.0059380187
-0.021252858	0.032691505	0.04437679	0.02209908	0.036510367	0.027721755	-0.040248822	0.007626712	-0.0040041315	0.0037810865
0.04716506	0.0119184265	-0.054421067	0.029299809	0.01812916	0.03630357	-0.029113209	-0.04481108	-0.03546335	-0.008027699
0.006932282	-0.013146902	-0.06587332	0.02839925	0.021125337	0.055159245	-0.021156905	-0.014613907	0.04680532	-0.012099989
-0.005478656	-0.013937432	-0.064168446	-0.008072759	0.045452483	0.0006111272	-0.016103338	0.002304415	0.00042613613	-0.01011211
0.012268278	0.013270728	0.058805916	-0.07396789	-0.0528467	-0.004901642	-0.011168577	0.055299185	-0.06966707	0.040726192
0.014230968	0.043452006	-0.009039504	-0.009892351	-0.029284148	0.0036696466	0.023645738	-0.0406145	-0.023538517	-0.042994067
0.027433552	-0.037525315	-0.0013606198	0.018657293	-0.030324029	0.0030014499	0.020484902	-0.0050787344	0.03560804	-0.0062043443
-0.012115656	0.020077331	0.02260555	0.004784188	0.02379412	0.034969557	-0.010260989	0.049975295	-0.02894889	0.028667059
0.023913758	0.0043033175	0.020764863	-0.009190015	-0.013651997	0.066048235	0.011120431	-0.04469372	0.0361321	-0.06015875
-4.1888226e-05	-0.016918605	-0.010453296	0.011292032	0.018270686	-0.053393055	0.027180811	0.05112065	0.016680876	-0.010724403
-0.018262774	-0.017200705	0.006059194	-0.01589773	-0.03353971	0.025205791	-0.0045569343	0.015051911	-0.013020895	-0.022255044
0.004458509	-0.0025788422	-0.007669133	0.03737808	-0.023959493	0.05936846	-0.010440816	-0.06560299	0.067466676	-0.037972067
-0.0025016656	0.0145115405	-0.048559688	0.021624468	-0.009808984	0.026599789	0.03011944	-0.021249754	-0.019705953	0.012312278
-0.048244894	-0.070590824	0.020507336	0.0023495192	-0.042910837	-0.023334531	0.061978705	0.048536856	-0.015903097	0.020070672
-0.02417478	0.025020992	-0.03681141	-0.001082196	0.018874316	0.033338524	0.033723243	0.029582951	0.008828261	0.022836905
-0.020227358	-0.022893174	-0.0034553127	0.0066473875	-0.011903704	-0.053243626	-0.045559186	-0.009396878	-0.049866147	0.009069024
-0.06138326	-0.066037044	0.01704375	-0.06486187	0.022612005	-0.053415664	0.054434042	0.0005245412	-0.0362425	-0.024217833
0.012508976	-0.020102121	-0.031572856	-0.02122272	0.051141646	0.013482858	-0.048381343	-0.045422826	0.05477029	-0.030590823
0.049986977	0.0074722287	0.014474374	-0.014524518	-0.025332537	0.04938692	-0.00041320777	-0.03087984	-0.0041252053	0.0021651976
-0.024803067	0.012823038	-0.011121207	-0.031374633	0.0043369317	-0.008784494	-0.018946175	-0.0036601287	0.033087566	0.027171744
-0.0055234027	0.00032165908	0.06292873	-0.009428369	-0.0025549098	0.013202854	-0.009010756	0.024594849	-0.026057735	0.044406068
0.017568527	0.04549227	0.02323614	-0.0037867154	0.032593723	0.020771652	-0.030118726	-0.0124339005	0.0665926	0.005766117
-0.010618619	-0.019054115	-0.024696957	0.01638886	-0.0008064522	-0.0038176894	-0.016000165	0.022435287	-0.014717735	0.024551526
0.00054989196	-0.003599065	-0.022530252	-0.051457915	0.019854931	-0.006651682	0.025167802	-0.022262307	0.015479241	-0.020818867
0.015229642	0.0045998115	0.033785403	0.012562011	-0.054640368	-0.03739209	-0.030482857	0.030617658	0.038249902	-0.022672752
-0.014560288	-0.040608432	0.033650815	0.031089365	-0.014224937	0.036433507	0.010556057	-0.016962577	-0.027777685	-0.009995199
0.00096492347	-0.045252565	0.061259445	-0.03110583	-0.03290632	-0.011332944	0.058700897	-0.014620494	-0.05074921	0.048380096
0.03784162	-0.012886722	0.03477697	-0.03574866	-0.059419904	0.033903424	-0.013667465	-0.033147313	0.00032150102	0.042939473
0.030933578	0.031776156	-0.024634331	-0.009985491	0.0454267	0.0015318865	0.024870453	-0.0488137	0.0522961	0.02405534
0.039894093	0.01192054	-0.034817316	-0.01842345	-0.009395277	0.042262617	-0.028154131	-0.028844653	0.016039023	-0.0031933046
0.04379487	-0.047858395	0.0023062234	-0.011516362	-0.024346642	-0.045656145	-0.0025008481	-0.03040899	0.024956314	0.013886228
-0.04126373	-0.00604703	0.021241551	0.0158066	-0.0032634118	-0.020940874	0.040249255	-0.01599765	-0.0053272615	-0.01600508
0.038756438	0.058282066	0.0149340285	0.0039333706	-0.025015695	0.009675255	0.027124397	0.0099122	0.013144016	-0.062423088
-0.04453803	0.029769039	-0.027922934	-0.02905585	0.018925622	0.040290765	0.046100665	0.0047678063	0.05161326	0.00046415266
0.030013574	0.05218856	-0.02094616	-0.013310009	0.038887043	0.04163828	0.006759155	-0.049157187	0.050942875	-0.03392053
0.052145336	0.06697201	-0.01604769	-0.02197643	0.036733944	-0.021518039	-0.03715715	-0.065435186	0.060419783	-0.03822023
-0.0059513757	0.015136448	0.037020724	0.0148116695	-0.024543216	-0.050656237	0.04285576	-0.024177736	0.018379278	-0.016563226
-0.03098843	0.006201077	0.0067600547	-0.007333322	-0.008816865	0.009963112	0.027546946	-0.046630304	-0.03527568	-0.05601956
0.0038587614	-0.01954331	-0.033147022	0.029199092	-0.037086505	0.036035415	0.016882049	0.031156179	-0.040093467	0.020876661
-0.016228534	0.028460197	-0.011746377	-0.021671526	0.044827674	0.048898935	-0.03490946	-0.011379691	0.013317716	0.019649917
-0.026836833	-0.024394212	-0.044218015	-0.0265253	0.043882	-0.00871086	-0.026704617	-0.008932829	0.050387226	-0.05060173
-0.053768955	-0.03188696	-0.038726106	-0.0037992322	0.042910203	-0.02085319	0.008787701	0.010066653	0.025159284	-0.026097434
0.022824997	0.05133146	-0.01839682	0.0065144533	0.02009251	-0.044234898	0.02803902	0.03849403	-0.026043935	-0.047954243
0.035813443	-0.032319233	0.012123926	-0.040971883	-0.015002406	-0.004993657	-0.040982757	0.032396115	-0.020818291	-0.01071218
0.07327207	0.038121138	-0.04779138	0.05343208	0.008965157	0.0594527	-0.007133972	-0.03661546	0.0037618189	-0.023411782
0.05688432	-0.030798187	-0.042165693	-0.0383486	0.01360084	0.0048022848	0.035301074	0.038960226	-0.03998992	0.02847721
-0.024620619	-0.028978685	-0.011398661	0.034177147	-0.0295598	-0.038181055	0.026454337	0.028078748	0.01147184	0.012188182
0.042066306	0.016779374	0.017369049	-0.014029691	-0.016530983	-0.014075811	-0.025012225	-0.060730908	-0.011749896	-0.051708236
0.048922297	0.051401246	-0.016307818	0.07271204	0.029642569	0.03271289	0.01112742	-0.023078412	0.043611154	-0.032554466
0.039784815	-0.025707955	0.016041443	0.01631354	0.001893691	0.043101445	-0.051476467	0.013025694	-0.025971675	-0.056450758
-0.06060281	0.0122726755	0.033957094	0.0025581357	0.015829137	-0.07323064	-0.03104124	-0.003799814	0.024157995	0.033192676
-0.011600489	0.058317404	-0.008686953	0.05734044	-0.0033607797	0.066298425	-0.05839894	-0.02759219	0.046228357	-0.020038102
0.064633854	0.005113036	-0.06887651	0.06794829	0.069848046	0.06823599	0.03004421	-0.066059045	-0.018023022	0.008397872
-0.0044173915	-0.022532986	0.03531765	0.00072579656	0.021686785	0.016147515	0.01355683	-0.03316038	0.04352238	-0.03038445
0.05332762	-0.029782344	-0.004150541	-0.020844806	-0.015710965	-0.03720282	0.01637425	0.006485095	-0.0049925926	0.017936181
-0.01688458	-0.019028718	-0.030698026	-0.03342903	-0.027396316	0.028291391	-0.043568604	0.026022928	0.01456674	0.037930302
0.013023188	0.022296853	0.0713351	0.0061450694	0.009805405	-0.03547415	0.03894763	0.012134761	-0.05693822	0.036361977
-0.0118677495	0.00042831525	-0.0062261536	0.017293148	0.04229146	0.06136953	0.009097837	0.03246903	0.012805989	-0.02983755
-0.02939703	-0.0019501362	0.067734756	-0.011084424	-0.02534178	-0.022326954	-0.027458698	-0.002315078	-0.021500537	0.01742792
-0.05074079	-0.016384156	0.023762658	-0.053978678	0.037627395	-0.0013327566	-0.02313942	-0.0074815727	0.00501069	-0.029020533
0.003731516	-0.006076025	-0.033546194	0.00028297983	0.029420814	-0.03289009	-0.02028153	-0.002521813	0.009281453	0.03067317
0.052474953	-0.009999113	-0.028475707	-0.026768196	-0.020350188	-0.030870814	-0.058396015	-0.030586855	-0.0018613617	-0.026841722
-0.027646955	-0.0284163	-0.0029321958	0.01088829	-0.03355341	0.030038685	-0.054935746	-0.057767816	0.0101096565	0.013416294
-0.037931666	-0.03610424	0.022948893	-0.022979803	-0.035387438	0.044339616	0.057508618	-0.025550026	-0.053314697	-0.005144258
0.011208442	0.011709583	-0.02826536	-0.0019447457	-0.04191039	0.047074612	0.046969034	0.0008402368	0.042122163	-0.011030322
-0.051992208	-0.07433501	-0.0044464213	0.009252422	-0.067025326	-0.055937268	0.009965005	0.0031383126	-0.03243693	0.044481944
-0.006899143	0.016204707	0.039638747	-0.03214073	-0.043485068	-0.03685147	-0.032815024	-0.019407928	-0.046653967	0.039517652
-0.02267694	-0.056256253	0.02498645	-0.06785322	-0.010202917	-0.066063985	-0.015031396	-0.010399004	-0.011557186	0.05801351
-0.027353266	-0.032922555	0.06555158	-0.036102172	-0.033047274	-0.036093492	0.035112873	-0.008679339	0.010929009	0.020535316
-0.02525427	0.038980987	-0.026059765	-0.00991987	0.001462957	0.0021411602	0.0056862514	0.018502595	-3.2356376e-05	-0.00889008
0.017435852	0.011999741	0.03704129	-0.04784192	-0.041646227	0.03746931	0.023331981	-0.011471829	-0.042352855	0.030918006
-0.013568132	-0.016539052	0.030541396	0.010905939	0.039273445	-0.042572446	0.01234411	0.017412763	-0.029711073	-0.036927864
-0.022498613	-0.016369	-0.041698713	0.019551177	-0.024793794	0.037397884	-0.013097734	0.032852843	-0.0031615251	-0.02935024
0.02857529	-0.025990423	-0.054180194	-0.032193672	0.01580191	0.05112616	-0.00090628484	-0.01232383	0.0071450043	0.03378653
-0.032857236	-0.0025765973	-0.0020759092	0.005934612	0.021892836	-0.030387731	-0.007584102	0.06372217	-0.069869764	0.06352846
-0.0004991942	-0.048502237	0.055475924	-0.018762942	-0.028742975	0.02487251	-0.0058040107	-0.018029243	-0.030798646	-0.027681794
-0.016274638	-0.0033616903	-0.00732049	0.039023004	0.038905047	-0.010160447	-0.049266145	0.030889284	-0.016468761	-0.03319169
-0.017350944	0.005869613	0.064267285	-0.023178	-0.064329095	-0.04878221	-0.0018251872	0.02843831	-0.061261352	0.01680107
0.009845846	0.008914105	-0.056474283	0.0103104375	-0.012705471	0.031770308	-9.713636e-05	-0.007921528	0.05803338	-0.0444989
0.018398259	-0.0561912	0.033102058	0.019420456	-0.009827729	-0.035210505	0.012031295	0.05801372	0.0076622237	0.02161713
-0.009430432	-0.036319356	-0.014483054	-0.02951851	-0.016260006	-0.029130103	0.0072889943	0.060360204	-0.048106954	0.050071813
-0.022211142	-0.011574817	0.048200097	-0.07323502	-0.05993645	-0.012469648	-0.016220154	0.041559108	-0.025608303	0.00959255
-0.06968412	0.025101027	0.014112413	-0.018432552	-0.034879282	-0.06667866	-0.035280608	0.02505414	0.006438306	0.059520643
0.038213626	-0.044836964	-0.01616274	-0.016035693	-0.03653531	-0.015282788	0.05681678	0.035606075	-0.05409827	0.020156933
-0.050305203	-0.0019836663	0.03542238	-0.025655378	-0.020984916	-0.004670701	-0.03405442	0.0052953805	0.017174656	-0.04030631
-0.022636594	-0.006218052	-0.014270583	-0.036230456	-0.023279002	0.022755638	-0.05145061	-0.001011	-0.007328331	0.0052327486
-0.012914199	-0.025930498	-0.021496145	-0.05314354	-0.023140023	-0.025248915	0.05501079	0.015427368	0.014226098	0.051588587
-0.033710755	-0.0015509011	0.010209966	0.03099785	0.034732036	-0.03299342	0.027425278	0.0023109103	-0.009869696	-0.0020112596
0.029091543	-0.02525224	0.012771459	0.071144715	0.07081326	0.036962964	-0.015655445	0.021472717	0.06507632	-4.3898766e-05
0.030432204	-0.020396175	0.0037124008	0.051255003	0.07402143	-0.013510029	0.00561628	-0.0065402314	0.0735009	-0.060367383
0.014948685	-0.025231637	-0.032154758	-0.012661853	0.02910249	0.044274323	-0.007101595	-0.04058481	-0.012320849	0.0067109847
-0.02098036	-0.071809135	-0.0038781557	0.0071776644	-0.06801775	-0.00209134	0.0155306095	0.07074289	-0.024867387	0.031784933
0.030773075	0.037487447	0.01003437	0.05434967	0.032644838	0.028685844	-0.05446512	0.015882928	-0.014399238	-0.06811433
0.069007866	-0.021938844	-0.026555208	0.046489254	0.0021112373	0.012026334	-0.05456206	-0.038723834	0.015185434	-0.034429796
-0.039446965	-0.026741289	0.06149583	0.0210004	-0.008798354	0.018689418	0.0049152314	0.03540053	-0.030207926	0.062091753
0.0027137557	-0.0036741642	0.042907454	0.020670963	0.0011086751	-0.05879333	0.025303828	0.0040224246	-0.06358819	0.035176776
0.037975546	0.032496247	-0.03544995	0.0010760886	0.053665698	-0.02658404	0.006280759	-0.018959286	0.04801188	-0.017215475
0.0130658485	-0.0022606524	-0.038492277	0.034100056	0.03273253	0.023468459	0.009245349	0.0358873	-0.024286669	-0.02612284
0.05460842	0.023145929	0.036664113	-0.015542924	0.023750793	0.046633933	0.024892597	0.012808336	0.03517065	-0.022014722
-0.032456204	0.047915645	0.034959834	-0.030424343	0.0111972755	0.04532519	0.027007457	-0.05677951	-0.03232647	-0.055960827
-0.009884318	-0.039533243	-9.979488e-05	-0.00011710424	-0.03850146	0.004186021	-0.04677294	-0.0058725807	-0.042070676	0.024597796
-0.02425393	-0.025339633	-0.01621321	0.0021384778	0.015722828	0.015871739	-0.038905453	-0.040189758	0.06638374	-0.066413
0.029425269	-0.001434014	-0.037722044	-0.03428083	0.03923292	-0.034668613	-0.0021642894	-0.05671176	0.05461231	-0.022746522
-0.021788701	0.01854638	0.06743181	-0.056786876	0.0069423923	-0.05281389	0.035888102	0.032877434	0.0011588905	0.023144066
0.026180133	-0.022800656	-0.021627394	-0.021928607	0.012147792	-0.007561248	-0.0369733	-0.01940713	0.060478255	-0.025728611
0.009934073	-0.03471435	0.052955166	-0.042310014	-0.054283563	0.0044808877	-0.029139383	-0.008458373	0.033061955	-0.04113983
0.025360096	0.031773917	0.014218396	-0.04218449	0.0341003	0.020195212	-0.05137727	-0.030625816	-0.039047666	-0.01365883
-0.0013347161	-0.024061818	0.047880556	-0.03319663	-0.020296352	-0.043531734	0.047015965	-0.013746143	-0.062623	-0.014360191
-0.035844084	-0.055280782	0.055496998	0.010659104	-0.021666037	0.023346813	0.006294377	0.013161553	0.03218396	-0.0097724795
0.020071508	-0.0074967705	0.038084902	0.0016016774	0.014824058	-0.020804295	0.0140002165	-0.018653858	-0.0005790246	0.009499214
-0.039694015	-0.0017282645	-0.020602662	-0.0626394	-0.052655984	-0.048217732	0.008112421	-0.006413674	0.022677328	-0.026565045
-0.06851915	-0.044979393	0.035715807	-0.05280771	-0.029481612	-0.06060024	0.013369061	0.06884147	-0.03779146	0.034596536
-0.023061756	0.04107814	0.00048651776	0.025911363	-0.008614889	-0.018887268	0.016634895	0.01774062	-0.039998703	0.028291184
0.008466865	-0.020616554	0.01410336	0.03776188	-0.012545811	-0.016382325	-0.014294454	-0.0030917835	0.028105948	-0.02455228
0.05908931	0.009774077	-0.010525277	0.014833406	-0.0090977475	-0.0055681514	0.03410017	-0.028120821	0.032092452	-0.050079793
-0.038148932	-0.014965765	0.05309226	-0.06494546	-0.039702654	-0.056197148	0.056634218	0.02117706	-0.012835199	-0.026733022
-0.034542613	-0.0417494	-0.023928124	0.005501148	0.02269652	0.008156127	-0.009934595	0.052074194	0.0081721125	-0.020710267
0.059856683	0.013083323	-0.025799073	-0.017429803	0.032369267	-0.0057684225	-0.019257272	0.010367951	0.042740583	-0.0034027349
-0.014709001	0.03898701	-0.023746379	-0.023054307	-0.032507494	0.016684575	0.002019335	0.020451825	-0.04291756	0.04008718
-0.041723866	-0.0047455216	-0.0056744833	0.018210815	-0.044709753	-0.02809461	-0.016599927	-0.0015457319	0.03056078	-0.0028535344
0.012713866	-0.044843704	-0.0024129518	0.045666218	-0.037879914	0.035490066	-0.0050658584	-0.026605356	0.018648218	0.03368261
-0.01698645	-0.035022885	-0.00043764283	2.3056464e-05	-0.002299182	-0.005031382	0.012190123	0.012674947	0.02672267	-0.053306513
-0.033413436	0.0127168	0.00921244	-0.011393623	-0.02362435	0.04939232	-0.05706205	-0.0151880365	-0.040108684	0.0156444
0.010493929	-0.05668186	0.0033817475	0.0020004197	-0.017737728	-0.042674508	0.014864873	0.048134346	-0.012767459	-0.039679825
0.05694562	0.018046796	-0.040946838	0.055808663	0.03778441	-0.001084452	-0.038288776	0.011539437	0.011689986	0.033306636
-0.025115486	0.06580122	-0.05803318	0.016101472	0.0532548	0.02954164	0.015455697	-0.028957985	0.036497597	-0.040723722
0.0009640633	-0.051814787	0.059597977	-0.03767512	-0.0044784183	-0.03529158	-0.007987977	0.06275909	-0.02461071	0.057744734
0.017347066	-0.0031514608	0.010371919	-0.043119114	-0.031090816	-0.024375377	0.009244612	0.061805636	0.0048820972	-0.008300776
-0.05312181	-0.065585665	0.00914532	-0.03490946	-0.0023668671	-0.009650002	-0.014713856	-0.009552987	-0.06813174	-0.0036291105
-0.025227465	0.016957793	-0.05057952	0.048407074	0.01796899	-0.01567386	0.04543568	-0.016962808	0.0341692	-0.045094367
0.026199328	-0.021667464	-0.024833623	0.015486989	-0.0023409058	0.016740397	0.010914837	-0.013999268	-0.042006064	-0.00416263
0.016415587	-0.017228868	0.016307993	0.062899776	-0.013806609	0.06925923	-0.008400361	-0.048070107	-0.016395612	-0.019011725
0.045197085	0.033601377	-0.07414962	0.052577958	0.029284166	0.017658113	0.03036548	-0.056002893	0.021861954	0.0035928574
0.02863708	-0.026826026	0.016959703	0.026538113	0.044871137	-0.029114028	-0.017306231	-0.01631825	0.0034732234	0.026108714
0.020856453	-0.035150543	-0.011196482	-0.038844842	-0.06785524	-0.045094963	-0.012412832	-0.02065565	-0.029114455	0.013781054
-0.022508098	0.036978874	-0.009514249	0.022968296	0.038344134	0.01992986	0.01351751	0.0100314645	-0.005057994	0.007978964
0.034095168	-0.0029566411	0.0029705404	0.006732726	0.059264775	0.04130189	0.01958211	-0.048347764	0.016400166	-0.017678333
-0.04483969	-0.007216897	0.01806669	0.04983168	0.044843446	-0.03566601	0.005353764	0.0044610775	-0.012593497	-0.037157588
-0.051758405	0.017947584	0.016070215	-0.0007301949	-0.041003037	0.03191832	-0.053825602	0.016921222	0.029760802	0.04245235
0.06258292	0.011780486	-0.07280513	0.048237666	0.017486904	-0.020301793	0.02314721	0.0011844486	0.02820844	-0.028240012
0.056158766	-0.020282172	0.032945566	0.05190866	-0.020663826	0.05303811	-0.034975607	-0.00755725	0.04266495	-0.04107242
-0.04990779	-0.028810542	-0.01844663	-0.002650479	-0.024738884	-0.063814186	0.032213155	0.021584887	0.025231574	0.004462587
0.052045368	0.03993959	-0.0013789788	0.044502694	-0.0057368474	-0.0045779003	0.019564502	-0.0040307892	0.031020444	0.026106525
-0.05542382	0.032010224	0.053512577	-0.029522682	-0.024914667	0.020837698	0.035307106	0.04694692	0.012782275	-0.043366857
0.048391268	-0.033513676	-0.05725232	-0.027338792	-0.037764486	0.05666379	0.0054792627	-0.012538709	0.0562093	0.016856726
0.03510963	0.046284065	-0.046178404	0.044125162	0.046974488	0.042479526	0.043015875	0.048774205	0.048016034	-0.04075114
-0.03803987	0.038632423	-0.037299886	-0.020334689	0.0100355875	-0.0058500916	-0.027607685	-0.04192999	0.034944292	-0.042807806
0.02668018	0.009678835	0.036031667	0.029024728	-0.030871965	-0.036449626	0.036282822	0.060039822	-0.059557974	0.016095722
0.058925	-0.016470738	0.018409416	-0.002063965	0.03423711	0.06988967	-0.0105416905	-0.03276751	0.012825069	-0.059641194
-0.034785025	0.0020586606	-0.004232804	0.019222952	-0.04444951	-0.007123134	0.05954804	-0.023378454	0.04324689	0.044510603
0.009207038	0.0031546832	-0.016954482	-0.015640687	-0.017145546	-0.029941307	0.034756236	0.026887653	-0.04328946	-0.025802959
0.02020285	-0.012506746	0.046958555	-0.06389025	0.030088171	0.000703189	-0.03781577	0.009930213	-0.057463136	0.022357391
-0.025743488	-0.0035433848	0.0068141096	0.009766674	-0.0035564357	-0.051428523	0.053096518	0.017196385	-0.040163916	-0.0020911207
-0.066203825	-0.043851312	0.062962785	-0.03429416	-0.038841683	-0.070331916	-0.01668721	0.0053087645	-0.050089218	-0.019914063
-0.030802358	-0.008496938	-0.043992903	-0.00042029275	0.024383498	-0.012308856	-0.04759249	0.016329965	-0.044186004	-0.01760885
0.0019974012	0.05602402	-0.026252385	-0.01866116	-0.019441618	-0.0063855215	-0.012535871	-0.047078058	-0.019400699	-0.0017624584
-0.03484131	0.039810292	0.025517678	0.0057782675	-0.025287649	0.02867608	-0.027442753	-0.007301691	0.005881279	0.009985073
-0.023860322	0.03039569	0.04857162	-0.018156853	-0.04755833	0.033344846	0.029228974	-0.022572953	0.025046395	-0.036257625
0.038439993	-0.02410702	0.015513599	-0.0034752216	0.036825508	0.03505085	0.019555902	-0.03965146	-0.024884619	-0.046327207
-0.042711556	0.025969086	0.017836062	-0.018190702	0.010347832	0.0030480637	0.04561363	-0.022196347	-0.01660197	-0.016952898
0.03783222	0.0455592	-0.021977182	-0.020139411	0.018001793	0.017110469	0.016872613	0.021569032	0.030401394	-1.8947434e-05
-0.003632477	0.0368777	0.04272359	0.00010709524	-0.03197414	-0.035940982	0.002734762	-0.05436892	0.011732144	-0.014237085
-0.022449033	-0.035832264	0.056687903	-0.049515173	-0.050362166	-0.036092587	0.024062622	-0.001782019	-0.029899964	-0.00057686557
0.004014502	-0.03216771	0.006277328	-0.009894776	0.0006364717	0.021155555	0.06530038	0.0020640816	-0.009497603	0.049035747
0.03278737	0.02423907	0.022119787	0.01262809	-0.016517062	0.03969366	0.021924524	-0.024313606	0.028204037	-0.02966036
-0.029682329	-0.04632	-0.032645512	-0.049883906	-0.05229367	-0.014867854	-0.013413508	0.010023356	0.021075547	-0.0039511262
-0.01438274	-0.015202096	0.019900924	-0.04893262	0.011462033	-0.011755665	0.037037674	-0.018791448	-0.051821332	-0.007119945
-0.036567427	-0.014113721	0.039424907	0.053960662	0.008807362	-0.012506528	0.006851749	0.014865303	0.036823552	-0.028947307
0.00011135552	-0.06323137	0.024271008	-0.05685162	0.015656129	-0.007086374	0.06233511	-0.020472698	0.016624212	0.027990961
-0.016282847	0.02662956	0.0248076	-0.039911848	0.017655222	-0.06150993	0.005306254	0.008059344	0.018524574	-0.0012585919
-0.0317869	-0.026699692	-0.008699926	0.04723683	0.037100893	0.0019312066	0.040785544	0.0120776715	-0.03978734	0.0057617766
-0.0036772925	-0.014339476	-0.0077440864	-0.011213519	-0.014392032	0.05587778	-0.01791778	-0.034583814	0.060620792	0.013262269
-0.01035504	0.024723046	-0.05609814	0.032720495	-0.011613959	0.012480822	-0.057534866	-0.0059324633	0.06432913	0.027578222
0.023154413	-0.024150496	-0.013996859	-0.03404774	-0.011707822	-0.06920475	0.035252217	0.04924142	-0.023141548	0.034267683
-0.010558313	0.0009998116	0.062096976	-0.065551125	-0.071587496	-0.0056154216	-0.018360157	0.05128805	-0.04771715	0.055299517
-0.0032104696	-0.01232141	0.0028928928	0.06987712	-0.0051455083	0.01363357	-0.04802089	-0.019854864	0.04106973	-0.057549093
-0.025335075	-0.04797484	0.0023076	0.02011957	-0.017861148	0.026641324	-0.017229237	-0.03211755	0.02108109	0.062339995
0.02700432	-0.028828325	0.0056148157	0.016299317	-0.02551707	0.02753446	-0.053591687	0.04435038	-0.0050859624	-0.020239837
-0.035416	0.04646456	0.013897553	0.042400178	-0.03195813	0.020510145	0.042913668	-0.056177326	0.021764392	-3.1039467e-06
0.020259975	0.020752065	0.02197289	0.0442583	0.021864027	0.018011745	-0.020779291	0.0008462997	-0.047574546	0.0027891374
0.011389574	-0.047403306	-0.0132410675	-0.04578823	-0.0064409585	-0.036894266	0.036510624	-0.017971642	-0.00078072876	0.030094
-0.026733246	0.023302935	-0.0066262037	0.042027514	-0.00982394	-0.05002211	-0.02373891	-0.0034448379	-0.04771893	-0.013114009
0.026898537	0.0634297	-0.009361887	0.04462814	-0.004364028	0.0016668868	0.013214788	0.011343858	0.048307188	-0.043028656
-0.06352231	-0.029528083	0.064111084	-0.06679659	-0.05307845	-0.058100022	0.061896574	-0.002156276	0.021659471	0.049027238
0.028187677	0.0017311043	-0.06868104	0.03782447	0.013607295	0.040430397	-0.022741899	0.022880102	-0.007847754	-0.03632848
0.013716979	0.022441126	0.028329693	-0.059434168	-0.03547286	0.026112767	0.024398813	0.02664906	-0.008451227	0.002081811
-0.021006636	-0.04352141	0.042633194	-0.04357412	-0.06260269	0.0017788878	-0.021128435	0.014837864	0.0072646406	-0.014453745
-0.030430203	0.042260006	-0.0058147847	0.012369703	-0.0072802673	0.056393865	0.03570521	-0.004971429	-0.006774535	0.017213112
-0.010427153	0.008956993	-0.025978738	0.006646744	-0.0009034052	-0.018360473	-0.051292967	-0.058698118	0.0570417	0.02078858
0.01093553	0.02595029	-0.027464196	-0.028255925	-0.0008371312	0.017341893	0.023750832	0.01888759	0.028914781	-0.005662346
-0.043033633	-0.0448544	0.0046613985	0.0032374486	-0.050178304	0.030254327	-0.009047952	-0.044428322	0.014302609	0.008674911
0.014122579	-0.0013512571	0.010133597	-0.04170402	-0.036959328	0.01061385	0.031022169	0.010505224	0.0139478985	-0.030549373
0.023980403	-0.06356123	-0.023347514	0.011764318	-0.00974069	0.021762818	-0.037341606	0.014685118	-0.021987302	0.06266372
-0.017301703	0.018334867	0.045360222	0.0016249274	0.038804945	-0.017375262	0.012401793	0.040485244	0.019339344	-0.0088254325
-0.01811773	-0.070833266	0.02353671	0.004804985	0.0040434934	-0.050808433	0.02127851	0.048080347	-0.063639045	-0.008998546
-0.03226409	-0.020218587	0.024707535	0.027315518	-0.05261206	-6.474438e-05	-0.031373788	-0.026044607	0.02273509	0.029994536
0.0019012655	-0.04221161	0.03896957	0.027019594	0.024292547	-0.06009407	0.028470194	0.0051802746	-0.05245543	-0.027954973
-0.01795496	-0.04650634	0.0024712102	-0.013812753	-0.03566666	0.008429186	0.054361723	0.014545416	0.0026180928	-0.00832483
-0.044626683	0.0024081483	-0.02250077	0.008794741	-0.00025041742	0.026134126	0.02979386	-0.03784499	-0.0033681332	-0.02013282
0.016788129	0.024396818	-0.0067147566	-0.00905752	-0.013100565	0.05827433	-0.035255786	-0.051649142	0.007018846	-0.03999187
0.05144845	0.020280756	-0.019125966	0.023351729	-0.025085388	0.04629893	0.018321512	-0.022853343	0.015442135	0.04415844
-0.015691137	-0.035767864	-0.007376388	-0.010206959	0.00015566344	-0.05987195	-0.029839637	0.016040195	0.014995842	0.013160247
0.014143373	-0.027963644	-0.038326465	-0.01149027	-0.028192457	-0.045021273	-0.0054417755	-0.03431975	-0.02361306	-0.02204039
-0.0260761	-0.04496709	0.01673909	-0.009436557	-0.037812203	-0.0023237357	-0.03134933	-0.03009666	-0.028633948	0.034838255
0.0031603947	-0.06149774	0.045973532	-0.024247559	-0.040498193	-0.042573027	-0.00538353	-0.009316006	-0.036984906	-0.028949186
0.0021870022	0.031974476	-0.06617286	-0.01566696	0.009381557	0.028199663	0.025054684	-0.06333796	0.05198111	0.022813732
-0.04842062	0.029256437	0.05707462	-0.051236708	0.0353089	0.026432514	0.012519165	0.057505377	0.04005904	0.005946874
-0.018683704	0.042812094	-0.071807355	0.018725874	0.025579365	0.025271738	0.0037469855	-0.00922449	0.0437847	0.0161915
0.026083732	0.041818444	0.026087664	-0.005274422	0.009037536	0.020475376	0.0044744937	0.026558766	0.0077554504	-0.0004400681
0.053938482	0.02517165	-0.01177785	0.05419423	-0.019885238	0.064375065	0.022022052	-0.0566352	0.045687713	-0.06301409
0.04907622	0.00380973	-0.05399254	0.043355882	0.0057768524	0.01892789	-0.044669334	-0.014511723	-0.009417963	-0.038168088
-0.04999837	-0.0012791269	-0.02993834	-0.016009212	-0.050946817	0.026777452	-0.037040707	-0.023720467	0.005863919	0.041188907
0.023773348	-0.027515179	-0.031588726	-0.01168726	-0.00941241	0.060678896	-0.025726048	0.034003977	-0.024999304	0.025352653
-0.060391147	-0.0007033297	-0.020621056	-0.047328413	0.029171053	-0.057461485	0.017630484	-0.003764584	-0.051870566	0.019577604
0.0110027045	0.025681505	0.047948394	0.015602308	0.020068074	0.029312612	-0.0103418585	0.022343088	-0.047863636	-0.031995732
-0.057590045	0.02856298	-0.031672467	-0.062488537	-0.054137304	-4.354299e-05	-0.0066806907	-0.012993914	0.030153742	0.054547597
-0.024897894	0.016447356	-0.053247347	0.039605584	0.047865245	0.007509178	-0.05798717	0.017337661	0.031992257	-0.06063018
0.0044640303	-0.016080992	-0.054025546	0.022966653	0.037674762	0.050546814	-0.06443602	0.00026737052	0.02515468	-0.025624145
-0.0087454235	0.0357126	-0.01832898	-0.007972071	-0.038271543	-0.0109823365	-0.024249904	-0.030362142	-0.029836975	0.05513416
0.024765901	0.004674303	-0.012170116	0.04248483	0.06576196	0.05089615	-0.05774768	-0.04111815	0.032853514	-0.0150678335
0.039623342	0.028962146	-0.037648045	-0.03660426	0.009493265	-0.007984961	-0.018547459	-0.047771666	-0.036494497	0.015197648
0.00613202	0.021550473	-0.030528577	0.016060242	0.01616079	-0.042010542	-0.031265818	0.045764133	0.010073561	-1.7157154e-05
-0.022875072	0.0031594953	0.017895304	0.005060711	0.036067646	0.043316107	-0.020477312	0.03899103	0.03460595	-0.022934688
0.03488207	0.05027353	-0.040313236	-0.024333041	0.01319992	-0.015707765	-0.044384338	-0.020733062	-0.008510062	-0.004043112
-0.022577059	-0.017103286	-0.030427065	0.041885324	0.03892855	0.046636563	-0.033963993	-0.016162721	-0.0023414425	0.021295963
0.0063091926	-0.0020752477	0.01945108	0.013306479	0.040292956	9.8840246e-05	-0.02258219	-0.03265023	0.013520669	0.021904586
0.002439248	0.025130577	-0.029059812	-0.027361462	-0.014730858	-0.0318621	-0.016411955	0.02358294	0.016141081	-0.0466151
0.014757292	-0.023790723	0.013847751	-0.036598895	-0.026473893	-0.022632625	0.05531544	0.0011959751	-0.03412582	-0.003694473
-0.07281599	-0.03619153	0.03247994	-0.007565718	-0.021953875	-0.05642148	0.021318898	0.045755863	-0.015688792	0.041042786
0.038320325	-0.019195706	-0.06401806	-0.0334101	0.0001358366	0.002927837	-0.046276256	-0.06286351	-0.028842192	0.0070604733
-0.004218159	-0.01733745	0.0007044759	-0.015712403	-0.054308888	-0.03941896	-0.03076694	-0.004198198	-0.007295587	-0.014531479
-0.020347718	-0.020568067	-0.044519275	-0.0053709066	0.022139141	0.017030535	0.033288304	-0.03011588	0.024869256	0.038835526
0.047850795	0.04609712	0.013083979	0.05789375	0.01466477	0.027145639	0.0134234745	-0.03222645	0.0146921305	-0.06149377
0.005781981	-0.019056475	0.05096296	0.022554168	-0.033003464	0.024647418	0.0055624074	-0.040446986	-0.007303284	-0.04415873
0.00717791	0.036937524	-0.005439	0.0114023825	0.06653362	0.043815847	-0.0026866791	-0.04856056	0.041860186	-0.049644705
-0.021311838	0.026775517	0.0032163793	-0.026249953	0.0330218	0.046108667	-0.022228144	0.007710239	-0.01216996	-0.04208305
0.034803573	0.052758086	0.018039785	0.010851549	0.031215793	0.010539317	-0.034419682	0.010296812	0.02933407	-0.030009864
-0.0020579712	-0.019881343	-0.0685946	0.051423255	-0.015614401	-0.021057902	-0.06071853	-0.06255559	0.069629334	0.0023659882
-0.00021766592	-0.059846915	0.020307772	-0.036838274	-0.03394945	-0.058877133	0.01663493	0.0059979847	-0.015841212	0.009742176
0.033546764	-0.014930454	0.057814587	0.021712944	-0.049181603	0.026754754	-0.020641886	0.01142351	0.034166593	-0.020852175
0.034168214	0.029084938	0.013114419	0.0385647	-0.0076143625	0.06655438	0.026721979	0.025098547	0.038007323	-0.038258664
0.021900313	0.058245372	-0.05943596	0.01149416	0.05416739	0.04154576	0.018072927	-0.043250144	0.007099604	-0.062176693
0.040196653	0.01667384	0.05266007	-0.04141098	0.0075266203	-0.0045830547	0.005624144	-0.0008595974	-0.01500187	0.026031695
-0.032029938	-0.04013626	0.0580819	0.008428074	0.009174428	-0.06524278	-0.0016951611	0.06606866	-0.022140821	0.03303617
-0.0402649	0.042684536	-0.01715684	-0.009337717	0.022329843	-0.039439905	0.020704882	0.022441823	-0.019051623	0.023257012
-0.031017736	0.026353272	0.010663703	-0.009627872	0.021151552	0.013267313	-0.04369068	-0.015926844	-0.005418033	-0.007642732
-0.00481308	-0.036564678	-0.02506662	-0.049269903	0.045392312	-0.013473969	-0.023321988	0.044692148	-0.011131345	-0.0031806012
-0.009346803	0.02583075	-0.006567477	0.0549977	-0.017360525	0.030715214	-0.03799398	-0.05293637	-0.015304078	-0.014657137
0.04461523	0.0009923866	-0.04855924	0.027644511	0.035983007	0.044164985	0.0060036886	0.013788238	0.023238562	0.011300572
0.0037013916	0.052748956	-0.051332943	-0.0075682485	-0.0017318423	0.0006327146	0.0386379	-0.034452178	-0.015445446	-0.0024705844
-0.008336853	-0.023613492	0.0090104	0.0290027	-0.0150362905	0.02476252	-0.0509845	-0.0019903795	-0.018758064	0.016426865
-0.042732455	-0.0006384243	0.0025657732	-0.022429215	0.040687375	0.031928457	-0.0068440833	0.032559782	0.043560073	0.016905474
-0.063886255	0.017014196	0.062380485	0.010151106	0.010006037	0.006438082	0.04152437	0.025816888	-0.007612334	-0.0044592516
0.03135485	-0.0030016543	-0.0032793644	-0.0030602787	0.038043097	0.02827079	-0.018278731	0.04851432	-0.005098104	0.025756389
1.1922305e-05	0.068591915	0.010935775	0.049974196	-0.021853486	0.012629391	-0.004369261	-0.051999018	0.043680605	0.013200385
-0.03264609	0.05170246	-0.056367535	0.0056067044	-0.019689756	-0.0063273977	0.018048171	0.039799258	0.021584097	0.019058315
-0.007126717	-0.026364073	0.01252366	0.0040500415	0.0014199349	0.058112267	-0.016397897	0.041250773	0.03210117	0.017862007
0.04727808	0.042561524	0.036497086	-0.020412257	-0.031248057	0.0008717414	-0.046722375	-0.05184188	-0.013831045	0.0059064315
-0.037619054	-0.022404505	-0.014026673	-0.02543275	0.009232948	0.02246845	-0.04117847	0.03187075	0.0073230066	-0.0031219204
-0.021556394	-0.013840935	-0.029583553	-0.0304331	0.015187896	-0.023663945	-0.0034068876	0.013189608	-0.0054887477	0.055460878
0.0005910399	-0.00046178087	0.0134756155	0.03701798	-0.0010355877	0.0030034906	0.015521261	-0.01033176	0.032285098	0.04216011
-0.0030347863	-0.061628085	-0.013723987	0.018671421	-0.023103498	-0.034474846	0.022753196	-0.015745774	-0.026556695	0.02327984
-0.00030367184	0.068938985	-0.048624676	0.00904984	0.021436185	0.06430828	-0.042428203	0.010330495	0.054230906	-0.0438339
0.06259608	0.03928101	-0.026175227	0.003421813	0.041301053	-0.0068242736	-0.037906107	0.017532488	-0.01756022	-0.056687802
0.022608377	0.027423283	0.025878314	0.013997502	-0.037820194	-0.0167667	-0.009997316	0.021847187	0.016455958	-0.024060512
0.0021575019	0.019770585	0.0014035476	-0.047534946	0.01518354	-0.07266572	0.051208157	-0.0051607466	-0.004466121	0.054868273
0.05753983	0.06814281	-0.058033064	0.007393056	-0.019294577	0.0034323605	-0.04543577	0.008605502	0.009967292	-0.03139151
0.026144257	0.0026538037	-0.04645137	0.009630013	-0.031856593	-0.012747943	-0.03964503	-0.0057438374	-0.034607254	-0.0019996585
-0.030384079	-0.037375342	0.044578746	-0.0114504695	0.017393498	-0.014994711	0.017888853	-0.009797448	0.010857241	0.013418847
0.069887996	-0.013852585	0.024452435	0.06560575	-0.010132945	0.062191248	-0.021037979	-0.06900816	-0.006560774	0.022966756
0.010676276	0.037162777	0.03659302	-0.023873406	0.01588512	-0.00476784	0.017387027	0.014047899	-0.036675677	-0.023867605
-0.03555848	0.022447929	0.06471456	-0.04571056	0.031594362	-0.003166753	-0.03601072	0.01390959	-0.023344662	0.040898018
-0.03547719	-0.026375113	0.007760049	-0.027838014	0.04196526	0.020268552	-0.021028673	0.03785771	-0.01175123	-0.038256936
-0.03513822	0.030889839	0.032275748	0.03044559	0.0050433753	0.039521143	0.02641683	0.013042592	-0.003554387	0.03798267
0.020789625	0.041622326	0.008118365	-0.0006155998	0.024096355	-0.024279917	-0.007342836	-0.04492762	0.0015824289	-0.060303066
0.009808632	9.484174e-05	0.027412035	-0.044180147	-0.05688673	-0.054770097	-0.032057714	0.031585213	0.00922785	0.05313721
0.0067066597	-0.012101011	-0.05327703	0.00044997	-0.027774764	0.034844894	0.0051570423	-0.020722942	0.011453751	-0.035875246
0.04401671	-0.018788332	0.023842748	-0.00881443	-0.028048571	0.022666588	0.054347686	-0.001314776	-0.022276413	0.0152010685
0.022928815	0.006422235	-0.05602169	0.072042584	0.00060372945	0.05228056	-0.060275547	-0.0033621565	0.019616358	0.0013047387
0.0027159087	0.04385327	0.020835359	-0.014016046	-0.026434168	-0.0002408785	-0.009301675	-0.0574446	-0.030210925	-0.05711423
0.024448477	-0.010238109	0.030093316	-0.03904677	-0.025529804	0.026301539	0.010395851	-0.037305888	0.01785246	-0.032740228
-0.0043956432	-0.021638181	0.02521465	0.0638375	0.031027261	0.010019605	-0.061740417	-0.040180482	-0.0040838677	0.006774404
0.045100726	0.042280253	-0.04935107	-0.03263403	0.027020311	0.006594379	-0.0011083761	0.045126777	0.021088364	-0.025903355
0.03474329	-0.008487991	-0.025399648	0.04635143	0.024429485	0.03908069	-0.061385386	-0.005533378	-0.021908592	-0.029107094
0.069522336	0.05110903	0.010333848	0.008302062	0.06285901	-0.011995657	-0.037515465	-0.072159834	0.053876817	-0.02541276
-0.057866175	-0.03600496	0.07231746	0.0043032374	-0.013052703	-0.06504059	0.04083701	0.011120851	0.006458396	-0.02422134
0.017827073	-0.02105661	0.03975693	-0.03492702	0.044213958	0.008731513	0.008945581	-0.00835655	0.003972389	0.0050507495
0.019851418	0.048405442	0.0033979935	0.04765337	0.03247555	0.018099733	0.009538882	0.010055835	0.014644732	0.038219135
-0.024033668	-0.015761651	-0.025887102	-0.011381598	-0.0099117225	-0.03256246	-0.014875937	-0.040308576	-0.0021954265	0.038767066
0.011752898	-0.0058085723	0.015058562	0.011584074	0.035847235	-0.0022490637	0.013885391	-0.04687779	0.022694763	-0.058229387
-0.0025209757	-0.044446338	0.019203816	-0.037597626	0.028024184	0.048404407	0.014053841	-0.018107552	0.022103092	0.038556427
-0.055695876	-0.039086714	-0.012270038	-0.037645813	-0.03692848	-0.033245612	0.047637288	0.0379195	-0.021035392	-0.025204547
-0.025658254	0.012601738	-0.007259302	0.008358801	0.063504696	0.07211693	-0.0019503251	-0.05609853	0.061348464	-0.06695871
-0.0049036574	-0.058353547	0.014521064	-0.050241277	-0.025629664	0.02332531	0.018559095	0.004566617	-0.028083043	0.03627838
0.030464064	0.029916037	-0.010748883	0.02819191	-0.06022359	0.03343674	0.030389838	-0.0005604005	0.02633464	0.05436188
-0.0033463645	-0.022289429	-0.02403764	-0.017770987	0.0039794734	-0.02958155	0.033270076	0.010013565	-0.03081127	-0.008726699
-0.038578413	0.011178406	0.004376131	-0.046616394	-0.003549225	0.019361679	-0.03656458	0.018323923	-0.04915557	0.055248223
-0.021083426	0.019433165	0.05319488	-0.0021859359	0.009109227	-0.048538715	-0.001874739	0.026734084	-0.035001393	0.010992669
-0.018970937	0.035392396	-0.07388099	-0.022814274	-0.0012560086	0.023053695	-0.05856394	-0.036210943	0.018891474	-0.067969255
-0.009253419	0.022333175	-0.008719987	0.03456766	0.04010288	-0.032755602	-0.006564522	0.017426517	0.012352006	0.05358349
-0.005072537	-0.022763235	-0.0104976855	-0.023638504	0.012769429	-0.04059683	0.050434142	0.018682307	-0.0022835769	-0.02979483
-0.02681641	0.013990072	-0.029594127	0.006038462	0.028878443	-0.01396217	0.020515045	0.012769361	0.044113655	0.04208791
-0.028082749	0.0008661854	-0.036893394	0.06357682	0.033863008	-0.031922672	-0.006838152	-0.061272226	0.054280516	0.012788633
0.019644257	0.043810174	-0.023025565	-0.036579	-0.025297329	-0.036947113	0.040807527	0.020705419	-0.032493602	-0.019103024
0.01310595	0.039059404	0.01812435	0.022989156	0.054756876	0.07111499	-0.0017033454	-0.036193058	0.064725906	0.025325155
-0.0049260547	0.030087605	-0.0475718	0.050976425	-0.025977055	0.02336392	-0.0073101656	-0.0016549024	0.04683353	0.027633706
-0.023189308	-0.040045824	0.002337465	0.0019830938	0.025595888	-0.028060043	-0.034611184	-0.02845681	0.03002844	-0.016970422
-0.0012686024	0.044779	-0.047496144	-0.014841794	-0.010354719	0.033230092	0.017843552	-0.038249847	-0.027137121	0.040893186
-0.021978186	-0.021873996	-0.019252473	0.056823745	-0.021221371	0.05795951	-0.043174352	-0.010333657	0.00039638605	-0.035448413
0.06207084	0.0009833823	0.02386154	0.047414567	0.028904274	-0.026646959	-0.031374615	0.017329391	0.024090888	0.01613527
0.022561483	0.032543454	-0.024627764	0.06002591	0.020964257	0.07204697	0.011061122	-0.061002728	-0.017081646	-0.009369632
-0.043072768	-0.008958638	0.054682847	-0.033015832	-0.05313574	-0.010890478	0.0007751502	-0.03764847	-0.03421816	-0.02192626
-0.063710034	-0.040690638	0.036005378	-0.037249498	0.008613276	-0.055378463	-0.020716852	-0.021384528	0.020208377	0.042939506
0.023594826	-0.0048858714	0.010548205	-0.013783708	-0.02693404	-0.033782274	-0.01943272	0.048770726	0.03271789	-0.041265056
-0.021478504	-0.008155464	0.028852165	0.03245373	0.004660439	0.03699862	-0.017664997	-0.02406829	0.018771235	-0.00542076
0.054839667	0.058909662	-0.04434493	0.02290378	-0.014237175	0.06616419	-0.06826229	-0.019078696	0.02001452	0.019600824
0.036449417	-0.016820647	-0.012328705	0.033010703	0.042297456	0.01765328	0.037461217	0.0036262716	-0.02552907	-0.0371829
0.021698195	0.021627387	0.033115767	0.0050466442	-0.012986762	0.033719797	0.029532978	-0.034748673	-0.015168482	-0.026361642
0.02191291	0.03164747	-0.016790453	0.011397435	0.022654416	0.06368649	-0.025384676	-0.06757268	0.031572092	-0.015222435
0.01351695	0.05813698	0.030995715	0.032442648	0.01818698	-0.026114816	0.011208081	-0.040107742	0.046090182	-0.031943467
-0.026951777	0.032176536	0.01718248	-0.014371039	0.037122294	0.012796526	-0.019331325	0.056409784	-0.0032286332	-0.0041633286
0.016486041	0.019524427	0.007040289	0.010712907	-0.006597558	-0.059633568	0.03070683	-0.037938975	-0.05551965	0.040362544
0.06857006	0.0043181726	-0.056716617	-0.018080465	0.036007002	-0.015229595	-0.0033401737	-0.010884899	0.073083766	-0.0041266116
-0.026934572	0.0146182375	-0.06851569	0.04481052	-0.026138097	-0.014060004	-0.019554019	-0.013383166	0.01313321	-0.015377968
0.002023056	-0.0030585749	0.01233564	0.00040040648	0.009809597	0.015932025	-0.01412957	0.012860279	-0.04442049	-0.048086163
0.035445128	-0.018847948	-0.05820966	0.06026093	-0.03013953	0.02160827	-0.038592685	-0.040854294	0.0043192734	-0.013965467
0.033007313	0.019657988	0.0008315352	0.0036949096	0.034765027	-0.023242744	-0.040612746	-0.04150078	0.044259608	0.0051140045
0.035366878	0.016747622	0.02705857	0.026875993	0.04261719	0.053189225	0.021004425	0.018342992	0.026642624	-0.02746064
-0.0698667	0.018009914	0.0015226977	0.02502866	0.014364884	-0.021449786	0.021171356	0.012047853	-0.07247201	-0.009819244
0.006544559	-0.031771168	0.021413561	0.0031789015	-0.025755143	0.030097274	-0.020258283	0.024660861	0.0024900255	-0.028258352
0.0017207465	0.021214124	-0.002662	0.03885448	-0.025476594	0.03203048	-0.013247938	0.012392166	-0.023852997	-0.0007813479
-0.016061967	0.011806782	0.0032938083	0.020919552	-0.0063980566	0.021302797	0.0053824047	0.0069837295	-0.049993902	2.5348161e-05
0.013688516	0.036570974	0.031600997	0.03497729	0.013089977	0.049295004	-0.016054755	0.004118804	-0.014567559	0.035453375
-0.017904354	0.034216534	-0.0037481093	0.01983096	0.03365289	0.0044666072	0.018419288	-0.021875618	-0.007027704	0.027900396
0.0352608	-0.022786058	-0.030582758	-0.027984379	0.02008601	0.065519206	-0.035331316	-0.05862759	0.0031432027	-0.068567
-0.036678206	0.01787953	-0.009807508	-0.057937697	-0.05714626	-0.03917325	0.04754638	0.056724187	-0.053179592	-0.021523913
0.049990177	0.023517808	0.0018371001	0.048995156	0.010696166	0.024633573	-0.036882684	0.016085375	0.02665279	-0.037706982
0.021573454	-0.047720347	0.009713574	-0.0212213	-0.022295315	-0.014957581	-0.036734965	0.0060014483	-0.034477636	-0.013864208
0.055200152	-0.0022718243	0.017301664	-0.024533743	0.056847095	-0.018275382	-0.03860788	-0.010798334	0.00822702	-0.05534122
-0.0052836137	-0.027485004	-0.02464974	0.029721892	-0.039649654	-0.026775353	-0.013895488	-0.011409567	-0.0059006987	0.0016946674
-0.029393723	0.015955195	0.01763444	0.054105658	-0.0016221715	0.038424306	0.011290665	-0.008704748	0.018195845	-0.014353249
0.051900987	0.029744798	0.030047592	0.034922015	-0.013847258	0.04078521	0.0013250416	0.0072330236	0.04571417	-0.03359641
-0.00083871465	-0.029379137	-0.012144952	0.006096569	0.013300417	0.015162717	0.015799662	-0.04349428	0.007285981	0.03953593
-0.009324429	-0.04363211	-0.004542322	-0.010097529	0.024041431	0.002401343	0.015347997	0.04932219	-0.07071902	-0.018401805
-0.02496702	0.06533407	0.0269864	0.05998917	0.04795986	0.055015724	0.0037797082	0.005640783	0.06004543	-0.005661173
-0.015091532	-0.028784392	-0.03325187	-0.0014231642	-0.0269344	0.005479818	0.03437771	0.02328258	0.032770447	0.03751455
0.0544016	0.051988736	-0.011685587	0.049715348	-7.1821196e-05	0.02626202	-0.01378749	-0.016697962	-0.0154567165	0.0067550987
0.008971442	-0.007785499	-0.030040355	0.009220604	0.03249996	0.013740504	-0.021047927	0.016642537	0.026571035	-0.0060847597
0.035048943	0.019441705	-0.059140287	0.019779965	0.060584165	-0.014530026	0.013349876	0.033841483	0.047811273	-0.060630277
-0.025418326	0.03115844	0.0003542758	0.0072148107	-0.0013624796	-0.009978094	-0.04684853	0.04111864	-0.026356794	0.03418595
0.051045693	0.057927646	-0.041360177	-0.011523603	-0.0065018027	0.017260542	-0.046361078	-0.0067210468	0.022542655	0.021775424
-0.025177097	-0.010604495	0.031913176	-0.05185378	0.004439885	-0.049759477	0.024121778	0.0015580513	-0.034695253	0.024811411
0.011334612	-0.021027252	-0.03584662	-0.04808635	0.008746962	-0.023594989	0.05435277	0.029615091	0.011265708	-0.02161243
-0.031867508	-0.018360713	0.025570722	0.0023534286	-0.030256705	0.032465838	-0.03545229	0.014076835	0.008034997	0.04810412
0.018966407	0.011571789	-0.04880788	0.037987772	0.0032113204	0.050470304	-0.0042775786	-0.009322692	0.064477816	-0.043106098
0.02578387	-0.046165403	-0.005239166	-0.06956081	-0.017166253	0.007803503	0.0459983	0.020228794	-0.061083816	-0.005416164
0.034183454	0.002827518	-0.030769696	0.013934691	0.017457224	-0.027225072	-0.042960517	-0.019747091	0.05793806	-0.052191693
-0.03660674	0.0068217954	-0.032056116	0.05213841	-0.0333333	-0.0026523217	0.025179556	0.034635026	0.017595584	-0.044530604
-0.041611686	-0.054982882	-0.026922483	-0.04824826	0.01940379	-0.03445978	0.0019709317	0.02700103	0.012132991	0.016085494
-0.053667843	-0.03301524	-0.0016521183	0.007887731	-0.03152137	-0.051923145	-0.029869596	-0.035480645	-0.040811207	-0.012368865
0.028849157	0.029301994	-0.019223625	-0.041355733	-0.036906563	-0.035824694	0.028995477	-0.001992483	-0.018961703	0.034938496
0.00644863	0.009517654	0.04264283	0.0036227081	-0.06341834	0.0014149456	0.06703193	-0.009450283	-0.040456306	-0.009590299
0.037434835	-0.034633707	0.034659594	0.006115537	-0.008652674	-0.03397901	0.00431178	0.0394645	0.048112586	-0.028782027
-0.06593919	-0.04007249	-0.000841553	-0.028256766	-0.04163817	-0.05359127	0.034171395	-0.010966464	-0.009594292	0.0019730607
-0.0103831	-0.0020903326	-0.054029822	0.037321623	0.034377914	0.05029404	-0.06185974	0.0016881622	-0.011528388	0.00356692
-0.0026109354	0.0118267825	-0.042856958	0.042466603	-0.043995485	0.005296742	-0.0066747386	0.009739182	-0.007285443	0.034438923
-0.034888342	-0.0036018481	0.0050929794	0.0048707942	-0.06201456	-0.057185397	0.0015901226	-0.034292273	0.0021457837	-0.024443481
0.0117261605	0.026527625	-0.015433393	0.063187785	-0.0073775863	0.00826763	-0.041949026	-0.07172058	-0.0013689733	0.00097523077
-0.031000545	0.012860493	0.024637084	0.014794081	-0.04175038	-0.0014203265	0.06255048	0.0686778	-0.035620917	0.04334864
-0.01427047	0.007791999	0.02857622	0.004889916	-0.06384804	-0.03659444	0.051328525	0.040558737	-0.014040891	0.019127587
-0.034644663	0.0037829073	-0.04864483	-0.039421014	0.005538398	0.05169267	-0.019397916	0.033304956	0.013821977	-0.030731032
-0.036116205	0.038117956	-0.027822707	0.011662235	0.0019086374	0.00063967565	0.033747103	-0.04278365	0.02931301	-0.045111023
0.010764941	0.017289946	-0.008865967	0.030854432	-0.0009404136	-0.00935883	0.0406661	-0.035237625	-0.020924387	0.0029544015
0.027351411	0.056791935	-0.05868804	0.06370855	-0.024976326	0.049717844	-0.002804248	-0.032045837	-0.009271356	0.00444618
0.04194485	-0.032809995	-0.012376321	0.0072343103	-0.04458059	-0.01947772	-0.004494949	-0.046089493	0.017039089	0.02395665
0.018319758	-0.05158629	-0.019185217	0.004449115	0.017508218	0.022629784	0.01920052	0.049930014	-0.012839637	-0.0056516374
-0.064373575	-0.0111964755	-0.02672881	-0.0012191512	0.031999283	-0.031207733	0.043396443	0.063376874	-0.05743622	-0.0067954957
0.018592153	-0.039166123	0.027316855	-0.052104857	0.0063973884	-0.07119903	0.05571253	0.020869475	-0.035002586	-0.026380043
-0.008581731	0.03398587	0.009568224	-0.017325837	-0.016504146	0.0069419667	-0.043332823	-0.031881813	-0.011431066	-0.01755248
0.021095375	-0.0019157694	-0.00066967297	-0.035407715	-0.0539411	-0.030061109	-0.015697097	0.020350436	-0.006686812	0.07080213
0.02965182	-0.03999755	0.021387799	-0.031372547	-0.022057708	0.027105909	0.020378929	0.010648381	-0.021363493	0.025663456
-0.038594894	-0.014336145	0.028557265	0.046228696	-0.0028171302	0.017312476	-0.040670916	0.006081811	-0.024008285	0.021817729
-0.017093332	-0.0074899755	-0.043707486	-0.025917105	-0.02002749	0.02075936	0.013779645	-0.0551261	-0.0068182307	-0.048243087
0.0069997627	-0.018894289	0.008142886	-0.02431621	-0.03114	-0.039436374	0.0066472176	-0.015355407	-0.056550175	-0.0056002266
-0.051476292	-0.0059021153	0.010391119	-0.0015715014	-0.06368221	0.0141827315	-0.024458868	0.014246622	-0.070322804	0.05012715
-0.041870616	0.00115712	0.039851464	-0.07022743	-0.016729815	-0.029295344	-0.0019064269	0.04474666	-0.042797055	0.031647664
-0.0005449877	0.01817051	-0.029580245	-0.037997734	-0.02960573	-0.05530898	0.013680091	-0.006908545	-0.0037837743	0.0034854067
-0.034713022	-0.018573804	0.017410252	-0.07322383	0.0012489228	0.024673752	0.04552226	0.04710818	-0.052274693	0.00012625178
0.011919233	0.046645656	-0.0010965127	0.044559035	0.0694886	0.051832877	-0.011971492	-0.059760883	0.06026717	-0.026043283
0.04892925	-0.00037943298	0.012473927	0.04731426	-0.011870544	-0.019415861	0.025861366	0.020483471	-0.011740904	-0.017268252
0.0025112473	0.0114235785	-0.022066034	0.03879552	-0.025603704	-0.042605676	0.030472226	-0.01865421	0.0035996193	0.034785558
-0.039539378	-0.032392245	-0.026915321	-0.029638374	-0.0060718483	-0.014233316	0.024685893	0.0037024585	0.027920054	0.010114262
0.015312552	-0.03724879	-0.001001483	-0.018372124	0.017055705	-0.04384459	0.02828356	-0.025198886	-0.0032887303	-0.0027853118
-0.04701316	0.012691552	0.034195565	0.024693541	0.0250861	-0.01381915	-0.00523322	0.035380457	-0.03728756	-0.0066441656
-0.0006998295	-0.047759075	0.060891066	0.019484073	-0.027939234	-0.05666167	0.01005663	0.022831818	-0.048226118	0.029636288
-0.004473531	0.006205345	-0.0072084693	-0.05658465	0.0024601694	0.007833872	-0.025479537	0.040584672	-0.006594686	0.044146795
0.01868602	-0.016169203	0.030198185	-0.029721156	-0.008336922	-0.0007106233	-0.023704037	0.03101053	0.016401114	0.04977647
0.017742103	-0.020242775	-0.016260091	-0.005413424	0.004088778	-0.016570533	-0.055932403	-0.06563972	0.0510489	0.00502388
0.025582358	-0.006167216	-0.002470888	-0.026147174	-0.028177092	0.02686856	0.053156383	-0.023398116	-0.022019703	-0.0160703
-4.7063106e-05	-0.053807285	-0.035665352	-0.044695687	0.006725598	0.008436	0.024552962	-0.03620836	0.0028935112	0.041468106
-0.00778474	0.004702522	-0.00023856593	-0.0335431	0.028332949	-0.0014411729	-0.010736536	0.011052109	-0.015579569	-0.0066128694
-0.02168808	-0.013279405	0.03147289	0.024724323	-0.021224191	-0.035441205	0.028209215	0.034572374	-0.021599311	0.005981131
-0.029011393	-0.025960503	-0.039967176	-0.049576346	0.011542133	-0.023001628	0.027937552	0.029999439	-0.04651204	0.023508664
-0.025082419	0.008542412	0.070718735	0.001089361	-0.008412697	-0.054634586	0.022329556	0.06703711	-0.020209001	0.056440234
-0.03791837	-0.0032121418	0.038687713	0.019647302	0.0292647	-0.033168647	0.013764966	0.032176565	-0.018802503	0.056964464
-0.013277681	0.03881642	0.006590917	0.013424355	0.008189965	0.057764966	-0.057648364	-0.059137233	0.016409196	-0.03293571
-0.023283111	-0.029744344	-0.009396556	-0.0060783965	0.021142166	-0.033714987	0.04546718	0.005018194	-0.017804733	-0.022656282
0.037926923	-0.023087734	-0.01384734	0.040518314	-0.03479049	0.011585735	0.057510264	-0.028314658	0.03245146	-0.028108982
-0.008857993	0.0087472405	-0.019175405	0.028566303	-0.030043293	-0.0051686517	0.02362935	-0.048491325	-0.0043106563	-0.02575437
-0.017890608	-0.01050432	-0.018122291	-0.026826825	0.011445786	0.014894804	0.023020849	0.021778611	0.038217224	-0.00015088137
-0.019950105	-0.018563617	0.02738873	0.0016585131	-0.01546792	-0.023969406	-0.037129488	-0.00013428427	0.008045059	-0.0248868
0.02148892	-0.050146945	0.028555565	0.007925913	0.010477135	-0.012698096	0.053482328	0.0292787	-0.059170183	-0.0023535911
0.025144618	0.03431534	0.028196484	0.029059714	0.05842538	0.010037637	-0.06007255	0.02805196	-0.028069636	-0.057712685
0.0005681735	0.06147656	-0.038509265	0.048917595	-0.015783569	0.021243649	0.0092028305	-0.008174839	0.049821556	0.017358368
0.021453517	0.0194177	-0.011345051	-0.023126451	0.0026506272	0.010751851	-0.002175142	0.02386839	-0.012777616	0.048867356
0.037010174	-0.024740303	0.00649385	-0.03402287	-0.013822051	0.01056153	0.032892603	0.008388518	0.034115516	-0.017929109
-0.047027282	0.008135625	-0.041464403	-0.017149644	-0.026592365	-0.047381125	-0.02095075	-0.03144493	0.030892376	-0.016332427
-0.013542561	0.02607486	-0.008656325	-0.013447573	-0.0046443967	0.018250551	-0.020152738	0.04350633	0.035676192	0.0066927928
-0.04860411	-0.0049063964	0.07073574	0.0016243329	-0.06631434	-0.044116903	0.04795171	0.038474962	-0.029120188	0.030863468
0.024997864	0.046918046	0.036711726	0.012313755	-0.00417288	-0.033629756	0.0065042865	-0.003356025	0.0046283603	-0.0037946163
0.0049807206	-0.018853264	-0.017738698	-0.02284941	0.028401997	0.013360676	0.04327497	0.04163038	-0.047967426	-0.02918772
-0.07326329	-0.016250042	-0.024074046	-0.03904093	-0.056043457	-0.054420654	-0.004714302	0.037924785	-0.05521478	0.05216893
0.0480283	0.0440332	-0.06497794	0.04536347	0.04548831	0.063599184	0.010422223	-0.024498452	0.062498346	-0.024542855
-0.053733114	0.044213906	0.03802306	-0.048488174	0.0032160757	-0.04443775	-0.032848705	-0.0037561445	-0.041819774	-0.01844651
0.029095944	-0.005335825	0.017331343	0.021580866	-0.034828566	0.0007018254	0.036925707	0.05259011	-0.041694507	-0.015040867
0.053578187	-0.008068427	-0.0068332683	0.032707248	-0.021040557	0.00013824263	0.025397921	-0.055576403	0.0019572724	0.0069310176
0.05350737	0.05002489	0.0109128505	0.05324175	-0.014583766	0.008080689	0.024386203	-0.023184206	-0.026713876	0.0141706215
-0.00716385	-0.018971022	-0.003735429	-0.014625742	0.06563114	0.03940765	-0.023193618	0.0107002305	0.055461247	-0.042584777
-0.033174608	0.045183726	-0.026265807	0.03336425	-0.002026807	-0.03760314	-0.041878566	-0.009640148	0.030110471	0.01619849
-0.049563296	0.007387876	0.04770437	-0.066469505	-0.058907144	-0.06621378	-0.047049336	-0.009045898	0.002752314	0.004031428
0.04669545	-0.018496608	0.027900394	-0.007742191	-0.04134557	0.037021466	-0.041000277	0.045969132	0.016256616	0.005823936
-0.0029737083	-7.1557683e-06	0.0077513913	-0.028056659	-0.03912305	-0.020895617	0.044680163	-0.008409288	-0.010892813	-0.011419754
0.0023860596	-0.04427306	0.053727742	-0.022547292	-0.02269378	-0.020816367	0.030944722	0.00097540946	-0.002372031	0.01514737
-0.02567457	-0.034129158	-0.02525105	-0.030866558	-0.050889656	-0.013958943	0.014175595	0.01037724	-0.015365088	0.062235083
-0.03208499	0.0215147	-0.02012626	-0.031124152	0.034576114	-0.022632768	0.030786455	0.033851966	-0.031460665	0.0091941515
-0.016468026	-0.011119761	-0.027679006	-0.0072061755	0.023707768	-0.0037410965	0.021509536	0.00016385366	-0.0376285	0.04244514
0.0037418634	-0.007665453	0.0076223756	-0.04612935	0.030871026	0.014405953	0.007976219	0.029065724	-0.026529938	0.021405222
-0.0007617715	0.019502742	-0.034110278	0.012654896	-0.014414764	-0.033958532	0.0069621364	0.0030530405	0.033110686	-0.0286183
-0.051435936	-0.02528871	0.024297215	0.036881447	-0.028935784	-0.037190482	0.043223925	0.049401294	-0.045533523	-0.015589242
-0.008636214	-0.015015248	0.025090527	-0.02329731	0.07265985	0.006866874	-0.033285968	-0.0642045	-0.021990381	-0.069228575
0.01740404	0.052462984	-0.026820678	0.042228162	-0.019340992	0.008940419	0.016325947	-0.0018145458	0.012996892	0.027668241
-0.005879676	-0.055909414	-0.010768421	-0.07304768	-0.003040645	-0.07162153	-0.005272986	0.06727772	-0.066590935	0.03281786
0.0017361102	0.004578734	0.030399673	0.051144354	-0.014031211	-0.019445352	-0.026078973	-0.052036934	0.014471361	-0.037804775
-0.044612844	-0.024244212	-0.003149031	-0.015121296	0.018829644	0.04106316	-0.025163373	-0.018831754	0.010853662	-0.017680483
-0.049239606	-0.028770044	-0.0051727504	0.010630407	0.00745461	0.009088179	-0.021730488	-0.017373223	-0.04812387	0.037744895
0.0007087396	0.0019260683	0.023464015	0.04506288	-0.008517808	0.036207326	0.048861	0.023714468	-0.027687777	-0.028050775
0.0051682713	-0.03327767	-0.038919646	0.024762264	-0.03139342	0.01676942	-0.043030944	-0.0010267126	-0.026521755	-0.0072954954
0.025664272	-0.064080894	-0.0073633497	0.013060944	-0.024218827	-0.005526074	0.05107658	0.016588846	-0.01923374	-0.029370096
0.010354007	-0.004057371	0.018651873	0.03163949	-0.059146993	-0.013802115	-0.027370961	0.029740274	0.0177643	-0.024588205
-0.014022446	-0.045796737	0.041778203	-0.02021781	0.042073656	0.020411322	-0.03999557	-0.043274112	0.024560325	-0.014706496
-0.0453897	-0.0039005002	0.022902703	0.034747902	-0.048979007	-0.027013715	0.03825865	-0.026822293	0.023360515	0.012318725
0.02155486	-0.016351013	-0.017593905	0.026404051	0.026637038	0.010472988	0.057806596	-0.011512827	-0.004163512	-0.026613606
0.0072465525	0.019471345	-0.008788929	-0.027189163	-0.015826048	0.058480885	-0.014666407	-0.009747908	0.054213215	-0.048051678
0.05167976	-0.03082621	-0.029158028	0.025634378	-0.0012022076	0.007078218	-0.018193627	0.023089798	0.003774712	0.035904016
-0.017990561	-0.037294406	-0.03891733	-0.0025582013	0.033991642	0.00041809492	-0.019413153	-0.053618457	0.040703688	-0.030554423
0.016120438	0.016899126	-0.052668277	0.023922758	0.01061732	0.034215555	0.026152765	-0.0060760328	-0.023569556	-0.036321774
-0.01271136	-0.038363826	-0.02850467	0.001678896	0.043345448	-0.02232304	0.060239345	0.03207158	-0.024447916	0.0254425
-0.042417303	0.028009973	0.026105534	-0.04900543	-0.026934458	-0.05361228	0.041293547	0.0071926406	-0.034355916	0.020502739
-0.06858711	-0.047184657	0.05840314	-0.007463498	-0.004739554	-0.04785817	-0.0172268	0.03423659	0.004914177	0.02331367
-0.032976225	0.045557234	0.0022078678	0.013742	-0.0327013	0.025655504	0.019101117	0.02121825	-0.0386713	-0.019005995
-0.014223973	0.011820445	0.021808676	-0.03960792	0.007404419	-0.055436783	0.06676276	-0.017172799	-0.0026100788	-0.0034290515
0.011903103	-0.012268923	0.05606611	0.016395176	-0.016247021	-0.03105243	0.05638137	0.055788048	-0.031745955	-0.003714163
0.04105088	-0.04285462	0.03612507	0.0025461817	-0.033164732	0.010663925	0.032887097	0.02946133	0.00079255784	0.019992135
0.00874862	0.0030758479	0.0060383477	0.06508969	0.010914229	0.017830295	-0.033275306	-0.0070154527	-0.012724862	-0.0102124475
-0.03146067	-0.042285502	-0.028685378	0.02209432	-0.035475347	-0.023541069	0.005475621	0.01639137	0.046120156	0.032612965
0.017662788	-0.002317976	-0.018075524	0.03916524	-0.019131538	0.0032842038	0.02047516	-0.055315193	0.017554991	-0.06430197
-0.006076749	0.02151793	0.032917295	-0.04181815	-0.027833357	-0.015249299	-0.009168558	-0.011828377	-0.012585605	0.0215046
-0.041887656	-0.010657907	-0.0003139073	0.028250225	0.0031555747	0.041027937	0.015198047	-0.005605862	-0.030888418	-0.024054585
-0.006807669	0.011016088	0.011994028	-0.03157351	0.01797191	-0.005112237	0.009621323	-0.00022571119	-0.035142373	-0.030202841
-0.037993763	-0.0337202	-0.017455291	-0.014903644	-0.03808535	-0.06918746	0.039849937	-0.00074635557	-0.011466137	-0.018332321
0.039520014	0.006561371	-0.02592804	0.019995641	-0.035775274	-0.047824405	0.04518499	0.0405411	-0.055484813	0.012306319
-0.058270887	0.003955964	-0.030962082	0.028890233	0.03431911	-0.04440347	0.010734787	0.041226	0.029877791	-0.02152395
0.015022771	0.0059101186	-0.019499488	-0.008265291	-0.0037825573	0.026840594	-0.012049273	0.06206901	0.02894544	0.036661007
-0.03791473	0.0417784	0.023179526	0.035172943	0.03234258	-0.04293486	0.04816337	0.011588303	-0.028774967	0.044787403
-0.023915058	0.0040573333	-0.021610461	0.0005934226	-0.008544342	0.025563637	-0.009369395	0.049888697	-0.034865156	0.009977031
0.03516786	-0.038125463	0.016590534	0.045309745	-0.045478847	-0.005590597	0.021831451	-0.022962857	0.047528416	-0.033872012
0.05260461	-0.024440145	-0.044336423	0.06114744	0.013221389	-0.023310592	0.0073817465	-0.053967405	0.02971832	0.017547544
0.030654809	-0.06257418	0.0021642894	-0.0019281238	0.007247707	0.011903133	0.015748587	0.016708918	0.020189175	0.011868516
-0.035435613	-0.022320976	-0.036614563	-0.03770254	-0.0015615033	0.0041084276	0.026693318	0.007163895	-0.012241597	-0.017945962
-0.019906623	0.019145647	0.048730318	-0.03064199	-0.021151759	-0.03518357	-0.028029006	-0.02102269	0.006504735	0.033617184
-0.028632391	0.036532078	-0.02911642	0.04018358	0.05596913	-0.013820127	0.032460507	0.0053836238	0.0644093	0.013578141
-0.0346971	-0.0065432233	0.005556318	0.059690855	0.04247061	0.0063508158	0.03894859	0.002704368	-0.029905368	-0.03567527
-0.00407693	-0.059906486	0.040086	-0.074804895	-0.05495629	0.01677351	0.014712935	-0.014768668	0.017930444	0.029042557
-0.03534124	-0.011011459	-0.02737858	0.0014291917	0.026113303	0.031362377	0.042218957	0.026498573	-0.046888128	-0.023320813
-0.030510444	-0.012165163	-0.05877752	0.05224066	0.03991677	0.038685575	-0.033696406	0.005213327	0.029376421	0.01494212
0.047924116	-0.04459969	-0.04953071	-0.026471302	-0.008759213	0.03259187	-0.0347652	-0.034617025	-0.046347775	-0.028144559
-0.020057928	0.03531738	-0.013043693	0.0074925353	0.004079681	0.0412156	0.008693034	-0.04548396	0.015111374	-0.064124525
0.014778154	-0.0012905309	-0.022483593	-0.018748026	-0.03352242	-0.04932567	-0.011234458	0.047877923	-0.049820654	-0.010494419
-0.04154122	-0.03759574	-0.02376414	0.0148889385	0.013932113	-0.027572904	-0.035319827	-0.02014609	-0.00518292	0.058204632
-0.009910014	0.010067599	-0.008578796	0.03023476	0.008574429	0.024729524	-0.011109925	-0.0394874	0.046501476	-0.040862657
-0.05012059	-0.0076906052	-0.004310748	-0.047712546	0.041651677	-0.048663996	-0.005786822	0.005622569	-0.012599318	-0.006000703
-0.026968956	0.011700838	-0.03322432	0.051195588	-0.0035720295	-0.030630367	0.019942911	-0.0054848557	-0.00013624689	-0.012248861
0.023495488	-0.02087661	-0.04857565	-0.041891456	0.02638827	-0.040490672	0.046584796	0.012436837	-0.018107023	0.030106926
0.015603686	-0.029102799	0.033128187	0.024560884	-0.0019835355	-0.036583066	0.04562389	0.011970984	0.0077502644	-0.016939066
0.017412009	-0.013992144	0.005143737	0.05300654	0.017901333	0.0083100265	0.017895576	-0.056718327	0.0032952153	-0.014333483
0.009732905	-0.03330203	0.010637458	-0.018796539	-0.017712517	-0.04046101	0.004513492	0.014729516	-0.03556408	0.011740113
0.00902011	-0.03592023	-0.047060765	-0.03071339	-0.03370507	-0.037797786	-0.029864298	0.03895311	-0.008530337	-0.042214416
-0.062328108	-0.029974414	0.0345352	-0.053953063	-0.027446944	-0.024041472	0.064552486	0.043865036	-0.0507184	0.06333992
0.045741025	0.041854367	-0.018351465	0.016790772	0.05961565	0.021078417	-0.055639915	0.033573486	-0.0043161144	0.027004048
-0.056698922	-0.001415117	0.0073158094	0.011880967	0.011801605	0.032290444	-0.0059620957	0.009384636	-0.04546874	0.011816788
0.05675932	-0.015287532	0.037609458	-0.028536564	-0.005422549	0.048513275	-0.024250854	0.02224326	0.030616587	-0.03130917
-0.013939411	0.061183847	-0.002701092	0.031183887	0.03653438	0.06779396	-0.031860214	-0.038363338	0.062179774	-0.05769986
-0.021438766	-0.052616816	-0.007919459	-0.0061343196	-0.015046897	-0.016786134	0.032448366	-0.018033987	-0.015407953	-0.039462764
-0.0006784386	-0.033410933	0.03698366	0.017642505	-0.036091436	0.021464055	-0.007857785	0.042696502	-0.016595716	-0.0025319422
0.019706793	0.02182571	0.028180223	-0.033243697	-0.01993621	0.044457737	0.015641132	-0.0632345	-0.007863583	-0.01652459
-0.023389094	0.017890668	-0.019968541	-0.044554833	0.01862792	0.030386893	0.050682288	0.035821144	-0.025025178	0.053170986
-0.07183126	-0.04401118	0.029957214	-0.04473571	-0.026338026	-0.072692126	0.0035487544	9.302798e-06	-0.02288051	0.052852523
-0.01755786	0.050682537	-0.0719183	-0.0010507777	0.024062676	0.061891876	0.01641053	-0.06713553	-0.007920918	-0.00942292
-0.0624174	0.015904753	0.061266724	-0.06572527	-0.03431325	-0.018534098	0.067345954	0.017607491	-0.048622113	-0.0013476665
-0.028344495	0.044968758	-0.047039554	0.039981674	0.032000814	0.053784218	-0.010333468	-0.009510317	0.06542275	-0.0025472792
0.01813128	0.029704532	-0.0045904196	0.040435717	-0.008509906	-0.02604856	-0.00885698	0.019742105	-0.019957114	-0.006889922
-0.072231814	0.005360014	-0.00357491	-0.02066827	0.0065419604	0.02137675	0.007904607	0.03099913	-0.05035841	0.03563958
0.021350812	0.037179116	-0.03305269	0.038541466	0.01735874	-0.013225211	-0.055094805	-0.060168494	0.016420206	-0.014135796
-0.016881708	0.048593253	0.022156017	-0.0025213065	-0.009024596	-0.02665982	0.00096752663	0.0354785	0.036133774	0.013366386
-0.02726556	0.0043639448	0.038799755	0.029984925	0.025425019	-0.03413872	0.055567116	-0.007664845	-0.068546884	0.027987635
0.005322648	0.0013098813	0.024946796	-0.055153575	-0.025553204	-0.04484935	-0.046666097	0.039850067	-0.025226366	0.011426777
0.052473824	0.05172902	-0.046333957	0.005277028	0.022120519	-0.015176444	-0.061298884	-0.010779697	-0.011429984	-0.008235546
0.009615575	0.056128167	-0.06729479	0.06366505	-0.01995142	-0.0223207	-0.05008898	-0.04364548	0.03614859	0.005014126
0.024666063	0.057889283	0.033493172	-0.011343978	0.032144506	0.017739167	0.030444143	-0.052828882	0.030538565	-0.021184757
0.02755733	0.035180993	-0.021351913	0.00481473	0.029391728	-0.013579359	0.045235313	-0.032036874	-0.010004731	-0.0016279984
0.034648385	-0.01269193	-0.013326328	0.0022943446	0.030210545	0.035822734	-0.04408416	0.019552365	-0.039489523	-0.011021771
-0.029435048	-0.009402029	0.051312357	0.034990918	-0.02067601	0.02039811	-0.02049039	0.017195664	-0.051141493	-0.0011623283
-0.06645247	-0.0044339327	0.03154849	-0.02382689	-0.00606166	0.018406363	-0.0038146274	0.0059575336	0.017767008	-0.030563813
0.015264366	0.048017032	-0.033119053	-0.0079876715	-0.0338947	0.06008112	0.016127499	0.02611426	-0.0134049645	0.013610436
0.0077382675	-0.049419526	0.031429283	-0.067502104	0.01524206	-0.07064874	0.0409667	-0.0051138983	0.0016712429	0.031608634
0.029221581	-0.011562152	0.015516365	-0.009569502	-0.025527712	0.016873473	0.037142936	-0.008677705	0.023571191	0.014561215
0.050011918	0.005042854	-0.04174841	-0.010353624	0.02407561	-0.0072826543	0.053837035	-0.036061767	0.038521897	0.04645027
0.027036827	0.00045970458	-0.012864838	0.04225645	0.00432563	0.017190447	-0.002755667	0.011384833	0.019879343	-0.044706218
0.019294167	-0.0047076917	0.05827889	-0.0020641275	-0.013921752	-0.034989618	-0.039398603	0.0462143	0.008433021	0.03308557
0.052311175	-0.005850678	-0.015456388	0.028833522	0.044740558	0.02636756	-0.023157014	-0.016566465	-0.0004913434	-0.05846227
0.02500588	0.059029244	-0.0017408803	-0.01636562	-0.027516278	0.025773682	-0.051581357	-0.025606357	-0.015502511	-0.044030692
-0.06460524	-0.027319958	0.0547203	0.0013261164	-0.014308704	0.021005502	0.029121304	0.0620978	-0.048031203	0.043018974
0.02946959	0.011722189	0.05472453	-0.0027070423	-0.0005497029	-0.021806033	-0.031718697	-0.023442548	-0.027496941	-0.016326549
-0.040908277	-0.0054384023	0.027615653	-0.0064735035	-0.0017430652	0.0054272306	-0.01682429	-0.027074616	-0.006998165	0.002453279
-0.019061001	-0.061844636	0.027931027	0.00988457	-0.0039108503	-0.007881402	-0.002978596	0.036831852	-0.041720614	0.007959852
-0.018512808	0.01772778	0.01287754	-0.013599517	0.043803193	0.048299484	-0.016108884	-0.030445753	-0.042461213	-0.032647237
0.035040896	0.05260866	-0.030566217	0.041883677	-0.006704552	0.032595623	-0.012267081	-0.018807808	-0.0053694947	0.016576188
-0.021861402	0.044894833	0.03354222	-0.00022997738	-0.011371591	0.052820597	0.051541775	0.008711024	0.046627473	-0.009570346
-0.011453933	0.0019583094	0.025373647	-0.0029248602	0.059117027	0.0017969741	-0.0124018155	0.008110458	-0.010762243	-0.026409566
0.026466476	0.035643008	0.048063684	0.013950568	-0.05093236	0.007797639	-0.0024153618	-0.032318495	-0.025189579	-0.007302249
0.057421695	0.05545553	0.004641287	0.015428531	0.040187854	0.02884907	0.007446387	0.032036353	-0.037548445	-0.00067221787
0.023188936	-0.049000032	0.06704903	-0.040606126	-0.065057985	-0.019810654	0.058515165	-0.025784668	0.0022931923	0.009395252
0.019745614	0.003241526	0.030963117	-0.004202021	0.032247804	-0.044094127	0.036038034	0.032487523	-0.006228382	0.021564508
0.054787587	0.008765302	-0.023080664	0.029272918	-0.0033567261	0.05516196	-0.03875992	-0.06112831	0.049543247	-0.03581334
-0.0070897103	0.044955425	-0.038517307	-0.039005727	0.052154317	-0.01636377	-0.04655584	0.009597473	0.0056241928	-0.046689272
-0.026955288	0.03906424	-0.0029771165	0.06253504	-0.027352752	-0.029227372	-0.061466064	-0.035970014	0.011822993	0.0028595957
-0.038758907	-0.0072327284	-0.046138242	-0.026870681	0.03556072	-0.03501466	0.04370234	-0.013179916	-0.044065405	0.033894856
-0.019830512	-0.015489675	0.021099834	-0.018957881	0.009269696	-0.025556426	-0.06602722	-0.05278283	0.02875454	-0.043672778
-0.0054910583	0.021837479	0.012148786	-0.011734853	0.0023747783	0.024983522	0.027225098	0.050790545	-0.067657284	0.023399217
-0.02837002	-0.03172074	0.0014871643	-0.037495967	-0.040941257	-0.033093527	0.013029965	-0.017443001	0.010416939	-0.020636873
-0.05174331	-0.045969617	-0.027697876	-0.022814145	0.022456145	0.015812755	0.03435577	-0.033775322	-0.009210664	0.014042793
0.033112112	-0.022876618	0.0025361376	-0.0023904769	-0.05812315	0.0053398395	0.038326647	0.040994603	-0.047031887	-0.029927993
0.0393221	0.06035951	-0.06418951	0.04006127	0.009933186	0.0086735645	-0.052929677	-0.027494643	0.04860061	-0.028170535
-0.019626634	0.0066083786	0.026564475	0.008644244	0.039340995	0.035462834	0.019580636	-0.038161628	0.016397381	0.010472535
0.0043499037	-0.015636731	0.015132684	-0.009090916	0.016237216	0.03633523	-0.021985767	-0.015551359	0.008588214	0.0201847
-0.038378518	-0.019728893	-0.0014004445	0.039188404	0.005127789	-0.0033449896	-0.022405395	0.041178085	0.026108915	0.0007801642
0.052873172	0.050722618	0.003317819	0.0011071614	0.042355776	0.03608827	0.0030509979	0.01745056	0.051056564	-0.03368255
0.051191296	0.013388731	0.014134196	-0.009327989	-0.014546346	-0.019744512	-0.023659969	-0.0043160124	-0.007622103	-0.03336355
-0.012604915	-0.017996911	-0.048902366	-0.011546062	-0.010285117	-0.0422655	-0.003729144	-0.025141044	-0.012072981	-0.021276321
-0.020586586	0.048179213	-0.057976812	0.07178785	0.019428937	0.010560717	-0.002660426	0.008417667	0.012207348	0.026975973
-0.008612602	-0.03284819	0.043288734	0.0026146385	0.019943522	-0.006607582	0.014744247	0.059432622	-0.027640913	-0.035104007
-0.07361793	-0.07079932	0.031095607	-0.024516432	-0.03804754	-0.0215494	0.068609565	0.019841013	-0.034567438	0.012325382
0.011008412	-0.05075284	0.008397834	-0.033120826	0.02813527	-0.035410065	-0.039142832	0.003988268	-0.009661548	-0.031138938
-0.024258435	-0.00090848515	-0.03120139	-0.028532265	0.028309548	-0.028084727	0.013505203	-0.032766037	0.037603788	-0.026418606
-0.027764441	0.009397229	0.05081771	0.0053873393	-0.056879785	-0.04524252	0.0049949735	0.003766175	-0.02286857	0.05302041
-0.04611204	0.008513102	-0.01883171	-0.0027636625	0.0130149	-0.022814035	-0.020162927	0.055970006	-0.028315471	-0.0035538531
-0.036740266	-0.031240435	-0.0009881097	-0.062395673	-0.026975632	-0.016671758	0.03445624	0.015879162	-0.05888422	0.056048263
-0.0095290635	0.040981427	0.0021273976	0.070174076	0.037794575	0.018078951	-0.01350781	-0.055106077	0.04945567	0.018206611
0.069993354	-0.013272631	-0.012596159	-0.010653554	0.07058429	0.03559575	-0.010471431	0.0006522029	0.06560433	0.023400376
0.02401393	0.0004310759	0.018797908	-0.054581787	0.02634966	-0.0065292376	0.0059465445	-0.0444624	-0.013092566	0.011249615
0.046778142	-0.033845685	-0.018641304	0.027626371	0.060481433	-0.034368943	0.0052385475	0.014512232	0.048272908	-0.036497146
0.04012732	0.03332903	0.033755258	0.0071361316	-0.03978231	-0.028615916	-0.022897338	0.016131911	0.030954333	-0.043028515
0.03342802	0.0014477061	0.021078615	-0.027694868	-0.016167479	-0.030632902	-0.05243087	-0.028803887	0.017212568	0.019528126
-0.014427403	0.027293121	-0.015158549	-0.03352067	-0.0077822786	-0.005991844	0.028056687	-0.025506383	0.046428185	0.0066928267
-0.020924995	0.03393374	0.024754321	-0.060322117	-0.034952763	-0.05541334	0.02696488	-0.036622997	0.013198895	-0.02132487
0.0037260414	-0.010110414	0.010941485	0.006070304	0.02089597	0.030470418	0.05349694	0.053051054	0.0014336393	0.013425214
-0.009769763	-0.05075691	0.031247403	-0.043878306	0.019377735	-0.008638337	0.006676599	0.009133608	0.010397315	-0.010993804
0.011249512	-0.05437642	0.0019154714	0.027703185	-0.005722678	-0.02633355	0.0010525371	0.016876582	0.005790774	-0.0008679744
0.057244033	0.0028983012	0.0312887	0.0666592	0.00050431234	-0.014870401	0.0022268528	-0.017537074	0.009527314	-0.051797774
0.0012922592	0.0069640456	-0.0077587147	-0.038735297	0.0426391	-0.0157681	-0.022535497	0.020674407	-0.045497105	0.029637493
0.017215513	0.020731883	-0.014434968	-0.008212435	-0.035388462	-0.051005635	0.00205995	0.03884641	0.026742985	-0.045125976
0.020762414	0.026709802	-0.021737779	-0.048035648	-0.0011912032	-0.059202794	0.051768377	0.0037097656	-0.0254414	-0.008050935
0.044456434	-0.030718446	0.015424187	0.046292353	-0.009131666	0.026945366	0.0019802973	-0.036479507	0.01871947	-0.050788134
-0.018944664	0.015914021	0.008469253	-0.039739724	-0.061346594	-0.035355993	0.0067295064	-0.013366959	-0.061314028	-0.021999327
0.034963727	-0.034467444	-0.039759573	0.008376134	0.03349032	0.021266686	-0.014460323	-0.012526401	-0.010630623	0.004858986
-0.0032876544	0.05301547	0.021814106	-0.019192357	0.051005177	-0.004226477	-0.045021832	0.027339851	-0.025594097	-0.051107857
0.0066009825	0.03312997	-0.004494122	-0.03944281	-0.045952566	0.00089075335	-0.01496241	0.03003702	0.020331653	-0.03546059
0.053291045	0.043179672	-0.052376166	0.061669134	0.06007643	0.0050996547	0.007886851	0.015603718	0.036828004	0.03166248
-0.027036984	0.04753139	-0.020050911	0.0030044408	0.014682968	-0.031524234	-0.021313792	-0.033559628	0.004738948	-0.00050010945
-0.050814264	-0.038505293	-0.024226492	-0.00027845867	-0.024992649	-0.021728473	0.024645574	-0.021473037	0.02090824	-0.0347805
-0.054382645	-0.04699376	0.055577613	-0.054379374	-0.018574912	-0.00028011043	0.052142527	-0.019780295	0.009266881	0.04364492
-0.044579484	-0.06823057	0.013919263	0.0044848067	0.024511082	-0.01449999	-0.016171938	0.031004446	-0.012401805	0.015457784
0.02960472	0.007818159	-0.04907023	-0.01347976	-0.029808296	0.007109312	-0.036987234	-0.010688159	-0.015058927	-0.033692926
-0.026179058	-0.00145328	-0.012960533	0.05593488	0.062363267	0.029341528	-0.02132408	0.014063811	0.029803693	0.034472015
0.05509593	-0.02311219	-0.007896196	0.022480112	-0.007283434	0.02926821	-0.05696178	-0.058891777	0.027803358	-0.0055318116
-0.02362263	0.019606587	-0.009877098	0.02760952	0.03311705	0.017815394	0.0098599205	0.005602851	0.026294563	0.025362864
0.07135383	0.029666236	-0.01645436	0.00787417	-0.014504165	0.029901031	-0.025896559	-0.018757993	0.03581989	0.008029414
-0.036041316	0.008935984	-0.017532498	0.041504826	-0.045916725	0.034144785	-0.01705416	0.028562209	0.040123206	0.039529625
-0.00094339304	-0.027423281	-0.023851698	-0.06982865	-0.035421394	-0.0035390882	-0.013403705	0.056930047	0.02307895	0.047792003
-0.042948678	0.0031739832	-0.0045946813	-0.037158273	-0.031563528	-0.020855714	0.039504103	-0.029052187	-0.047815256	-0.04127008
-0.022332715	0.055911418	-0.019697974	0.029407647	-0.018210424	0.016160568	0.02589092	-0.029826991	-0.024566717	0.0005403118
-0.0650431	0.026461028	0.036869306	-0.065367095	-0.0038135252	-0.024620153	-0.014782343	0.040126152	-0.046414714	0.017988017
-0.027202068	0.027288899	-0.06310504	0.030428637	-0.0065121427	0.041333593	0.014947623	-0.04449521	0.047370043	0.008795218
0.042809237	0.034344997	0.026004406	0.011798616	-0.009271888	0.048920833	-0.011028255	-0.021900725	0.053916402	-0.014826772
-0.037036803	0.010186784	-0.048340004	0.029296191	0.042164646	0.0010019137	-0.045951616	0.04039486	0.018422	0.00638671
0.007301022	-0.014457322	-0.05523678	0.022704974	0.039574664	0.044542205	-0.008560124	-0.042319175	0.025793595	-0.00088136364
-0.022540962	0.029614381	0.022364248	-0.023968806	0.02981865	0.044719137	0.014606201	-0.0101304995	0.046736002	-0.041196775
-0.00012355592	-0.038412422	-0.0069394084	0.052112643	-0.012574263	0.04629638	0.04026567	-0.053080305	0.030744521	-0.033946395
0.047324903	0.005984279	0.0057585067	-0.023729471	0.031244373	0.0011543495	0.038477562	-0.005825116	-0.011241113	0.036063917
0.028881794	0.034837376	0.03502355	0.028870897	0.0040756436	-0.018947817	-0.031035386	0.03440199	0.031644706	0.018920053
-0.002819905	-0.03705052	-0.038251176	-0.043457165	-0.0025039932	0.031742364	-0.018285703	0.05087261	0.031301174	-0.015288984
-0.00777678	0.014960474	-0.04562509	0.004670726	-0.001839034	0.05106069	0.0027414514	0.0028477754	-0.003467243	-0.044793025
0.0009936338	-0.0017517403	-0.029831195	0.027535712	0.014429143	0.032351483	0.033435527	-0.05494702	0.032113627	-0.020950638
-0.037700195	-0.05768949	0.002581152	0.006525933	-0.009650312	0.011328557	0.05472379	-0.0080350945	-0.046310056	0.059385207
-0.028383048	-0.018961199	0.029516732	-0.004314382	0.027908225	-0.0010221476	0.03201427	-0.011773611	-0.04075913	0.0073915794
-0.0039799795	-0.038418885	0.041020386	-0.065092124	-0.06748127	-0.013879074	0.059961792	-0.01233953	0.028033523	0.021602584
0.035541803	0.027485741	0.02355623	-0.025561746	0.06731868	0.016407356	-0.0174913	-0.050373435	0.053387895	0.028740266
-0.013027579	0.03945186	-0.035648786	-0.013592203	0.01948603	-0.0071425163	0.03276439	-0.042097855	-0.0032581084	-0.038125314
0.017598566	0.022688568	-0.011681578	0.008681496	-0.025191247	0.06373867	0.02640518	-0.013549673	0.048071075	0.028060574
0.014058378	0.04549326	0.024826618	-0.009515979	0.014838034	0.03606786	-0.041296374	0.0058245347	0.01401654	-0.022018375
0.014206322	0.037989493	0.009155535	0.034329038	0.021777272	0.0029498963	-0.032666743	0.016170954	-0.044732433	0.042818114
0.012155804	-0.018232299	0.01336658	-0.05865368	-0.036968894	-0.029165043	0.0071019977	0.03689362	-0.035398263	0.053495985
-0.023810087	0.022649463	-0.02526356	-0.049389534	0.014581666	-0.057598777	0.053110454	0.0012175862	0.01220005	0.04302703
0.025566418	0.036276724	-0.032479413	0.013049583	0.0029573177	0.028210828	0.031735446	0.005833179	-0.014440523	-0.008401575
-0.006130141	0.030290065	0.0050298185	-0.026029961	0.033562828	-0.0217901	0.0024610357	0.042402446	0.0067647947	0.029309338
-0.06827916	-0.017493501	-0.004572003	-0.05176152	0.0066812593	-0.012494575	0.0064341924	0.042666953	-0.0028348574	0.011944996
0.025833176	-0.022361502	-0.011962401	-0.011006574	-0.031669624	0.026465101	0.013705776	0.03977897	-0.037412304	0.038047083
-0.040524993	-0.034506526	-0.021124547	-0.020342372	0.039835524	-0.008101815	0.0047204187	-0.032715593	-0.0062127975	-0.050080817
-0.012501284	-0.03775379	0.015219842	0.026697299	-0.053052768	-0.00025884318	0.057348836	0.032694925	-0.044233896	-0.02517821
-0.046938222	-0.050867703	0.034388147	-0.020582005	-0.04016178	0.0163134	0.032191623	-0.027682437	-0.0067525255	0.056573696
-0.006789721	-0.02075701	-0.061050907	0.024077967	-0.002196777	-0.0041940734	-0.0012405837	-0.025959149	-0.0028212767	-0.02229186
0.045542005	0.0019793373	-0.024789281	0.016713997	-0.011046875	-0.02691077	-0.03312317	-0.0329677	0.06174895	-0.05691707
0.026440527	-0.026985833	0.05226287	-0.038337547	-0.007287602	-0.04885935	0.0631251	0.05414241	-0.042560708	0.048326377
-0.011376459	-0.014809805	0.028973814	-0.029101038	0.011107047	0.05637553	-0.020789545	0.030336406	0.021193909	-0.04131291
-0.009003186	0.05669859	0.023812972	-0.011723001	0.055351797	0.0150469495	0.019561607	-0.01883243	0.050371498	-0.008353712
0.019481821	0.014575474	-0.060687304	-0.004543192	0.046878092	0.038923718	-0.014551473	-0.047863383	0.0118453	-0.0033353013
-0.029742246	0.0072840955	0.061634924	-0.032673843	0.007385502	0.01890449	0.057455234	0.028086975	0.0026002252	-0.0042979177
-0.035925243	-0.025913324	0.01696406	-0.021663742	-0.057299975	0.026953684	-0.0066267713	0.011235881	-0.017044254	0.010239102
-0.046726596	0.010172349	-0.008365244	-0.058135305	-0.014754495	-0.033012643	0.027660454	0.016268896	-0.015990207	0.0071544894
0.0079088705	0.0027210005	-0.0197617	0.025993373	-0.04513692	-0.022384986	-0.003185655	0.03161134	0.012551954	-0.030232359
0.010371384	0.013013835	0.04190213	-0.004151357	-0.019100357	0.015214026	-0.016870521	0.044430815	-0.006266704	0.034771428
0.037744116	0.0016563943	-0.02393964	-0.041822217	0.03336917	0.027284836	0.06367697	0.04751159	-0.02419438	0.026148863
0.038960688	-0.045692407	-0.017538758	0.039865725	-0.035548806	0.0062615466	0.05029507	-0.03501072	-0.015751773	0.015932666
0.043142244	-0.0023357836	-0.059244733	0.021561293	-0.01506453	0.057817835	-0.028760951	0.015030073	-0.015547353	-0.035892323
-0.03209466	-0.031681728	0.0032774657	-0.05508985	-0.030069748	0.012227335	-0.0014933103	-0.022786839	0.022549247	-0.025822062
0.010763383	-0.03791484	-0.028593777	-0.04127079	-0.007083464	0.016800627	0.059317905	-0.03202131	0.03126842	-0.018819397
-0.051219143	-0.037472457	-0.0037852617	-0.005764161	0.023453642	0.02931658	0.001851003	0.029368598	0.006327651	0.01726156
0.0070748357	-0.0005171831	0.023116162	0.039819285	-0.0025880458	-0.021193054	-0.021842007	0.026983067	0.021870045	-0.024166446
-0.051155005	0.0018212771	0.05959185	0.033182006	-0.048614707	-0.017458428	0.013456785	-0.02630211	-0.0074167443	0.035340484
-0.038577262	-0.01015474	-0.008605716	0.025915854	-0.013453007	-0.029443346	-0.04160783	0.0007424994	0.047299888	-0.015061804
0.011223207	-0.021186234	0.038707662	0.025067765	-0.05043036	-0.06590351	-0.0104204565	0.013786214	-0.051682178	-0.030818991
-0.03902143	-0.047947448	0.0061468994	0.0027731624	-0.014480122	0.019169224	-0.017873822	0.042336475	0.0021227251	0.005493351
0.034480207	0.022168908	-0.006692455	-0.025681201	-0.017779022	0.012798748	-0.043227915	-0.018926809	0.039127633	-0.024277218
-0.027439767	-0.024143571	0.0466598	-0.006248825	0.017222553	-0.06478408	0.0539139	-0.014192148	0.027478222	-0.005762904
0.021376945	-0.004761935	0.05288992	-0.04995504	-0.037212815	-0.02839711	-0.0043183593	0.059224382	-0.019758048	0.037768543
0.012670043	-0.0083077215	0.052094504	-0.007062418	-0.016390195	-0.020187367	0.059692606	-0.029048063	-0.039516952	-0.02226246
0.0029578817	0.04218632	0.041032076	0.038509645	0.008525411	0.03293955	-0.0014529233	0.044927116	-0.021338169	0.031191345
0.0042109527	0.03774908	0.009348803	0.03249571	0.012300972	0.02310413	-0.025498616	-0.052170362	-0.017275184	-0.0005444051
-0.041890495	-0.05642611	-0.028683564	-0.012322313	-0.04024593	-0.006687701	0.026411774	0.052175052	-0.057141665	0.026146905
0.043835614	0.05478366	-0.06748196	0.06376577	-0.011421032	0.032924514	-0.02713873	-0.021582458	0.06727306	-0.06289226
-0.013952609	0.004016554	-0.00361037	-0.033619218	-0.04831044	0.003162333	-0.032261085	0.00087308	-0.071178496	0.00089140044
-0.019983895	-0.0048496937	0.01995236	0.009911394	-0.02260655	0.048542883	-0.0020587	-0.0034925088	0.029398534	0.051414277
-0.011561033	0.014112576	-0.05316367	-0.022711232	-0.0087103555	0.024284415	0.03244139	-0.036418173	-0.015733153	-0.0075089606
0.017221434	0.009146155	0.0297949	-0.018046906	0.027229324	-0.012334961	0.028781917	-0.055713166	-0.008300612	0.0285141
0.04860162	-0.017842844	-0.05825038	-0.013698018	-0.015436831	-0.011026364	-0.026472125	-0.0015540858	0.037804995	0.015481605
-0.013971129	0.007770731	-0.05150154	-0.021837337	-0.017239124	0.038200434	-0.013815891	-0.042084444	-0.025300814	0.030184573
-0.020492846	-0.052839253	0.016332434	-0.056719612	-0.011892691	-0.016636455	0.0074881376	0.01262463	-0.053690102	0.01660301
-0.0139700165	-0.010039379	-0.026374856	-0.024540817	0.0005892618	-0.034098867	-0.012370486	-0.03829202	-0.03552995	0.02582393
0.027536977	-0.027727723	-0.056204796	0.0001237377	0.015910529	-0.023383714	-0.04109379	-0.030145658	-0.022808155	0.011475894
0.009459087	0.0040418953	0.003217216	0.042883776	-0.005506216	-0.027856987	0.0074522416	-0.0068200547	-0.022252444	-0.049792737
0.038795963	-0.020999063	0.01191978	-0.039570656	0.032402404	-0.0128116	0.012990773	0.027716262	0.034401007	-0.030620657
0.022084855	-0.035284773	-0.018160947	0.00894816	-0.016627375	0.04653853	0.057699	0.008357995	0.025302477	0.015616418
0.04320066	-0.03682457	-0.029054012	0.017834423	0.048213914	0.038846444	0.03496167	-0.026342142	-0.013693036	-0.020665528
-0.023367807	0.009614709	0.04629458	-0.024730895	-0.0050242185	-0.017984385	0.03624952	-0.041373894	-0.015115073	0.045615487
-0.0075547947	0.05233846	-0.014172154	0.035913218	0.0384836	0.040341165	0.0036040067	-0.020091638	0.02557847	-0.01615284
-0.048228208	-0.06841871	-0.028900629	-0.042782716	-0.009492997	-0.016069481	0.053100295	-0.008759605	0.010918433	0.065383986
-0.01581568	0.026268126	-0.03016034	-0.021360906	-0.04822243	-0.01527208	-0.004305792	0.030649066	0.025723295	0.054186735
0.04736175	0.015612321	0.023573183	0.014624033	0.0480887	0.01696882	0.03674911	0.020429956	-0.00012279341	-0.029682828
0.008388858	0.03129978	0.014490155	0.03760476	0.00069451553	-0.0049733547	-0.023427624	-0.0056802225	0.03137525	-0.003857109
0.025275014	0.04006187	-0.014201133	-0.03467223	0.02881364	-0.02968926	0.030150212	-0.05124486	0.045358896	0.008800858
0.019040272	0.026117504	0.03148563	0.024041636	-0.020308133	0.035833582	-0.040980045	0.03634432	-0.015944099	-0.022788614
0.012176503	0.021422025	0.032441042	-0.014747186	0.056202367	-0.0035849826	-0.025807755	-0.06261435	-0.019833267	0.020329276
0.030023936	0.008342763	-0.03836153	0.027564745	-0.008903348	0.026499197	-0.04176076	-0.000508133	0.05130912	-0.030132828
0.061722443	0.0242111	0.02057004	0.047906987	0.0040675695	-0.029134518	-0.0022874605	-0.0010356187	0.020715415	0.0016425564
0.016868353	0.03531564	0.02938013	0.04393269	0.019639902	-0.027890388	-0.013032694	0.033331458	0.03639865	0.018528895
0.027723452	0.06841789	0.0014742364	-0.021675862	0.047045346	0.05067961	0.015326265	0.022056133	0.008570911	0.011850493
-0.008248681	-0.00078553904	-0.034650493	0.012514649	-0.00043582346	-0.03408258	0.040389504	-0.04180111	-0.021222224	-0.0489261
-0.04163746	-0.032398682	-0.010534259	0.04026632	0.001097989	0.011002586	0.033996347	0.014178572	-0.028483365	-0.033474505
-0.018806985	0.045624495	-0.039598808	0.025418174	0.028034652	-0.021401709	-0.019728508	0.008522776	0.047094002	-0.02134298
0.04870944	-0.007771518	-0.027574364	0.0074046496	0.06940571	0.05718462	0.035328373	-0.02320584	0.0021251016	-0.0003123776
0.03551746	-0.032037087	0.02761202	0.040601473	-0.025730468	-0.0356543	0.017757578	0.011316091	0.026758576	-0.01503363
0.014104722	0.016343528	0.006063501	-0.009203172	-0.028104322	-0.002429679	-0.03582928	0.03393837	-0.05105612	0.040518682
-0.006520285	-0.012043836	0.002720644	-0.0066985223	-0.023848789	0.027720094	-0.006686463	0.023032056	-0.036274165	0.008338107
-0.01112874	-0.0011983673	-0.019768821	0.016687337	-0.06413923	-0.038632087	0.031682603	0.02739082	-0.04266249	-0.002514189
-0.027289119	-0.01896316	-0.021451179	-0.029560076	0.04750747	-0.0070648394	-0.028079791	0.0044242353	-0.027562458	0.046841938
0.0037036336	0.0070298533	-0.017451901	-0.026138617	-0.015731832	0.013007559	0.03372073	0.03067972	-0.03983603	-0.045483414
-0.02032548	-0.047728255	0.065252036	-0.05375819	0.007921052	0.010465411	0.0069835465	0.0025537037	-0.067223504	-0.002221675
-0.02543237	-0.043382674	0.024616746	-0.06855516	-0.043785736	-0.058007885	0.016293323	-0.01307246	-0.02605174	0.019311043
0.0069371094	-0.050542973	-0.022402277	-0.02883539	0.009620326	-0.0046574227	-0.0058009312	0.04066623	0.028537389	-0.011020114
0.042200383	0.03107558	-0.004310749	-0.035282556	-0.0026914321	-0.048439983	0.011999702	-0.03192843	-0.007728487	0.026966007
-0.056366984	-0.051851008	0.05277002	-0.0241983	0.018535087	-0.057000943	0.022490483	-0.017159827	-0.030747527	-0.02801994
-0.024603613	0.022882123	0.003344031	0.0012454976	0.015821088	0.0059764315	-0.053475495	-0.022788625	-0.01799912	-0.022173872
0.06572796	0.0041439473	-0.03912874	0.07033914	-0.005744717	-0.022737723	-0.0068685333	-0.016863683	0.0011323987	-0.019657962
-0.040591005	0.015974395	0.0051478613	-0.060155883	-0.06334491	0.00092482846	0.048447482	-0.031143688	0.005136197	-0.01708441
0.012001666	0.054909207	0.023708714	0.026511416	-0.022478959	0.01850624	0.03679065	-0.011572793	-0.026673429	-0.04848392
-0.0059333756	0.053188965	-0.008424625	0.03136964	0.018580249	-0.027063904	0.04209807	0.012882396	-0.023358619	0.030416287
0.020026924	-0.00086891314	-0.0018724384	0.050643787	-0.019251533	0.037731275	0.014548582	0.01892147	-0.018048346	-0.014171733
-0.016397465	0.0031228368	0.009157641	-0.0078243315	-0.024100386	0.00013686204	0.031651914	-0.057037592	0.02480529	-0.022833025
-0.020056102	0.0354449	-0.05027919	0.019773424	-0.0023794444	0.04257488	-0.023834363	-0.012112717	-0.02233646	-0.021589423
-0.016238868	-0.040297247	0.010220423	0.0039124666	0.00451976	0.00014538702	0.003596346	0.013859341	0.03632509	0.01633793
0.041883446	-0.024861746	0.015509607	0.03744387	-0.014803653	-0.007120721	0.048888683	-0.013941194	0.034587707	-0.030877981
-0.038026974	0.027391944	0.01218701	0.046654858	-0.018549388	-0.04092326	-0.023721034	-0.0059233666	-0.0028487784	0.023566166
0.016794704	0.017876228	0.0010631554	0.012875267	-0.038623605	0.009651371	0.014583422	0.03925709	0.020017419	0.030686073
-0.012167923	-0.064706214	0.07116519	-0.05250324	-0.009187197	-0.0692858	0.043632377	0.03139111	0.0019461059	-0.012555459
0.0016094701	0.0060566072	0.0074897823	0.04695936	0.039033037	0.0292886	-0.02006991	0.017389603	0.043291803	-0.033055626
0.008743253	0.053438913	-0.039013926	0.026492158	0.03723424	0.049965862	0.026173983	-0.05305109	0.014314738	-0.05524235
0.012085693	-0.02641887	0.0075968425	0.033887006	0.006848667	0.026460221	-0.016213346	-0.03303916	-0.0036021688	0.018264094
0.006047435	0.029861573	-0.007235116	0.0058123805	0.04474032	-0.023684902	-0.04426192	0.047688246	0.02654428	0.005947554
0.022483287	0.031813372	-0.021538747	0.05612066	-0.00786196	0.060308598	-0.02986425	-0.013833372	0.044666227	0.006062603
0.020021247	0.050298914	-0.012998832	0.029045973	0.02007192	0.06347152	0.028945748	-0.0596187	0.033819247	-0.064853415
0.011815433	0.004713823	0.0013809272	0.01036367	-0.068510324	-0.012743398	0.025738101	0.034458123	0.00021042487	0.0003802857
-0.0067353277	0.018698683	-0.0028385392	-0.026099889	0.04966427	0.036075816	-0.033761755	-0.0044752466	-0.03708813	0.027595744
-0.044359546	0.019973211	-0.006518407	-0.0074498076	-0.051750377	-0.037309945	-0.03178169	0.021672744	0.028103916	0.00813334
-0.045828216	0.028650852	-0.015620598	-0.019900894	-0.05889928	0.02629215	0.0003814153	-0.03345923	-0.014551005	0.046332203
0.021972762	-0.0077896086	-0.029305125	0.039250243	0.057213794	0.002196871	-0.042558294	0.0279262	0.016544227	-0.040449847
0.00900002	-0.026866218	-0.0018877088	0.01736872	-0.01627772	-0.008270114	0.02191519	0.065317154	0.024332684	0.017990753
-0.017256249	-0.03080195	-0.048470914	0.035034467	-0.0058095013	-0.036278296	-0.023437621	0.01119783	0.011178806	-0.025585426
0.025090521	-0.0407094	0.04375249	-0.015085249	-0.022405675	-0.05134214	-0.0041833934	0.0035589184	-0.055392392	0.05385504
-0.03577842	-0.057604317	0.059583094	0.021647444	-0.042443153	-0.026775323	-0.03017649	-0.014042119	-0.0544013	-0.022542518
-0.02353011	-0.06215713	-0.011700345	-0.056112334	-0.0058180117	-0.02055254	0.054860257	0.0024505388	-0.040688362	0.04037017
-0.041230083	-0.0013971551	0.010414656	-0.067265645	-0.055725638	0.015852213	0.017212372	0.01355677	-0.038382087	-0.011892755
0.042891745	0.018799338	-0.0019144961	0.01490805	-0.03386188	-0.013964706	0.05795565	0.05562288	-0.037106052	0.03515006
-0.0534441	0.012126925	-0.022364408	0.035684455	-0.037586685	-0.009451481	0.049518835	0.04946217	-0.03014342	0.043814167
0.05031809	0.049693044	0.024562161	0.044417527	-0.00056352664	0.022239737	0.012337658	-0.02704821	0.03122895	-0.0441729
0.028356824	0.022272931	-0.024711464	0.013985761	-0.023676177	-0.026638148	0.0197074	-0.0058787214	0.026025746	-0.015659785
0.024476357	0.02462739	-0.053789474	-0.033046693	-0.017375784	0.054335903	-0.008347139	0.011584843	0.032074973	-0.05551857
-0.05107399	0.01105443	0.03718915	-0.029728217	-0.03589166	0.011658171	0.046288677	0.012554452	-0.0086410595	0.030440498
0.020218974	-0.01251305	-0.033156414	0.058836054	0.01551957	0.048798803	-0.017240621	-0.02185818	0.06324858	-0.008705626
0.018409602	0.026526133	-0.0011083027	0.034068152	0.022405189	-0.019414643	0.05665348	-0.03890919	0.02021074	0.017010283
0.037649825	-0.016867781	-0.050766174	0.031901754	0.0461468	-0.019150289	-0.04848642	-0.04899624	0.025007086	-0.020033194
-0.00078306923	-0.04933474	0.0059036887	-0.018278444	-0.01610529	-0.03210261	0.041324202	0.053600408	-0.040857878	0.008756557
-0.035868015	0.008667554	0.0033499317	-0.06751281	-0.010162818	-0.023670776	0.02628082	-0.014297081	-0.009618397	0.053373475
0.040288478	-0.03678672	-0.037917532	-0.052045178	-0.028999079	0.023059534	0.0015030702	-0.03855515	0.022801707	0.023677815
0.039125502	-0.009598986	0.05481039	0.025293875	0.019484581	0.03862063	0.005032206	-0.016750954	-0.014258499	0.03977143
0.012511745	0.05180235	-0.05394189	-0.025828578	-0.0055517904	-0.0034802454	-0.047528647	-0.016653247	0.014940337	-0.0128778815
0.03802446	0.053130873	0.016180657	0.020951057	-0.018329768	-0.027518872	-0.0652473	-0.07094394	0.032094643	-0.052914828
0.03214158	-0.01182555	0.025916183	-0.04342506	-0.022682644	0.00060568424	0.012479379	-0.023174925	0.042812593	-0.053747393
-0.03801116	-0.02427344	0.06500832	-0.029714294	0.0032048682	-0.01633058	-0.011841224	-0.015913727	-0.00061963877	0.027437644
0.0503702	0.015949996	0.019471908	-0.039989054	0.0029303704	-0.041645605	-0.041277055	-0.013798564	0.0437996	0.012164003
0.048472665	-0.031647	0.00039402817	0.0039024155	0.015610074	-0.01675029	-0.041226413	0.03502186	0.0075895083	-0.009831368
0.04582098	-0.022327615	-0.034191478	-0.009686302	0.021769138	0.0028517458	-0.052502442	-0.05543737	-0.00093945477	-0.019139854
0.026223576	-0.045099676	0.03126624	0.04303948	0.032604422	-0.014632667	0.008679133	-0.00025256225	-0.04075012	0.019376706
0.044201452	-0.02254762	-0.03488118	0.009451649	0.059646882	0.020694746	-0.026169645	-0.037815608	0.034052406	-0.021750364
-0.002960546	0.06047968	-0.04736485	-0.004335953	0.005362616	0.019421393	-0.025878662	0.010770023	0.03084259	-0.05325215
-0.015191931	-0.03969038	0.010532631	-0.016716415	0.03808727	-0.0046487045	-0.030889753	-0.02728165	-0.02053377	-0.049885564
-0.004604013	0.041544005	-0.048311297	6.06175e-05	0.00369663	-0.0032507107	-0.058912065	0.0046228706	-0.032935403	-0.049149483
0.052452747	0.041789375	-0.06308622	-0.0047423253	-0.025516175	0.06642973	-0.024082428	0.021734683	0.019454267	-0.048831172
-0.03534224	0.035854865	-0.003383112	0.020049358	0.051236868	-0.010902991	-0.0021120445	0.0017376136	0.0030886098	-0.02659754
0.027243095	-0.02178787	0.030148966	-0.012596916	-0.048316743	-0.027759345	0.031728532	0.0006091223	0.009166974	0.033776194
0.0136071695	-0.0076225386	-0.0059024394	-0.060370833	-0.056499135	-0.011342107	-0.02343165	0.0697704	0.0013242277	0.022941971
0.019616105	-0.057751216	0.05125796	-0.03938718	-0.038607914	-0.06455629	0.039402273	0.033602316	0.007795094	0.0136078885
-0.021666469	-0.06458108	0.06555699	-0.06264154	-0.050972708	-0.03978083	0.010313299	-0.030462513	-0.026063263	-0.03177655
-0.058432322	-0.004725818	0.049125344	0.018842092	-0.01941845	0.025404757	0.040583648	0.057104092	0.0065471064	0.011938009
0.028339162	0.016525898	0.009877692	0.03585848	-0.02799346	0.04650416	-0.017196681	-0.03718814	-0.028588513	-0.019127944
-0.04623335	0.004168164	0.032258045	0.010409888	-0.034124177	-0.016262535	-0.031977836	0.0047102333	-0.027887275	-0.018705098
-0.03433356	-0.059792913	0.015919853	-0.047082897	-0.036193874	-0.057293475	0.022822078	-0.0123347305	-0.017333986	0.06397914
-0.040738374	-0.00018648169	-0.02517997	0.020031832	-0.0011023047	-0.045362867	-0.0351134	-0.0068673864	0.013702747	-0.051943105
-0.011064503	0.0059281094	0.006822581	0.040953707	-0.042206928	-0.012421235	-0.022754857	-0.013272971	-0.052453194	0.02672084
0.03674332	-0.059327893	-0.028060284	-0.009186456	-0.058473162	0.027084025	0.02356776	-0.024304997	0.038817927	0.047491822
0.038406394	0.020538509	-0.026897432	-0.005079242	0.007751947	0.0010398004	-0.040269278	-0.064152844	0.048820812	0.008079953
-0.015923448	0.027889173	-0.02929812	-0.01868028	0.022990132	0.026406951	0.009593423	-0.036132306	-0.0070435675	-0.06212761
-0.039312456	-0.01717018	-0.0027675652	0.051255234	-0.013191568	0.0148423975	-0.055172626	-0.04662668	0.010329176	0.024770778
0.012933735	0.014524589	0.06529732	-0.016685324	-0.0026952927	-0.0004651582	0.0111598745	0.046740975	-0.026706744	0.005580677
-0.01799521	0.022360444	-0.0038333433	0.024699012	-0.012000984	0.013967062	0.012169214	-0.0017668791	0.0073418217	0.009831389
-0.01771711	1.7417133e-05	0.009186607	0.014261747	0.02238603	0.013389892	0.044799566	0.008789239	0.030128773	0.030722968
-0.023872197	0.025837772	0.027125895	0.056855418	0.03873606	-0.006676168	-0.008966545	0.012140714	-0.022884302	0.011221857
-0.025304982	-0.021511672	-0.04307117	0.06960941	0.05925246	-0.019998124	-0.0093778325	0.01628993	0.024246855	-0.01122953
-0.02573185	-0.013998936	0.0036609364	0.010222446	0.025725441	0.0022073518	0.026928717	-0.0048749135	-0.010978398	-0.03444944
-0.053158037	0.030351419	-0.01262663	0.006766502	0.03408411	-0.039925918	0.04455201	0.04450675	0.024446046	0.0050674793
0.06354128	0.030388404	-0.011203957	0.02954956	0.015949562	-0.01882613	0.017617844	-0.027627688	-0.01085375	-0.03148608
-0.032135345	0.03773367	-0.03591053	0.013215886	-0.04297626	0.042316932	0.009206344	-0.031158883	0.021655418	-0.011894735
0.022372382	-0.025720743	0.047429293	0.016302926	0.026377918	-0.017586458	-0.017296286	0.056019895	0.008350256	-0.017177915
0.0019647419	-0.0022367141	-0.06505308	0.0626212	0.016612735	0.060445808	-0.020000929	-0.013782434	0.0127089	-0.042663876
-0.0075710085	0.002819359	0.05563562	0.025953654	-0.02609682	-0.058756422	0.03498208	0.031093571	-0.035753306	0.027048977
0.044406094	-0.029280523	-0.046700414	0.042506527	-0.018692182	0.032545764	-0.0044922153	-0.0056601088	0.06216809	-0.0400826
0.022492046	0.038719863	-0.0026766185	0.061353266	-0.007813086	0.031008603	-0.046747323	-0.05374866	0.03792751	5.7332207e-05
0.058932837	0.020386735	-0.025167622	0.040074617	-0.013014609	-0.0009634443	-0.030503416	-0.001328389	0.03112942	0.01068978
-0.04415819	0.0013643976	-0.0318784	-0.009562435	0.00400687	0.03141194	0.04140463	0.019228196	0.0061604967	0.025427474
-0.0137995165	-0.015985811	-0.041534785	-0.019723447	0.0103186425	0.0364243	0.014861809	-0.014908383	0.036065057	0.020403797
-0.011702485	0.045760702	0.027692107	-0.008699063	-0.033509016	-0.026378505	-0.045448355	-5.6341123e-05	-0.0012409826	0.002159061
0.04984965	-0.0060584014	-0.03653162	0.031109765	0.0013892956	-0.03119411	-0.035384525	-0.042954903	0.02569664	0.017854871
0.033372544	-0.032607548	-0.031285815	-0.033521634	-0.03867754	-0.015483387	-0.0076402943	0.05027218	-0.02012987	-0.037466176
0.027086532	0.0034780991	-0.05781151	0.008673777	0.0015094153	0.026956402	-0.0036622228	0.010004958	0.0021185477	0.018378016
-0.05309685	0.032618936	-0.023353696	-0.04366258	0.01893362	0.03280436	0.013344332	0.0035413913	0.026857702	-0.035332605
-0.05539213	-0.02766921	0.043626375	-0.038728338	0.013326771	0.018145649	-0.013525006	-0.0034246442	-0.0009211899	-0.04132937
0.027489582	0.03204197	0.030995917	0.021509616	-0.031321835	0.0003229142	-0.025981104	0.007944545	-0.015061284	-0.0002964549
0.0046452	0.035960615	0.046581298	-0.043783627	-0.006709121	-0.05613995	0.010673806	0.01477386	0.0018155937	0.010819774
-0.034376647	-0.05683282	-0.025290675	-0.01972068	0.021144988	-0.05558624	0.002194687	-0.008732123	0.021638528	0.0068686847
-0.057242032	-0.0046487525	0.03894482	0.0046642483	-0.022647703	-0.010715749	0.03723842	0.023048151	0.028603017	-0.010479333
-0.014148887	-0.02829736	0.008895534	-0.053386897	-0.03357533	0.00020501991	-0.03415411	0.009289145	-0.023706252	0.0579283
-0.004906887	0.004028369	0.040333543	-0.038955115	-0.02976025	-0.00220777	-0.044029154	0.041822918	-0.028647624	0.0270451
0.045559943	0.0076755276	-0.044727158	-0.021022225	0.020799736	-0.0044041784	-0.035820458	-0.06817444	0.020781005	-0.06514039
0.06528879	0.0071336376	-0.067521796	-0.011925818	-0.0076625557	-0.021336626	-0.006504453	0.0010440195	0.054494213	-0.012533468
0.04014387	0.03498933	-0.041773573	-0.0038529017	0.011071851	0.04142003	-0.040662088	0.041820228	0.015057246	0.024583692
0.019408414	-0.064700305	0.059674	-0.053318247	0.00028717137	-0.016280763	-0.028295374	-0.0009294572	-0.025207782	0.047046885
0.014809467	-0.019286381	-0.044911787	-0.0046590087	0.017322974	0.0028019664	0.010256989	-0.028428854	0.023851389	-0.001534037
0.006878136	-0.019258736	0.05986677	-0.009651032	0.023297645	0.020966785	-0.0077188932	0.05138727	-0.0021536562	-0.030474525
0.023195043	-0.047037337	0.028457409	-0.04898086	-0.064956464	0.022503354	0.02666504	-0.0011084196	-0.059882518	0.03678308
-0.01785541	0.054268282	-0.05372742	0.053557545	0.019865664	0.037253927	0.020569503	-0.059981205	0.015548083	0.011655479
-0.04285968	-0.06508044	-0.015006655	-0.017925179	-0.0022512567	-0.024531739	0.0546171	0.022599906	-0.045428596	0.060900412
-0.011126431	0.004868738	0.014018597	-0.0073517635	0.05164213	-0.027211163	-0.034223586	0.01689204	-0.004750461	-0.028526897
-0.017699027	0.05407775	0.0062919264	-0.010373743	-0.013366213	-0.028103516	0.020413881	0.03161923	-0.021738842	-0.016599724
0.05346405	0.07104219	-0.06177348	-0.02002828	-0.016495897	0.055292003	0.0053315656	-0.026470177	0.022685457	-0.036151964
-0.044825807	-0.009370084	-0.030886915	-0.05317561	0.038327776	0.034550883	-0.023765113	0.035428625	-0.0568541	-0.044404387
-0.008252874	-0.0008293463	-0.01243482	-0.038119454	-0.033962607	0.0074117696	0.014869119	-0.0059366534	0.029872537	0.03398553
0.010637499	0.02683739	0.01142214	-0.054672454	-0.003585306	-0.05381972	0.029839419	-0.018154727	0.023008984	0.05922893
-0.032961123	0.033798087	0.049376696	0.0102817835	-0.020968148	-0.048319273	-0.00440151	0.045534905	0.03787461	0.012220968
0.03755567	0.0069818804	-0.023476489	0.048617497	0.055881593	0.034380127	0.0013292962	-0.06674919	0.0017417807	0.012573356
0.016490186	-0.033310156	-0.004660245	-0.032825038	0.031044343	0.031235097	-0.0012634931	0.036069132	-0.0031392032	0.0076058907
0.047665097	0.06786657	0.010569536	0.04425109	0.05071324	0.05886172	-0.02094029	-0.043530516	-0.025463779	-0.056848884
0.029327445	0.037515406	0.030023709	-0.042401377	-0.025091574	-0.021143008	0.027267354	0.051761534	0.01806405	0.047769006
0.025096819	0.047551	-0.0023552913	0.045241497	0.0064017186	0.00981157	-0.038498245	0.004222888	0.01314992	-0.037419282
0.022353644	0.021572405	0.045456085	-0.008590913	0.04119628	0.0014049376	0.063874304	-0.017187776	-0.0087800585	0.043071434
-0.029143738	0.015064701	-0.014572314	-0.020063257	0.042922992	-0.011820047	-0.025326522	-0.017602757	-0.036765583	0.017814107
-0.042878415	-0.01875164	-0.03266507	-0.022258678	-0.037917968	0.037318718	0.036142696	-0.017520925	-0.04713837	-0.03561161
-0.04879381	0.019184723	0.03969536	-0.05113119	-0.035119466	0.02126262	0.00877673	0.001747692	-0.05124237	-0.03605411
0.036321428	0.0009934359	0.008645156	0.01443634	0.020068241	0.044260763	0.049558863	0.034239277	-0.05400052	-0.03408999
-0.036434248	0.039659988	-0.02068348	-0.039712124	-0.04852606	0.03967704	-0.017192448	-0.015749687	-0.006935648	-0.021441437
0.040486455	0.039302412	0.0074194083	0.014015478	-0.050345108	-0.023584567	-0.021578675	0.04953381	0.009100139	0.056123063
-0.008374977	0.03941931	0.01747532	0.004048099	0.044429276	-0.02072557	0.0035046048	0.025121309	0.039722733	-0.026085867
0.031090414	-0.019816803	0.008926241	-0.03271232	0.052186783	-0.025492573	-0.03686978	0.03621644	0.015319304	0.01193479
0.03345003	0.012254986	-0.03081124	0.036746327	-0.018321276	0.03435407	0.015099374	-0.015320136	0.06754893	-0.068738826
0.028634952	0.033296548	0.011717421	0.061074007	0.06366763	0.04240589	0.030694988	0.012889045	0.05258152	-0.047586046
0.047874983	-0.02230132	-0.035318665	0.044459198	0.021362007	0.009822304	0.0062267394	-0.046260886	0.03270536	0.020721288
0.006586462	0.022388175	0.006279269	-0.059992634	0.008569806	-0.04797591	-0.006422838	0.056642395	0.026116395	0.01398639
-0.012277415	0.0027235518	-0.014776898	0.012788143	0.060597733	0.027712248	0.026512444	0.032227226	-0.022442548	0.026086861
0.045897562	0.042057347	0.0062246947	0.063832976	0.02957472	-0.012600429	-0.014630313	-0.014506163	0.036172643	-0.058602776
-0.023441898	-0.031026907	0.03560732	-0.051755846	-0.04103976	-0.02204285	0.057788562	0.015445728	-0.028611653	-0.024907237
0.0030897297	0.0444345	0.0009930225	-0.04460431	0.01279829	-0.026537051	-0.013375723	-0.04638083	0.03162356	-0.049987923
-0.03276682	0.04927366	0.034724716	0.055292107	-0.01879073	0.039131008	0.0056396616	0.017529355	0.039428506	-0.010292666
-0.029422626	0.012527776	-0.03937051	0.00624466	-0.0014005554	0.023108214	0.002808846	-0.0069416063	-0.018463913	0.01357297
-0.0017644926	-0.0072397157	0.03152645	-0.022573574	0.048932716	-0.030008027	0.028369913	0.032008205	0.031715423	-0.041550793
-0.003914784	0.012870629	-0.005236823	-0.014119762	-0.012140872	-0.063989066	-0.024947748	-0.018242396	-0.04540471	-0.009072046
0.020067561	0.02455848	0.047624756	0.013535867	0.04363051	-0.04209976	0.006760326	0.048330907	-0.01676968	0.002153052
-0.035168577	-0.007388863	-0.01940638	-0.0074692406	-0.060339887	-0.05220683	0.013065927	0.06928788	-0.04839906	-0.0016861865
0.016961131	0.016937153	-2.8748746e-06	0.052678782	-0.034435526	0.054785464	0.014632435	0.034132563	-0.034381576	-0.04033065
-0.054554768	-0.04084928	0.06414246	-0.045993727	0.02854059	-0.0512723	0.020603519	0.05888229	-0.002194055	0.046900608
0.011618121	-0.016832415	0.050171647	-0.0058201533	-0.02852839	0.0016144128	-0.019153485	-0.025172897	0.029773757	-0.013902096
-0.053788304	-0.031833068	0.0077888374	-0.0501756	-0.026142005	0.044950932	0.017888663	0.037017953	0.028269818	-0.027442181
0.011780843	-0.0061208652	0.0037260342	0.056214377	0.0064526703	0.047032677	-0.041745204	-0.004070595	-0.0056434316	-0.056307774
0.04051971	-0.017614339	-0.00511822	-0.028681865	0.05189456	-0.015013013	-0.005723419	0.024821937	-0.006914936	0.017300162
0.009806892	0.01618973	0.010895242	0.002789351	0.025015928	-0.018734764	-0.010254511	-0.041079395	-0.028133204	0.009504634
-0.010898677	-0.005430406	-0.06754615	-0.0015437992	0.061595555	0.01756959	0.02946704	0.004186615	0.009331386	-0.037064124
-0.003840959	0.032750264	0.0125547955	-0.010346717	0.036625177	0.00849596	0.011466068	0.014134049	0.013468479	-0.016798526
0.023664458	0.06475933	0.030426767	0.029715173	-0.0258151	-0.006156045	-0.062846184	-0.025904285	-0.029825151	-0.06359179
0.040684346	-0.028277311	0.03159946	-0.028607156	0.025536193	0.011829793	-0.0046092276	-0.021666218	0.030487623	-0.035321977
-0.042845536	0.016040947	0.0638339	0.02101747	-0.05136429	0.02207032	0.023462793	0.063394286	-0.042407334	0.04448075
-0.015277729	-0.027022567	0.03346008	-0.0204201	-0.029184876	-0.034138925	-0.016758837	0.06260549	-0.0016791822	0.047864933
-0.030583447	0.018926239	0.04455193	-0.04515949	-0.034658704	0.009676811	-0.01312397	0.009558993	0.0006273761	0.009250585
0.042335186	0.0156131005	0.029296255	-0.034412257	0.039050173	-0.040127087	-0.015917724	0.010180919	0.03874019	-0.036295734
-0.07254246	0.020411368	0.0015333131	0.019718168	0.027056457	0.026340146	-0.006356049	0.033718552	-0.03300452	0.003665467
-0.031541113	0.03970055	-0.0033912072	-0.011711538	-0.041844003	0.02949108	0.018331878	-0.025009321	-0.017839495	-0.029672347
0.004980157	-0.028728642	-0.0072089317	0.018728245	0.036886524	0.033348355	0.029292881	-0.004613099	-0.012163802	-0.038134947
0.006571746	-0.0071475264	-0.03574824	-0.04400131	0.049383555	0.0169768	-0.048155226	0.00336074	0.04808125	0.00029970982
-0.020449117	-0.057419393	0.0313807	-0.065663874	-0.0024246948	-0.036802895	0.0095799565	-0.025024973	-0.053960506	-0.029411763
0.028632358	0.056563307	-0.030166378	-0.016980274	0.0011078385	-0.01609586	-0.057366423	-0.038013596	0.013861247	0.008536077
0.03413623	-0.02013773	-0.051598623	0.02001021	-0.004689361	0.046906363	0.019166688	0.0064857258	0.011767685	-0.07058354
0.06093162	-0.018683191	0.020543128	-0.03289885	0.023400418	-0.016071118	0.008715199	-0.05087141	0.011197062	-0.044726525
-0.0055884263	-0.0112245325	0.051688522	-0.05094344	-0.051493768	-0.032981608	-0.018930903	0.0058068745	-0.064059235	0.026918778
-0.004064508	-0.05647135	-0.010057678	-0.03206696	-0.054459736	-0.05042687	0.03835615	-0.035794694	0.0039177956	-0.023154795
0.06941787	0.036259796	-0.041055936	0.047652483	0.048467062	0.06411339	-0.06557961	-0.0327313	-0.001766844	-0.06996595
0.010781761	-0.025327282	-0.009650294	-0.009159094	0.027498143	-0.035896216	0.04031052	0.060880274	-0.01050758	0.02900672
-0.030391341	0.04086017	-0.011878133	-0.012215672	-0.033561964	-0.02414832	-0.028983055	-0.0060479348	-0.025149481	0.034305997
0.010439645	0.011621401	-0.025663402	0.057312895	0.021989182	0.02958013	-0.04076586	0.008934287	0.0004663143	-0.027213642
-0.008525666	-0.0075367102	-0.022143712	0.016995912	0.030709334	0.044436056	-0.04663994	0.017058391	0.019871175	-0.0048217596
0.028538967	0.03337902	-0.033715725	-0.053766385	-0.010813211	-0.016955541	0.056245048	0.054567482	-0.0077052363	0.033312883
-0.031439308	-0.061190195	0.02027108	-0.057559084	-0.05249779	-0.06244963	0.010839416	-0.021453185	-0.046511803	0.010989006
-0.0020397918	0.041832957	0.039376963	-0.030462056	0.0032770475	0.021066997	-0.053379174	-0.00075053115	-0.020325737	-0.04689848
0.05390513	0.05031315	0.037010264	0.012753465	-0.002012796	-0.036151286	0.019608842	-0.031433202	0.002432984	0.0063276673
0.03688897	-0.02362205	0.04653776	0.02208061	-0.045696955	0.045995142	-0.035485048	-0.041111454	-0.045179963	-0.039921574
0.04555015	-0.024254013	-0.04490863	-0.030639727	-0.050116826	-0.04163121	-0.03517668	0.0054431735	-0.046489444	0.0116832005
-0.0051402287	0.006732694	0.033421334	-0.03244566	0.010466371	0.05038968	0.0057012904	0.025869476	0.017377721	0.0398721
0.011197223	-0.012673673	0.023219945	0.012068297	0.02118577	-0.040844813	0.040552806	0.061479382	-0.048921563	-0.0124900965
0.041226998	0.04615073	-0.046046745	-0.00037502765	-0.03684159	-0.047944568	-0.010402075	0.052447494	-0.03532698	-0.023687316
0.009820026	0.026753685	0.016876884	-0.0048300135	0.071911305	0.049693227	0.020824537	-0.035852127	0.0033825429	0.00024569023
0.034164097	-0.032180782	-0.0361284	-0.0010611049	0.039262384	-0.0325536	0.03855904	0.030353777	-0.03637616	0.050759472
0.037711043	0.025305679	-0.033714082	-0.013146825	0.04644461	0.035727922	-0.03491111	-0.026937928	0.06809896	-0.023306873
-0.039101977	-0.06441063	0.057426773	-0.026576586	-0.06305964	-0.063412264	-0.029108921	0.019997422	-0.02793769	-0.022968557
-0.0073304754	0.025979022	-0.0055991146	0.030763622	0.035274614	0.034459222	0.045202415	0.018614132	0.029907564	0.034371197
0.022531802	0.014399192	-0.036777634	0.024091294	0.024891928	0.038446732	0.0012080097	-0.018693464	0.015815254	-0.03667889
-0.021803776	-0.0017160958	-0.006121921	0.0027868228	0.032841537	-0.03755242	-0.00887351	0.025454672	0.025045142	0.020069787
0.032898545	-0.035213675	-0.024707135	-0.026227016	-0.007102889	-0.016116664	-0.024903929	0.010544156	-0.0039343024	-0.0141515685
-0.0038230785	-0.012018561	0.0393539	0.00079392956	0.026909925	0.026553398	0.0023389282	0.02188253	-0.016300283	-0.012289379
-0.005492815	0.026431829	-0.005909985	0.002467527	0.02380183	0.008895469	-0.006784568	-0.0012936541	-0.023709249	-0.023075195
-0.006994253	0.03417672	-0.00509545	-0.02977745	-0.0172251	-0.058616627	-0.021080337	-0.02854134	-0.02171369	0.040773626
-0.01205475	0.008953936	-0.006650639	0.0041369274	0.040652048	0.020116558	-0.054798454	0.012399912	-0.009966113	0.024306143
-0.013420483	0.048545916	-0.06242872	0.012485926	0.046352368	-0.01892436	-0.009434969	-0.0017276637	-0.0017385999	-0.03900427
-0.02497899	0.04111345	-0.07061096	0.05699366	-0.007880829	0.019162102	0.018380808	-0.021318072	-0.0084019005	-0.03208303
0.0039868336	-0.0107428655	-0.028813371	-0.0070957383	-0.0034438113	-0.012283379	0.02536786	0.025919177	0.0019813883	0.0020237581
-0.01915035	-0.017338114	-0.005447399	-0.06377081	0.007992534	0.012508392	0.007974093	-0.024421105	0.010645954	0.020320816
0.041504793	-0.00734425	-0.017724542	-0.028263938	0.004427897	-0.0053460374	-0.010282697	-0.007331604	0.0154156275	0.003798652
-0.045816585	-0.006183996	0.04182827	-0.008397105	-0.05380158	-0.007063636	0.049204882	0.05655841	-0.020277765	-0.027962307
0.046687268	-0.022765553	-0.0117470855	-0.04353689	0.010001094	0.02910105	0.03994092	0.02278388	0.036542695	0.0014465335
-0.004731616	-0.038227636	0.06430051	-0.06370489	-0.014365356	-0.046091545	0.047629006	0.06579504	-0.008583632	0.038691893
0.010479599	-0.059225164	-0.0185713	0.016525298	-0.06008428	0.019126212	0.047610793	0.060891777	0.018847063	0.0401085
0.03920209	0.020859895	0.00041956597	0.04127795	0.043669082	0.050370548	-0.00041202985	-0.010989356	0.0072252993	0.028883487
0.008215401	-0.009523835	0.019989565	-0.025563791	-0.042155206	-0.039976202	0.042739425	0.03550463	-0.039052445	0.019986233
-0.009673365	-0.036515888	-0.016485723	-0.03510561	-0.009542965	0.01673235	-0.031279493	0.04021269	-0.044099007	0.018249273
-0.010615071	-0.0011458088	0.0201923	-0.0395138	0.031865377	0.009067685	0.027339464	-0.0015547281	-0.026042692	0.0007326488
0.06896162	0.050445635	-0.011951473	0.0038041193	-0.01540925	0.025616841	0.0065336255	-0.061810695	-0.017751267	-0.040058535
0.012940854	0.06546018	-0.0053415303	0.0015994622	0.035054065	0.033082258	-0.027306907	-0.008442476	-0.010422709	0.0026142967
-0.025878465	-0.016271302	0.010110396	0.009950983	0.050458945	0.016150808	-0.02325967	-0.05229711	0.045581073	-0.0073439223
-0.009429287	0.058013123	-0.01398032	0.06184663	-0.022479942	0.03606311	-0.030569404	0.026099604	0.06211428	-0.005791074
-0.026567386	-0.06576584	0.0054992246	0.0031671703	-0.053378817	0.014747166	0.038906522	0.0559552	0.008593464	0.057598107
-0.003920314	-0.022642268	-0.017749572	-0.022326015	0.0070692534	0.0036889308	-0.006276664	-0.0134035405	0.048131198	0.034893703
-0.035035457	0.009176103	-0.054806367	-0.009841759	0.03984603	-0.023587361	0.0037841983	0.024454305	0.05305557	-0.01433997
-0.022601577	0.022541596	-0.0072518536	0.017908193	-0.019721992	-0.024221916	-0.0012237475	0.046368822	0.04234908	-0.025378065
-0.060601927	0.0012215911	0.024502397	-0.043794625	-0.015987532	0.007388598	0.014338948	0.039447006	-0.049582567	0.0011196339
0.0071906196	-0.027916443	-0.0018791474	0.017635811	-0.049720522	-0.037203237	0.032000486	0.01719993	0.006994643	0.009000931
-0.052951522	0.0108256135	0.022270702	-0.041606165	0.039432	-0.035648465	-0.042277515	-0.035072997	-0.02131135	-0.028761039
0.018096933	-0.047516193	-0.0022976203	0.026158772	0.03865694	-0.03945368	0.042099625	0.037808124	-0.0458576	0.032789905
0.047300886	0.017354429	0.032687258	0.02378154	-0.02349404	0.0013450014	-0.05599468	-0.012787236	-0.022055183	0.011821042
0.027836394	-0.025978157	-0.018768782	-0.029137596	0.061607502	0.026000448	-0.034801885	-0.0060002333	0.050126303	-0.00665474
-0.0075204615	-0.023346977	0.027940037	-0.004841679	0.028665917	-0.00095485465	-0.027725706	-0.012368556	0.03985042	-0.024298193
0.012231543	0.024352362	-0.011903866	0.018040748	-0.013438174	-0.01221574	0.036252573	0.013091666	0.0051447786	0.040519696
0.0053546536	-0.02236662	-0.025378453	-0.042915758	-0.056043997	-0.065617345	0.029501751	0.05382102	-0.063107744	-0.0215965
0.0626582	-0.021900252	-0.017032709	0.01803059	0.018717915	0.020673634	-0.027627695	0.010411507	-0.023315921	-0.060002834
0.05399682	0.040421262	-0.02828335	0.019854981	-0.0148971	0.0056694234	-0.008955516	0.021582088	-0.0055595976	0.006504288
0.011757841	0.006369978	0.03462196	-0.0012171132	0.005293915	-0.021848546	-0.010602357	0.031128895	0.03017567	-0.008000689
0.005112257	0.031957656	0.0030246435	-0.0072473437	-0.028021524	0.004677116	0.0087551195	0.0073068584	-0.03511787	-0.009249529
-0.021886338	-0.019175144	-0.004791402	-0.036157217	-0.035995707	-0.023600454	0.019834217	-0.045815565	-0.007618444	-0.019135976
-0.00742159	-0.06853511	0.062879406	-0.062969185	0.0007686078	-0.043224744	0.03566822	-0.025240013	-0.061144978	-0.020510955
0.054151464	-0.014529391	-0.04559571	-0.00071030256	-0.019227492	0.04710997	0.016069654	-0.038668472	0.050043933	-0.062337838
-0.021791343	0.018443536	-0.02578639	0.00893758	0.006264783	0.020282218	0.03951827	0.024849685	0.03497753	0.030109568
0.013683496	0.025233986	-0.021203186	-0.0024481285	-0.006159218	-0.004801871	0.047089137	-0.04305133	0.03207939	0.00822154
-0.010264373	-0.036608305	0.023816261	0.02330268	0.022866031	-0.022194052	-0.025668263	-0.028267961	0.0018545998	0.03558826
-0.0194211	-0.0058896285	0.0042671426	-0.022927776	-0.058901623	0.037939955	0.0147016775	-0.014095329	0.004082065	-0.037530098
-0.007305651	-0.025291769	-0.054624055	-0.012847736	-0.015235582	0.043785077	0.031457614	-0.026692221	0.03625042	-0.06051717
-0.0027388837	-0.008900828	0.018212968	0.033642605	-0.026450034	-0.012101793	0.052438956	0.038115412	-0.04566979	0.011171212
0.06695125	0.030600823	-0.0580256	-0.024141818	-0.012018992	0.04631487	-0.0003158839	0.029607302	0.042216703	0.03360507
-0.047591127	0.034033835	-0.03297207	-0.052976307	-0.0198097	-0.028663155	-0.025160557	-0.0073589156	0.005130126	-0.018161226
-0.015820945	-0.030797902	0.042342767	-0.0038046418	-0.035152778	0.03476452	-0.022175884	-0.035086207	0.04920784	-0.009362545
0.03777454	0.022178821	0.058918424	0.006715855	-0.024961175	-0.05776951	-0.027889151	-0.011876568	-0.047330413	0.055401426
0.025578381	-0.016546959	0.0095079085	0.0035127676	-0.055730384	0.009638415	-0.020384453	0.054470345	-0.012819363	0.021211583
-0.022486465	-0.025930712	-0.022337822	0.051943168	-0.027393993	0.06111855	0.0034935232	-0.063892536	-0.007644455	0.00546965
-0.051143475	-0.026189892	-0.029144166	-0.024994751	0.028542452	0.035118174	0.024639957	-0.027863536	0.012498658	0.0459066
-0.042810954	-0.0145479655	-0.028923921	-0.02416216	-0.043207448	0.0025253578	0.045074802	-0.014835035	-0.006600657	-0.040299617
-0.058453236	-0.041245315	0.057045385	0.03285049	-0.04059352	-0.04011836	0.0551967	-0.0009163806	-0.02214174	0.046892837
-0.00787825	-0.05674431	0.03267661	0.028659493	-0.029616866	0.018279126	0.027790464	0.018730564	0.019739414	0.030484172
-0.012864527	-0.011416797	-0.027297817	0.0459274	0.018978398	-0.034410972	-0.029343138	0.04824183	-0.008715546	0.01319031
0.05604195	0.057075057	0.0036939946	0.025411258	0.067429416	0.008926036	0.003303142	-0.068105854	0.010313984	-0.012751398
-0.025976818	-0.020563722	0.03201625	0.033920072	-0.022057071	0.001925213	-0.028928284	-0.03073392	0.050090518	0.03970013
-0.006400785	-0.010798464	0.03758063	0.009484927	-0.048916906	-0.036118686	0.021364534	-0.012509509	-0.031619854	0.0428406
-0.01820697	-0.006958636	-0.043992907	-0.004539116	0.034824684	0.010127296	-0.01726873	-0.05732442	0.018649101	-0.0651198
0.016292196	-0.008618012	-0.04625698	0.05539267	0.043726325	-0.008209798	-0.03801997	-0.01945126	0.051996768	-0.015267315
0.033081546	0.032147378	0.047642134	0.009060216	-0.04286298	0.00049281324	-0.061256826	-0.01740335	-0.021217562	0.008765395
-0.04346282	-0.0020392986	-0.005881093	0.006307023	0.029287137	0.01922747	0.040644944	0.042802785	0.0120133255	-0.03725824
0.018704545	0.019147834	-0.034694813	-0.025045274	0.011091194	0.01896719	-0.013582909	-0.009459273	-0.018115517	-0.032548904
-0.012114716	0.015592349	-0.033922013	0.030871015	0.035684165	0.057647422	-0.018418925	0.011903072	-0.024647146	0.0012494549
0.010047701	-0.028773535	-0.015961211	0.038145088	0.061611183	0.021582527	-0.024041833	-0.04111859	0.04853619	0.026408222
0.05625683	0.03352541	-0.013604557	0.014428926	0.060810722	0.00739173	-0.02392631	-0.056342762	-0.012220361	0.012071221
-0.005670739	0.042672276	-0.0047700163	0.05610657	0.003392278	0.050842904	0.010963699	-0.0051175957	-0.002348447	0.028696965
-0.03313119	-0.047259968	0.017730666	-0.03829039	0.012573615	0.034841735	-0.029754717	-0.036978286	-0.024869561	0.0010176534
-0.039821934	-0.0367818	-0.039682988	-0.013778883	-0.03221806	-0.055877887	-0.030243168	-0.027667455	0.0228584	0.049177475
0.008892151	-0.050148737	-0.012098725	-0.039328568	-0.039177623	-0.039494537	-0.018312352	0.038609434	-0.022633145	-0.029442742
0.03383047	0.054288182	-0.015917443	0.010057085	-0.0059483256	0.03506774	0.034474418	-0.052826807	0.053089626	0.023988053
-0.069758974	-0.036351472	-0.02061903	-0.06350993	-0.045108356	0.0008404245	0.036518972	-0.002889282	-0.04732127	0.033478364
0.0471686	-0.021985635	-0.044377226	-0.043390628	0.02741902	0.01625706	-0.0006067206	-0.026677104	0.026052887	-0.03475251
0.035838153	0.02199231	-0.005041424	-0.037694085	0.027612587	-0.040161457	-0.041800186	-0.037299912	0.028085642	0.003245892
-0.027006522	-0.0056388383	0.0031012846	-0.027083537	0.03753682	0.03375703	0.033697244	0.007886069	0.053225674	-0.03372203
-0.033487886	0.02792152	0.04565646	0.0034760614	-0.04523612	0.030599918	-0.031420782	0.003233542	0.024956841	-0.034320682
0.05454512	-0.024232356	0.0062692943	-0.007872387	0.048369635	0.023746468	-0.0078072706	-0.051747434	-0.028972642	-0.024102978
0.011884559	0.053405967	-0.009894697	-0.007403616	-0.025815036	0.06492549	-0.012875582	-0.06525622	0.04262901	0.018855529
0.013776101	0.028818661	0.008121896	-0.0057777218	-0.0052276864	0.057207633	-0.00030178815	0.022952039	0.01230758	-0.061629537
0.021933341	-0.009546462	-0.03985652	0.0006361232	0.038239084	-0.05924793	0.028975848	0.05552676	0.00448776	0.0080974605
0.026679242	-0.04555346	0.022987088	-0.018203618	-0.041231494	0.032250296	-0.04367042	0.0035510613	-0.034059886	-0.017363897
0.008996602	-0.065152146	0.04082535	0.009138418	-0.036130533	0.002005082	0.02222219	0.003475047	-0.03671366	-0.028288726
0.01934314	-0.006288745	-0.048164755	0.028762424	0.058145314	0.062503904	-0.045124304	0.0065781632	0.057754826	-0.069265574
-0.034358066	0.009746692	0.013007998	-0.02252245	0.029064788	0.018098066	-0.018827269	0.050072968	-0.029483983	0.057727594
0.044024475	0.03674059	-0.033527866	-0.0021586465	-0.007647038	0.013563745	0.0036519342	-0.012803751	0.06698471	-0.015928514
0.012256282	0.011460898	0.02377648	-0.018260345	0.05741744	-0.013284874	0.017046425	0.01646111	0.035719525	-0.0016633895
0.019515777	0.03405855	0.020201802	0.028068155	-0.017529033	0.025275497	0.025133558	0.039597265	0.030122228	0.03100158
-0.018512882	0.008557612	-0.07130988	0.044848327	-0.022379424	0.06788305	0.023736784	-0.051128827	0.036291014	-0.050478563
-0.005490112	-0.029540515	-0.014373843	0.019036712	-0.02618718	-0.0031655943	-0.02481576	0.014625928	-0.017141577	-0.050097354
0.01906788	0.040612087	0.003347786	0.040768277	0.024601895	0.016797606	-0.0074258316	0.024979902	0.013686782	-0.024380103
-0.028142959	-0.07059171	-0.02375256	0.0010104156	-0.0239622	0.021183647	0.013103103	0.04001934	0.001708994	0.0492127
0.014222555	-0.02591215	-0.007104879	0.02526636	0.002946006	-0.05468022	0.007127797	0.047036685	-0.056183908	0.03698371
-0.009106079	-0.017797446	-0.021040939	-0.044717222	-0.0239535	-0.013044374	0.038002364	0.063194536	-0.0154294055	-0.021127684
0.039095465	0.004848361	0.0024781323	0.048873387	-0.012783124	0.06288377	-0.05082231	0.011671722	0.061770186	-0.025444416
0.011043577	-0.06753795	0.05212015	0.015428684	-0.053745143	-0.05723998	-0.054996468	-0.026036128	-0.0042106486	0.03473516
-0.03474277	-0.03658877	0.019153548	0.012964642	-0.03767782	0.050747555	-0.011320061	-0.047336332	-0.040725607	0.014129382
-0.02252236	-0.049870398	0.011352179	-0.01776632	-0.059902534	-0.012094514	0.041827444	-0.0039145364	0.009904804	0.049437683
0.045823626	0.032429848	0.024669994	-0.013810032	-0.027702328	0.058934912	0.0062681725	-0.023877937	0.044131868	0.003712638
-0.037662122	-0.05921447	0.011774039	-0.033568926	-0.056824777	0.00308755	0.035866372	-0.022976624	-0.02586328	0.004691764
-0.06720218	0.017526159	-0.02622825	0.0012980789	0.024435258	0.009288988	0.014808997	0.044408504	0.019419456	0.055554535
-0.05967172	0.0029807845	-0.011023378	-0.041947518	0.02194818	-0.0011998846	-0.007090218	0.049211312	-0.0014861308	-0.01964939
0.04265255	-0.016131926	-0.05853051	0.027293991	0.008816253	0.048660096	-0.02787065	-0.04829194	-0.014926984	0.021557728
-0.028480066	0.021622874	-0.052420832	0.038143538	0.05562996	0.018652799	-0.022833493	0.023388853	0.007935444	-0.06396645
-0.06881876	-0.0077711316	-0.0033669216	-0.04392874	-0.032804824	0.016653882	-0.0037318456	0.04500145	0.024767412	0.065924294
0.008227619	0.01605624	0.029454486	-0.013917442	0.041499343	0.00958727	-0.0017415694	-0.01289622	0.008896933	0.037827343
0.013592857	-0.034555368	0.00024878874	-0.018549832	-0.047695205	0.026964623	0.0044596964	0.0014507209	-0.01298733	0.0054362766
0.002918438	0.020455835	-0.02894931	0.03515346	0.034976624	0.00043911615	0.047043364	0.050541393	0.007882133	-0.03651091
-0.007201683	-0.009181194	-0.03876077	0.038457923	0.014124018	-0.035612855	-0.01518761	-0.02821997	0.018016467	-0.026919758
0.0030440064	-0.045168336	-0.021349011	-0.028313292	-0.0041056923	-0.035213422	0.026654957	0.05202066	-0.021390872	0.004249512
-0.0073662093	-0.018914621	-0.020400885	0.0010977254	0.010404547	-0.020413034	0.04499132	-0.040887132	0.040830318	0.030653773
-0.066376336	-0.020414498	-0.0045843073	-0.030448318	-0.040210605	-0.022438202	-0.036791224	0.03828733	-0.063823424	0.062182136
0.060323622	-0.027918981	0.0079498775	-0.028188637	-0.033314206	0.012963395	-0.007153535	0.0069604707	-0.02563744	0.01112034
0.0007905671	-0.0015420316	0.04764878	-0.051353972	0.008444839	0.020002628	-0.028451547	0.0027214205	-0.0450957	-0.009926177
-0.035228487	-0.024323927	0.022108708	-0.0058238166	0.01460459	0.020638471	0.04570666	-0.04250993	0.033992186	-0.023047123
-0.033799708	0.027141318	0.0099356305	0.025565565	0.04417267	-0.008394852	0.03993688	-0.03929637	0.008420438	-0.039247923
0.035131115	-0.029997222	0.050167564	0.003504078	-0.008291848	-0.026285902	-0.0038001537	0.027269898	0.0035529304	-0.02708369
-0.013416864	0.059683163	0.0065027606	0.04259741	0.039063986	-0.0020211586	-0.0072608455	-0.055643793	0.04981715	-7.45365e-05
-0.023512185	-0.034018014	0.03919805	-0.01756227	-0.07136536	-0.03830022	-0.005641975	0.046831995	-0.0040799	0.05251714
0.019288193	-0.0072715725	-0.0071234168	0.0011287007	0.034820784	0.04356049	0.021700135	-0.0036585503	-0.019240348	0.007733023
0.034182	0.016180176	0.034890164	-0.0046516	-0.028602872	-0.0012504548	0.015527668	0.03802279	-0.046383373	-0.008603624
-0.038373597	0.0042318124	-0.013524721	-0.027216673	-0.014419783	-0.034807	-0.024630828	-0.05770379	-0.010810753	-0.030073756
0.011022756	0.06996265	0.0045963507	-0.016986791	0.04071595	0.014645291	0.02019968	-0.004637882	-0.003884117	-0.048312485
-0.040703584	-0.041348528	0.01783146	-0.053868387	0.0122938175	-0.0142490575	0.015240209	-0.015891407	-0.0059284265	-0.031451482
0.018969642	0.020913327	0.068275236	0.017328301	-0.054276217	-0.029320274	-0.04594031	0.052060697	-0.010761746	-0.0028153823
0.014488972	0.04407326	0.030223474	-0.04908798	0.04268287	-0.012768182	-0.044919357	-0.044629008	-0.020005846	0.0059530977
-0.0009769733	0.06821146	0.0058483775	0.010057262	0.036049545	-0.021238415	-0.012872905	-0.0071687438	-0.0012568383	0.009441909
-0.0046515195	0.038186625	0.013367605	-0.027548267	0.026584255	-0.02029952	-0.040109936	0.023979764	-0.025126513	-0.056037176
0.02638702	-0.011451781	-0.046209283	0.04904374	0.04786882	-0.006725451	-0.02945478	-0.021731637	0.028298607	-0.0025188618
-0.059105806	-0.02374456	0.042059906	-0.025730982	-0.020299502	0.020605627	-0.03422509	-0.0003390623	0.0038622161	0.021277562
-0.017360236	-0.008220163	-0.02560844	0.01499261	-0.008022755	0.009989726	-0.032181256	-0.020308804	-0.0018782908	0.0020261297
0.0091869645	0.02395112	0.04466236	-0.006319256	-0.035158224	-0.04500219	-0.01014493	0.016755652	0.018040972	0.03363044
-0.0038789718	0.046571303	0.026144138	0.049832564	-0.03859579	0.021499762	-0.026731836	0.017554661	0.02911949	0.0013178946
-0.030364586	0.03260609	-0.046889443	-0.038942132	0.011006967	-0.018087305	-0.05273613	-0.023027077	-0.039989624	-0.0004135556
0.014361638	0.017298523	-0.027783353	0.018984655	-0.04815856	0.01768935	0.014928497	0.022577265	-0.0036508176	-0.019751789
-0.027687145	-0.0068590664	-0.010363692	-0.010674509	0.0093211	0.058276005	0.007482508	0.0020607808	0.06056501	-0.03500435
-0.008261736	0.04599965	-0.032586545	0.026583947	0.02374875	0.023485735	0.028110052	-0.0475745	0.014821231	-0.050443444
-0.016297325	0.007698202	-0.04781325	-0.001581256	-0.0013333301	-0.008322895	0.020617716	-0.0006779077	0.036296573	0.0030783133
-0.04283439	-0.049213137	0.025150053	0.0006956112	0.034665357	0.026464857	0.0014998051	-0.026800381	-0.030527936	0.005868306
-0.014365521	-0.043233808	0.020137807	0.041869916	-0.01160778	-0.018847365	-0.03685928	-0.02291624	-0.020692866	-0.038394038
0.03093787	-0.033085383	0.021980168	0.02946413	-0.043743957	-0.013078022	0.021374255	0.030414604	0.047666818	-0.047387894
-0.038658056	0.002810192	0.016615026	0.029177565	-0.032519512	-0.036736112	0.052367397	0.06411604	-0.038749333	-0.02091465
0.021095987	0.0142733	-0.00615462	-0.01413637	0.019345889	-0.059483074	0.038182907	0.055920947	0.0067430576	0.037120517
-0.0042538205	-0.012764213	0.017296202	0.029977517	0.0034616764	0.017938552	0.05364859	0.053204235	0.028042711	0.012431314
-0.060930103	-0.00023966767	-0.01367976	-0.06844493	-0.03741992	0.019201024	-0.030833872	-0.010634619	-0.03202633	0.0063667498
-0.024426164	0.007967322	0.026547706	0.011228201	-0.038196873	0.006374752	0.04024447	0.056331344	-0.0018881784	0.054025583
-0.029038958	-0.023211917	0.056002073	-0.052750107	-0.015402399	-0.00056001096	0.04646171	0.059312038	-0.06963236	0.0003922224
0.010084651	0.023749048	0.011765928	0.022571635	-0.036967196	0.0485106	-0.0032018516	-0.045495808	0.014090189	-0.03688143
0.0063757775	-0.021119338	0.012089177	0.007225927	-0.021918677	0.0039570434	0.028850852	-0.05063497	-0.0008354353	0.01957309
0.059337534	-0.025935544	-0.03980066	0.058916587	0.06360553	0.008399067	-0.054599024	-0.06760599	0.04378602	-0.06846778
0.052257013	-0.01641476	0.03826697	-0.042087886	0.035828035	-0.0433658	0.036565717	-0.043440033	-0.043609813	-0.043672886
-0.031204917	0.02287973	-0.022896286	-0.0019417738	0.01886273	-0.036840588	0.0064952075	-0.0036458368	0.027840959	-0.016797893
0.045289893	0.029019376	-0.047487926	0.0371913	-0.025884064	-0.011841959	-0.020928055	0.0010258249	-0.025266727	-0.018110825
-0.019785272	-0.04380187	0.024191787	0.01913279	0.0076905866	0.037300788	-0.04552981	-0.03253163	0.043847773	-0.024486387
-0.0112037575	0.044862878	0.007438868	0.0023198968	0.0047650416	-0.03765861	-0.033775933	0.023275595	-0.027586484	0.03323757
0.053314105	0.02657222	-0.020762807	-0.007148838	-0.004819584	-0.03150161	0.0058309454	-0.010888022	0.059373617	-0.047471486
0.032341897	0.028071847	-0.00052827183	0.032160383	-0.029525876	0.038118146	0.039314643	0.045462683	-0.03677696	0.036994122
0.0075049186	-0.00038967305	-0.012375613	0.016265038	-0.017512888	0.040825326	-0.0562395	-0.019056125	0.0021954952	-0.002649989
-0.031567156	0.032734614	-0.002554624	-0.020315688	0.0090298075	0.011097686	0.019890722	0.0075777904	-0.0003763326	-0.040811624
0.0055152234	0.010334183	-0.051272932	0.013318818	0.019404627	0.058371425	0.019655574	-0.054422278	0.060022872	-0.010703389
-0.06486506	-0.038188122	0.03301085	-0.011768979	-0.061872758	0.0029481277	0.0033179277	0.0687874	0.003780577	-0.028935857
-0.009594035	-0.017956689	0.011642676	-0.049550693	-0.051777907	0.023139954	0.02510478	0.04164292	0.0415702	0.01679152
-0.0126022	0.016549436	0.03570962	0.035143934	-0.0053053773	0.04848166	-0.014445328	0.012179153	0.05423754	-0.009515153
0.0039171586	-0.0033981174	0.02794005	-0.035243623	-0.05595928	-0.00555518	-0.028938932	-0.0048435405	-0.038154814	0.026578162
-0.04006588	-0.028715031	-0.03465142	-0.0036233244	-0.014426845	-0.032669265	0.047067296	0.034830928	0.039617993	0.024270684
0.0016538004	-0.04593548	0.0118067255	0.02995489	-0.06099121	0.01880557	0.011482898	0.018196153	0.012787648	-0.024537567
-0.00863844	-0.07012624	0.047461383	0.0067054103	0.023612466	-0.065779075	0.009232189	0.011323768	-0.040300164	-0.010665135
-0.004010646	-0.03911425	0.04415578	0.0048261853	0.04685241	-0.0050020684	0.027469035	-0.020614916	0.042303365	-0.029018274
0.009439046	-0.017680788	0.06780602	-0.0609607	-0.044881184	-0.03507714	0.056647055	0.04902678	-0.03786278	0.04023468
0.0021220404	0.059174985	0.010741149	0.015179172	-0.010685856	0.06893642	-0.044779964	-0.055633172	0.0134021845	-0.032399084
-0.00047075414	-0.024306228	-0.012590208	-0.031546965	0.02486226	0.04115824	0.028806286	0.029137503	0.035215635	0.03728425
0.005323542	-0.069473654	0.042402986	-0.055516493	0.0058037564	-0.054405537	0.041156307	0.05887127	0.012259814	-0.005624196
0.053426463	0.04724851	0.02544127	0.061188467	-0.027574666	0.053155657	-0.028637948	-0.053957663	0.015560391	0.015160887
-0.05851175	0.017349606	-0.017015798	-0.04802108	-0.046497077	-0.061918512	-0.018369544	0.023353823	-0.049091026	0.06332938
0.0058363043	-0.0024155034	0.003113336	-0.011294347	-0.014236177	0.0177742	-0.005510916	-0.0017691823	0.020113846	-0.029619459
-0.04551372	0.023487704	0.052375592	0.021891648	-0.0050003245	-0.017034108	0.027321765	0.017361904	0.0014229371	0.036411513
0.018199908	0.005444954	-0.030440742	-0.012928603	0.021691699	0.04573241	-0.060659494	0.010631072	-0.019148022	-0.057480507
-0.010672069	-0.026066188	0.035872716	-0.014496328	-0.032600895	0.040064335	0.035221815	-0.04951326	-0.01436282	0.034677587
-0.006377625	-0.0337539	-0.008186062	0.038352106	-0.03613392	0.041324805	-0.025101246	-0.008765743	0.032739833	-0.029507717
-0.016343925	0.027591143	0.04371783	-0.03335798	-0.061610226	0.0170647	-0.035944823	0.014024412	-0.014774198	-0.004512286
0.024185607	0.012971193	0.031076692	0.05366053	-0.005240295	-0.008419291	-0.044455357	-0.019078774	0.051001977	-0.03157178
-0.022258304	0.03430916	-0.025815254	0.051731717	0.04111559	0.024529228	0.012076482	-0.0058626286	0.0030782658	0.023096878
0.004909519	-0.027736241	0.040172346	-0.054534398	0.019216701	-0.067681804	0.05040304	0.06456153	-0.06355991	-0.0036814988
-0.002277396	0.02864214	0.012816048	0.023875702	-0.032214254	-0.021591874	0.022391284	0.03853103	-0.0048062564	0.0062428094
-0.021435725	-0.0282256	0.031663567	-0.06500795	-0.061566282	-0.016039705	0.032202087	0.04837562	-0.01851627	0.051676493
-0.028898101	-0.033879265	-0.0043059094	0.016137373	-0.020972678	0.0002707439	-0.01844893	0.022074098	-0.04523268	-0.013748873
-0.014239755	-0.032042835	0.01456803	-0.013627641	-0.012764748	0.044657707	-0.04890566	-0.011716995	0.018225597	-0.022637421
-0.0041824905	0.020019958	0.030467262	-0.004917263	-0.041084275	-0.067717105	-0.014243289	0.037519336	-0.029990083	0.059650518
0.0026935854	-0.03953155	0.033278305	-0.026677873	-0.010127604	0.006522576	0.031841297	-0.056421325	0.007207739	0.020166425
-0.033985667	-0.030217381	-0.007519542	0.05579187	0.05295953	-0.03472859	0.021120053	-0.0038125126	-0.009867141	-0.058675583
-0.0031159248	-0.04237229	-0.03974893	0.024283046	-0.0009885584	0.019410962	0.039845914	0.034709	0.04833352	-0.005445255
-0.0018126095	-0.053085178	0.029423635	-0.0019006479	0.0151131535	0.0031253416	0.0138575705	-0.016063174	-0.03595409	-0.035760816
-0.015975658	-0.022698093	0.019300966	0.009841129	0.014608935	0.019320356	-0.009220216	-0.0066050133	-0.011534595	-0.012484907
0.04125845	0.025732083	0.027655154	0.042227205	-0.0210545	0.040895637	-0.014027586	-0.044734757	-0.03352241	0.007829723
-0.001180274	0.06211173	0.029112533	0.015106983	0.013963728	-0.023108913	-0.0137933865	-0.038902026	-0.028965715	0.0062775323
-0.0006348561	-0.022399684	-0.03601846	-0.03368223	-0.02999651	0.038871657	0.048416	-0.02846091	-0.03197909	0.021336386
0.010686654	-0.029194841	0.005138353	-0.013918338	0.05126997	0.03433361	0.036929943	-0.008041217	-0.009904665	-0.033457156
-0.04847392	-0.05977987	0.0019990387	-0.014748518	-0.065869205	-0.037512723	-0.0045362194	-0.020334894	0.0055097803	-0.024609603
-0.045551483	-0.028810076	0.0493916	0.03795507	0.038491644	-0.021809345	0.050326545	0.04853546	0.016831936	0.030565899
-0.006585367	0.026772868	0.009291284	0.005644068	0.0017310533	-0.008149161	-0.0124254525	-0.031003995	0.01680735	0.015084472
-0.06480346	-0.048009284	0.015815921	0.018859342	0.025338206	-0.00045519564	-0.018254133	0.020514945	0.01918567	0.0141066015
-0.01567939	0.03974726	0.0020642302	-0.03681547	0.04796602	-0.0069660754	0.031589013	-0.045506675	-0.032003928	0.04812495
0.014758954	0.049479168	0.007656004	0.032938287	0.06694366	0.05156672	0.0003547696	0.029905135	0.02687609	-0.03225523
0.026707029	0.025414417	0.034696504	0.029461846	-0.052641485	0.019471666	-0.02834414	-0.019542951	-0.024600502	0.03483542
0.030123066	0.023649262	0.014294981	0.03542971	-0.0036802448	-0.009334238	0.0031183497	-0.013415122	0.03990988	0.007301852
-0.0032070721	0.042593617	0.03028307	-0.04548575	-0.035320472	-0.04140097	0.0073488434	-0.015285207	-0.016209692	-0.010169869
-0.023398926	-0.02860384	-0.015455497	-0.017127465	0.011598802	-0.028537389	-0.012712104	0.0036091425	0.012900076	0.029758958
0.026001342	-0.05505663	-0.017013304	-0.05607772	-0.035838902	0.010065277	0.069957525	-0.014382754	-0.016335063	0.03490235
-0.056108166	-0.068432294	0.01868041	-0.06951155	0.005874638	-0.031828623	0.043313626	0.070769794	-0.005711973	0.040960014
0.010911157	-0.059998315	0.0145636555	-0.028258244	0.027168527	-0.012723891	0.024932614	0.04944428	-0.031218858	0.026961772
-0.003229281	-0.01924463	-0.008508172	0.00049809524	-0.06645438	-0.04596549	-0.0106137125	0.023376489	-0.003344787	0.029334273
-0.04158189	-0.03314251	0.009982302	-0.06851779	-0.0076256096	-0.06655926	-0.030920675	0.043151278	0.0073429365	-0.008086279
0.014602489	-0.017366128	0.06325356	-0.030537939	-0.061329026	-0.018273296	-0.013243368	-0.022332437	-0.03797177	0.05081435
-0.034037	0.010536375	-0.038779143	0.022942355	0.013722823	-0.0009160182	-0.00090978976	0.0062963	0.0029559822	-0.019172454
0.042280436	0.009403348	0.03658383	-0.03372292	0.030751416	-0.032875728	-0.02059311	-0.054702513	0.013945248	-0.022091184
0.0065903775	0.008123931	0.027128052	-0.035656102	0.009995066	-0.0025095674	-0.02558286	-0.028976757	0.033356614	-0.0064736563
-0.037897985	0.03801838	-0.028442835	-0.0009388183	0.032874737	0.01136299	-0.021520684	-0.036219206	0.054462943	0.012341134
0.028105699	-0.013677823	-0.050204046	0.03001465	0.054621868	-0.008327214	0.024821736	0.022214133	0.058923908	-0.0072843884
0.059274994	0.0057423473	0.0060586184	0.048425306	-0.00614042	0.07126214	-0.0031215162	0.011588239	-0.009153445	0.018456502
0.039333656	0.061017144	0.00166131	0.04760661	-0.0028358593	-0.008972253	-0.05578962	-0.052544232	0.009640323	0.024447765
0.02223758	-0.035548955	-0.012456943	-0.030384935	-0.033721223	-0.018487796	0.008180455	0.025590166	0.049787108	0.024227446
0.008934901	0.003242996	-0.038227983	0.014796578	-0.029849334	0.0013746751	-0.032698248	0.023197025	0.027195508	0.011350688
-0.0077772806	0.013055385	0.025574971	0.007771184	-0.036703274	0.020205388	0.0065637548	0.008030271	0.00033433246	-0.048463266
0.009059702	0.04891366	0.021909922	-0.011281179	-0.011240677	0.040817186	-0.005904566	0.014776151	-0.0023485604	0.0044585043
0.01633291	0.040569	-0.034476306	0.0072664716	0.015565485	0.023656607	-0.0454883	-0.010309067	-0.013056994	0.01560582
0.03809044	0.01327092	-0.024415087	0.00553423	0.039580043	-0.042999886	-0.04335634	-0.032877117	-0.04527676	-0.03611385
0.05273209	-0.017511107	-0.04020364	0.06741633	0.01424372	0.044810217	0.02417987	0.014625257	0.06770614	0.0055764765
-0.03232113	-0.036519405	-0.031590883	0.04956249	-0.029718012	-0.04730504	-0.048077483	0.025339559	-0.041716963	0.027606005
-0.03734384	-0.0018825039	0.042691365	-0.048849467	-0.06291819	-0.031571094	0.021984296	0.050356437	0.012556265	0.049270295
-0.027102267	-0.03880505	0.018744575	0.043226287	-0.023106715	0.024271652	0.03805656	-0.052483916	-0.018259536	-0.017417071
0.012755678	0.013989663	0.018041328	-0.05417315	0.010451154	0.038628634	0.017770344	0.041075815	0.022384714	-0.0020259533
-0.040428832	-0.013206684	0.058047842	0.028059289	0.021208264	0.014261303	0.0032912623	0.045287143	-0.009055695	0.00917301
0.007308135	-0.0037331847	0.053022012	-0.05752788	-0.02970874	-0.030652916	0.023575166	-0.005231786	-0.0008113551	-0.03751939
0.0689793	0.0037198653	-0.024537124	-0.011373767	0.02941021	0.055313136	0.01253075	-0.02241857	-0.019413294	-0.050772343
-0.0245098	0.021017294	-0.059425443	0.015728602	0.021828512	0.03739816	0.023143804	-0.06159455	-0.004410593	0.02017945
-0.026375111	-0.016143417	0.0051418664	0.012843811	0.054381873	0.0049357633	-0.01695313	0.013800104	0.03425449	0.036143016
0.04466207	0.030244231	-0.040675465	0.04044197	0.028830152	-0.04188493	-0.04601006	-0.0375884	0.01809032	0.0029428485
-0.027009213	-0.010335865	0.05213482	-0.035912745	-0.00631151	0.02899391	0.035520233	-0.027318822	0.025425823	0.002378391
-0.026357222	-0.0010247091	-0.06798447	-0.025645107	0.0027521683	-0.0242154	0.030928291	-0.055772997	-0.01946224	-0.061547518
-0.05542221	0.022035588	0.05625728	-0.05036225	-0.024932735	0.004418583	-0.03052879	0.05435744	0.014338939	0.020652287
0.05897669	0.033767104	-0.036727898	0.00048061396	0.06507711	0.042745806	0.022374807	0.0086951945	-0.013078846	0.01607914
-0.028586583	-0.038814068	-0.0030895327	-0.016761625	0.04396428	-8.264735e-06	-0.009039085	0.033989467	0.016300656	0.0454274
0.00807393	0.0462002	-0.028742533	0.03423054	-0.020222915	-0.041435394	-0.055176415	0.035832465	0.026336504	-0.031698886
-0.0014971116	-0.018753612	0.067877114	-0.023368834	-0.051907312	-0.039633114	-0.031604886	-0.026479535	-0.03957664	0.03454641
0.0331005	0.013700721	-0.056598086	0.0123557355	-0.0012396225	-0.017836522	0.011398439	-0.033409737	0.0008248689	0.027448192
0.022040304	-0.045007415	0.014543965	0.024348672	0.03140055	-0.019944461	-0.03959571	-0.03756216	-0.03364397	-0.042924486
-0.018692467	-0.037437156	0.034338314	0.009525817	0.0042842934	0.005283452	-0.012148288	0.016945792	0.048524484	0.0062876
-0.022070447	-0.018213412	-0.05127448	0.07050745	0.022576133	0.024621343	-0.026151171	0.01911839	0.0013993046	-0.0070999297
-0.0063629122	0.02918265	-0.038267486	-0.00986414	0.053125143	-0.033749454	0.005757726	-0.0042584576	0.031989224	-0.056234717
-0.0032226997	0.017879937	-0.042868294	-0.019977555	-0.020437	0.028643884	0.0014429141	0.006889385	0.04887696	-0.036799196
-0.017435944	0.048513215	0.007924056	-0.037857987	-0.039968025	0.039999038	-0.05217164	-0.003804298	-0.041032307	-0.050909314
-0.04447397	-0.02382138	-0.017719626	-0.013688293	0.026358848	-0.039446168	0.055218298	0.031393312	0.025617382	0.034831975
0.05615492	0.0014436196	0.012678446	0.027641295	0.007277712	0.059037883	0.006719525	-0.05215013	0.04381629	-0.06315889
0.007101016	0.046315357	-0.03919269	0.024315432	-0.041472867	-0.019234233	-0.039335854	-0.055675715	-0.002034427	0.023705285
-0.028271032	-0.01171107	0.022775501	-0.030707931	-0.0070668645	0.011823975	-0.022612011	0.03344577	0.0031132733	0.061044354
-0.026432173	-0.046739683	0.05273306	-0.006007237	0.039044704	-0.004126657	0.016298668	0.011364399	-0.01829789	0.04753239
0.00049912365	0.0044269376	-0.035932954	0.032173056	-0.023532368	-0.03940742	-0.019281026	-0.0052693062	0.027395142	0.026648456
-0.00034672636	-0.052026447	0.015348658	0.003243614	-0.0022072608	-0.0623972	0.059213955	-0.009335308	-0.0014357233	0.056386825
-0.026476389	-0.034816716	0.051589664	0.0030665402	-0.06681191	-0.0027012296	0.054257113	-0.018370342	-0.038147945	-0.027458709
-0.06487411	-0.011864055	0.065679334	0.015124592	0.010942649	-0.03185639	0.04822305	-0.029539473	-0.06277756	0.020955037
-0.02417044	0.029899003	0.012073548	0.050224897	0.013321988	0.031108795	-0.027030064	-0.038173366	0.03375715	-0.056500047
0.039008774	0.035276216	-0.039991315	0.058773007	0.027938696	0.019721039	-0.054482777	-0.06402737	0.06879017	-0.06753968
0.01094088	-0.037576303	0.005147811	0.0038198773	0.0012853036	-0.033697106	0.064897776	-0.0036937743	-0.0112616	-0.01424465
0.03540787	-0.047503334	-0.03484288	0.024730718	-0.010142248	-0.051363442	0.01488436	0.03205145	-0.05010612	0.0023914478
-0.0413159	-0.04122181	0.025239483	-0.027768066	0.01098692	0.020531496	-0.05955786	0.012055474	-0.008977576	0.034496933
0.04811761	0.052645605	0.035999928	0.003073201	-0.009359732	-0.033665266	0.029965373	-0.042011797	-0.032901436	0.022646444
-0.041393884	-0.05076264	0.053775195	0.020244196	0.02812209	-0.005940059	0.028814767	-0.022197757	-0.061682228	0.020456105
-0.0052386005	-0.015672984	-0.012046367	0.020751467	-0.054453872	-0.055611603	0.02521524	0.050117105	-0.044212945	-0.0063302396
-0.0029720985	0.02279876	-0.0026592102	-0.058499314	0.035791535	0.017600795	-0.0051939245	-0.01226621	-0.010986632	0.054446485
-0.008652573	-0.021002734	-0.05992321	0.02440817	-0.011301119	0.04878804	-0.041745212	0.022402788	0.027462434	-0.0022678045
-0.0035099257	-0.015816445	-0.032711387	0.009720883	0.013057696	-0.032256942	-0.04582531	0.00036619176	0.030092042	-0.032246605
0.036756475	-0.053119153	-0.018668026	-0.0025542965	0.03752876	-0.047390025	-0.0023325656	0.04270812	-0.0055425274	-0.040149823
0.022952547	-0.037118595	0.0058679655	0.008483744	0.0066850493	0.023100095	-0.030823525	0.04346757	-0.030631648	0.039884996
-0.020591747	0.012337701	0.031157266	-0.0067175566	0.05124199	-0.015329062	-0.0076385294	0.0045416136	0.04944686	-0.014101589
0.006082009	-0.04105248	0.018235942	-0.03818436	-0.04717856	0.028424472	-0.006023233	-0.032715898	-0.014144684	0.018581856
-0.05226067	0.0028913422	0.055591118	-0.0112278	0.012686582	0.01127751	0.005825716	-0.023571355	-0.024420043	-0.03278067
-0.06630413	0.022189926	-0.018248755	0.00093728397	0.023532765	-0.017196337	-0.032310672	-0.0077329874	-0.011943191	-0.0027693051
0.05615933	0.060043585	-0.0043601515	0.024472399	0.032118004	0.04443312	-0.046538223	0.008784526	0.06090516	-0.00048039324
-0.012691139	-0.010119607	0.024629438	0.037418682	-0.038529538	-0.008218314	0.016681096	0.024720835	-0.027576827	-1.7531249e-05
0.032170705	0.04567838	0.03349364	0.046097375	-0.033957504	-0.013934867	-0.012251983	0.009784036	0.0023358227	0.02322174
0.014056796	-0.021921193	-0.048483387	0.011977726	0.050956715	0.048481464	-0.0370499	0.024093637	0.011329352	-0.01698803
0.012590746	0.0068814955	0.004811199	0.0015650707	0.04167165	0.052012935	-0.01728206	-0.030737154	0.059186913	-0.056855474
0.03752465	0.03571238	-0.028797591	0.014379902	-0.033516623	-0.00749401	0.051735997	-0.026005564	-0.010478041	0.053749036
0.07074282	0.03914705	-0.06366085	0.057884924	0.066720955	0.064508215	-0.013452274	0.018846871	0.0051644347	0.018895483
-0.024109634	0.0011881678	-0.007929118	0.019625554	-0.02341731	0.04126091	0.0019582335	0.005703165	-0.014456211	0.05044319
-0.0029656172	0.00767505	0.009705553	0.010134978	0.03020212	-0.052693784	0.038382504	-0.021460475	0.028017616	0.010807184
-0.0008896228	0.001034575	0.023280114	-0.048914243	0.028434783	-0.038554832	0.010658357	-0.023683319	-0.0177157	0.012945806
-0.030384453	0.0371512	-0.021800114	0.007705236	-0.011790115	-0.0033629448	0.014579387	-0.008545481	-0.018706894	0.05218841
