-1.0854833	1.0639623	1.0654148	-1.1247408	-1.0569412	1.049456	0.9610546
-1.5413487	1.427692	1.4545401	-1.5040474	-1.4111626	1.4096955	1.4552981
3.322354	-3.266508	-3.24997	3.3664422	3.062442	-3.1251833	-3.2681987
-4.3211055	4.2477636	4.316511	-4.3309517	-4.192217	4.193453	4.2364526
-0.56293756	0.51049286	0.54796916	-0.56992435	-0.57647675	0.5591988	0.58462524
-1.3844924	1.3449335	1.3361143	-1.4520121	-1.3499131	1.3796247	1.3436452
1.0586584	-1.0619917	-1.0617408	1.081623	0.9699497	-0.95165026	-1.0220926
-0.6650472	0.61972773	0.69733196	-0.6965986	-0.66086954	0.61050576	0.65864897
-1.1450137	1.2215645	1.2204374	-1.178839	-1.1200836	1.1924193	1.1934431
-3.377397	3.2943366	3.3508563	-3.3221054	-3.198514	3.176396	3.3573163
-4.2401752	4.2654195	4.268771	-4.3595304	-4.1684017	4.1982746	4.2374954
3.423734	-3.4048672	-3.3860497	3.47647	3.2123795	-3.2265196	-3.40558
-0.5696175	0.4792195	0.5483311	-0.53297144	-0.5367426	0.52632457	0.55064327
-0.14892565	0.16822143	0.18884335	-0.15261064	-0.11666833	0.16903068	0.14481239
0.06306797	-0.086111575	-0.10544525	0.09861248	0.018053418	-0.03183692	-0.05718493
0.047440544	-0.04820127	-0.061818924	0.08220412	0.008606417	-0.046364114	-0.098797575
1.9170182	-1.915956	-1.9266253	1.9972041	1.8457494	-1.912844	-1.956535
-1.9371892	1.957539	1.8768041	-1.8962791	-1.8950276	1.82428	1.9311764
-0.074748755	0.13450113	0.13178912	-0.10977569	-0.18226285	0.14481367	0.15567592
-1.1963254	1.246028	1.1746341	-1.2521757	-1.1770561	1.2216204	1.2523966
-0.30052853	0.31136584	0.22482707	-0.31175467	-0.27743796	0.24753626	0.23961358
-0.48427758	0.49346948	0.56842875	-0.53185093	-0.56196153	0.5151901	0.4886994
-0.32013175	0.28620112	0.35807043	-0.31227037	-0.35214826	0.33715934	0.37003338
-1.7237344	1.7344644	1.7350421	-1.7268765	-1.6461238	1.6297514	1.6763783
3.171838	-3.1898255	-3.1235423	3.2113912	3.005185	-3.0090137	-3.1613173
-1.2038124	1.2121485	1.1953408	-1.2135892	-1.1993003	1.2278733	1.2898258
-1.2287118	1.3119307	1.3108795	-1.2650987	-1.2220803	1.2889028	1.2792301
-0.34001455	0.32611957	0.32533893	-0.40892223	-0.37311438	0.35149625	0.38728264
-0.27519277	0.23985106	0.30101377	-0.30088618	-0.23436485	0.2245189	0.2256898
0.18214835	-0.16706559	-0.20508991	0.19105369	0.15767053	-0.20467097	-0.22268425
-0.44325653	0.47206718	0.45268902	-0.39092138	-0.39257625	0.44194585	0.39207047
1.5418621	-1.5853363	-1.5611191	1.5711888	1.4718962	-1.4966534	-1.5259972
-0.03212591	0.05991268	0.027251234	-0.0071697133	0.015462662	0.028846009	0.011065022
-0.9824394	0.9325179	0.9845721	-0.9443077	-0.9588094	0.9612641	0.9590001
-1.5396068	1.6206608	1.5683931	-1.5631933	-1.5237347	1.4870496	1.5495152
0.64246947	-0.7134475	-0.705367	0.6516589	0.6443461	-0.6823035	-0.6526347
-0.12351875	0.12678581	0.14728239	-0.13239022	-0.14375447	0.1273216	0.09953178
1.0638071	-1.152846	-1.1283973	1.1089208	1.0362221	-1.0336577	-1.0964849
0.8834397	-0.8924156	-0.8379085	0.8392004	0.86863905	-0.8017475	-0.8964844
-1.5478141	1.476051	1.4989033	-1.5694082	-1.4671974	1.5082008	1.5358231
0.35167202	-0.3168729	-0.3221466	0.36517525	0.34130183	-0.34664866	-0.2963543
-0.12967189	0.122642934	0.08313486	-0.12733972	-0.11206306	0.12387042	0.124215886
-1.3264506	1.2758274	1.230288	-1.3134924	-1.2559938	1.2192341	1.3209802
1.7578907	-1.7408966	-1.7178941	1.6937329	1.5956851	-1.6011208	-1.6848627
-2.7076833	2.7698975	2.7482836	-2.7492743	-2.6231458	2.6225348	2.7899044
1.7424822	-1.7248917	-1.706209	1.7416803	1.5816171	-1.5980895	-1.755286
0.5711532	-0.59195757	-0.6358168	0.6190357	0.58211464	-0.6129502	-0.6337288
1.0690929	-1.0808294	-1.0654328	1.0653988	0.94247675	-1.043408	-1.0326775
-0.05082026	0.09245491	0.06282637	-0.04118559	-0.023610005	0.08812206	0.045551352
-0.39770505	0.33841705	0.30181482	-0.31697276	-0.30877405	0.325145	0.39326388
1.3031577	-1.2764628	-1.2801156	1.3566608	1.2572435	-1.2275013	-1.2923733
1.683099	-1.689785	-1.6890503	1.7614195	1.6303015	-1.6273166	-1.7308608
-0.14888921	0.13909836	0.08487371	-0.10168045	-0.090266034	0.122735634	0.081019774
0.29874042	-0.3102656	-0.2655312	0.2780117	0.21023627	-0.29343316	-0.2979509
-0.354839	0.3299358	0.3127614	-0.30534333	-0.36432582	0.38638672	0.35386312
0.95633143	-0.9498589	-0.8796957	0.95206785	0.8878851	-0.81218714	-0.93980896
-0.5962963	0.5342828	0.5790408	-0.5908803	-0.5018777	0.5207462	0.5914016
-1.5932163	1.5755553	1.5442811	-1.593136	-1.540631	1.5494424	1.5517836
1.3761249	-1.3937758	-1.4234126	1.377953	1.317268	-1.3339669	-1.4292994
-2.1331074	2.1057801	2.1243682	-2.102843	-1.975564	1.9900727	2.0352054
0.25381827	-0.16707541	-0.19897912	0.20926255	0.17916033	-0.24690318	-0.186568
-0.83458734	0.84066945	0.8369191	-0.84072274	-0.8665883	0.87504005	0.85029364
0.76637435	-0.7762422	-0.74815774	0.6965439	0.701415	-0.7187674	-0.70075506
0.8759882	-0.90540457	-0.8971232	0.906934	0.84338313	-0.86079174	-0.83042145
0.9984346	-0.94216007	-0.9097364	0.9686459	0.87944794	-0.94866663	-1.0043526
-1.0014576	1.0015621	0.95536214	-1.017763	-0.89973205	0.90292436	0.9312165
-1.7161592	1.6357176	1.662806	-1.6853087	-1.5893569	1.6455591	1.6596758
0.22955908	-0.27362725	-0.30048758	0.23075262	0.2185516	-0.2705159	-0.2708205
1.3645474	-1.3371907	-1.3989977	1.4223924	1.323918	-1.2805785	-1.3877009
1.2738955	-1.2776338	-1.3391091	1.3290161	1.2758476	-1.280334	-1.3335737
-2.9114568	2.964406	2.9396453	-3.0003767	-2.8670175	2.8634958	2.9367065
1.0082166	-1.0401733	-1.0392585	0.99861944	0.9168702	-0.9322395	-1.0323514
0.3877515	-0.3788938	-0.29782265	0.38959453	0.32135138	-0.30484763	-0.37987068
1.4483122	-1.4620547	-1.4555187	1.4520183	1.3877827	-1.3664373	-1.4001354
0.9984147	-0.96265477	-0.9758287	0.97562796	0.99827796	-0.9643726	-0.9968036
-0.9600985	1.0146585	1.0002141	-0.9854524	-0.9291003	0.9080913	1.0016316
0.20657356	-0.1762183	-0.16873322	0.15417281	0.18073569	-0.17825106	-0.18839638
-0.96480817	1.0245818	1.022265	-0.98498434	-0.94739074	0.90871215	0.9603483
-0.5201062	0.59932035	0.50957096	-0.52768147	-0.5590268	0.5556641	0.5570412
-1.1107258	1.1071451	1.1484009	-1.1223176	-1.084534	1.1634777	1.1019286
-1.0793376	1.0534753	1.0752324	-1.1485753	-1.0073103	1.038183	1.1363164
2.079832	-2.0118532	-2.0299544	2.074319	1.9503382	-1.9496195	-2.0627797
0.13650747	-0.21101157	-0.1948457	0.14407554	0.15486626	-0.19404295	-0.12871335
1.1713911	-1.1456163	-1.120626	1.2000085	1.0762961	-1.1593392	-1.1565406
-0.045677237	-0.032996505	0.058900256	0.011515094	-0.037127726	0.0038247823	0.024308309
-0.4938193	0.4578749	0.50403184	-0.4906217	-0.51431745	0.42864504	0.5215605
-0.6175504	0.648036	0.63849455	-0.6325248	-0.5754323	0.6474114	0.64566773
-0.5085099	0.48184568	0.46713132	-0.4887222	-0.48339468	0.41447005	0.49601272
-0.9914477	0.9615051	1.0207136	-0.9539527	-0.9393765	1.0035052	0.96013474
-1.5741415	1.603354	1.5654231	-1.5715508	-1.579073	1.5072331	1.5513681
-0.7742463	0.80448544	0.76887494	-0.8278473	-0.8098859	0.77066684	0.78706574
-0.7015913	0.6551095	0.6762463	-0.69851345	-0.6250834	0.64927536	0.65690714
1.0595438	-1.1228749	-1.0369864	1.0583785	1.0312425	-0.98463506	-1.0723419
0.6112408	-0.5942624	-0.60661614	0.6197645	0.561255	-0.5661871	-0.6527823
-0.07985965	0.12517838	0.11922307	-0.10965775	-0.049573552	0.12696062	0.12616988
0.5592269	-0.5871969	-0.49753532	0.49895087	0.48656106	-0.48857808	-0.5210777
0.38971215	-0.37967148	-0.43390048	0.34621888	0.31696963	-0.32310376	-0.35046154
-1.4885772	1.4945073	1.5447465	-1.5806018	-1.4938005	1.5081019	1.5409585
-0.4065739	0.32883373	0.34555158	-0.36264685	-0.32764935	0.33327785	0.41019073
0.8597085	-0.88920665	-0.87469554	0.8889085	0.7936863	-0.8107403	-0.88233036
0.89561987	-0.8451073	-0.86008286	0.9114543	0.8470258	-0.78578305	-0.8789914
-1.2025619	1.1906955	1.2122153	-1.217715	-1.1948886	1.1727296	1.2838129
-0.053819425	0.06705046	0.09732237	-0.05220396	-0.11576739	0.1164759	0.10186993
0.870773	-0.8851933	-0.7970974	0.88937324	0.840162	-0.7792998	-0.82101315
-0.7119218	0.7503577	0.6814718	-0.7072949	-0.6929845	0.73320556	0.72327286
-0.6775585	0.7543023	0.6791813	-0.6934526	-0.67602915	0.68697286	0.68824285
0.95635414	-1.0233853	-0.9675366	0.98581	0.9822621	-0.9242791	-1.0373245
-0.43904486	0.4511539	0.3970578	-0.3974298	-0.38083458	0.4119965	0.4044291
1.2844013	-1.3309586	-1.2925408	1.3382226	1.2644687	-1.2108599	-1.2914811
-0.34339428	0.32245523	0.29508498	-0.283082	-0.2935411	0.3463146	0.2782947
1.1431103	-1.1890416	-1.123523	1.2111886	1.0756876	-1.0943766	-1.2062858
0.46915406	-0.5115964	-0.4374322	0.46965766	0.4308906	-0.5083231	-0.43383542
0.36284968	-0.35726166	-0.40472767	0.42461544	0.38273588	-0.38596427	-0.3786251
1.2005489	-1.2505212	-1.2033532	1.2193238	1.1795553	-1.1477773	-1.2568815
-2.5989132	2.5614207	2.5919034	-2.6045446	-2.4186773	2.4299183	2.566823
0.97558117	-0.93520015	-0.9075602	0.9811153	0.9484651	-0.9310178	-0.99703854
-2.3669639	2.3751752	2.3504434	-2.350892	-2.3090477	2.340949	2.3537385
-0.30226535	0.29321653	0.31469256	-0.34983042	-0.2769964	0.3144326	0.29934427
-1.965536	2.0142426	1.9309791	-1.9902371	-1.8979443	1.8881714	1.9281284
0.5649452	-0.6520473	-0.55136144	0.5616716	0.52542984	-0.56737125	-0.60599124
0.059700344	-0.1586211	-0.13255155	0.14360797	0.093056105	-0.089468636	-0.11399561
0.7444679	-0.7701787	-0.7330164	0.7186193	0.6669997	-0.68685627	-0.74839735
-0.27352092	0.21688947	0.2079453	-0.23532543	-0.19252165	0.22209202	0.26755205
-1.760783	1.7271894	1.7398717	-1.7325555	-1.6672938	1.7455521	1.7510284
0.064470455	-0.031367328	-0.06743242	0.039469995	0.09402051	-0.043250695	-0.07247689
0.33661628	-0.31980145	-0.32842872	0.33446175	0.26306176	-0.33048832	-0.36287805
0.38898045	-0.4531237	-0.42314112	0.4083785	0.35034785	-0.40108475	-0.36610422
0.13485327	-0.110808596	-0.11539921	0.11838895	0.08993156	-0.12988156	-0.10820557
-1.4677224	1.4720731	1.4075311	-1.4676008	-1.3924824	1.3638638	1.3899211
-0.49978194	0.5147457	0.49134374	-0.4515044	-0.48684013	0.5054705	0.49960098
0.12560876	-0.13304171	-0.10513681	0.12752995	0.17488742	-0.1545994	-0.10645689
-0.7772764	0.78966165	0.7869704	-0.8286965	-0.7861521	0.83050716	0.7808911
-0.44676647	0.38999218	0.4478469	-0.39877367	-0.41556585	0.4440012	0.42990324
0.8081109	-0.82790476	-0.81683433	0.80170465	0.7744644	-0.8125606	-0.82721794
-0.23695579	0.21978162	0.23870955	-0.18799822	-0.16802047	0.17911239	0.18731944
-0.4438391	0.4833976	0.4267693	-0.42759162	-0.44404906	0.5109463	0.45788425
0.19010551	-0.2224964	-0.20510729	0.20015188	0.20085959	-0.15065537	-0.1913611
0.52758336	-0.4476975	-0.4582148	0.47281697	0.44405925	-0.47277728	-0.48797035
-0.02206998	-0.033526964	0.031259593	0.023616401	-0.040843006	0.054153513	0.010012045
0.65023494	-0.67964584	-0.6929515	0.6854307	0.6783722	-0.6443632	-0.696989
0.08505981	-0.1280702	-0.055142246	0.11570552	0.04242186	-0.024339262	-0.03751127
0.14516087	-0.10717364	-0.08066108	0.123621725	0.11911217	-0.052266993	-0.118265525
-0.5404645	0.53424853	0.49753442	-0.4996184	-0.527028	0.4571213	0.54992694
-1.1015115	1.1020947	1.1029358	-1.1354231	-1.0684748	1.0663236	1.0918503
0.46260077	-0.5359181	-0.48883086	0.5150016	0.41249198	-0.49743846	-0.48398194
-0.004074373	-0.05589967	-0.052331723	0.026873758	0.045171548	-0.044783138	-0.03359499
-0.9035064	0.92429376	0.9557345	-0.9084588	-0.88398266	0.87175757	0.94660443
1.2960209	-1.323409	-1.3523227	1.3128343	1.2194793	-1.2582345	-1.2768803
-0.3413882	0.25909826	0.31109828	-0.27347952	-0.3138369	0.33230063	0.24725896
0.6526413	-0.6591776	-0.6726144	0.6285989	0.5879465	-0.64663386	-0.66290957
0.98872966	-0.9383542	-0.95118773	0.986261	0.87921405	-0.8872686	-0.9909707
-0.85912335	0.8024	0.8226931	-0.82069325	-0.813817	0.7753	0.820017
0.8341902	-0.8035964	-0.79459375	0.7747793	0.7596001	-0.80867785	-0.8332373
-0.6826713	0.7388497	0.73189706	-0.7150459	-0.7010312	0.7286979	0.69229275
-2.0543678	2.1275234	2.0842981	-2.154368	-1.9913752	2.0395868	2.1365914
0.95857924	-0.9704563	-1.0006121	0.9624394	0.9251389	-0.87357116	-0.9223644
-1.7793957	1.8184774	1.7817187	-1.7722158	-1.7412468	1.7638912	1.7985644
-0.31386182	0.3247083	0.31438094	-0.37158665	-0.319123	0.30909058	0.36060125
-0.3778213	0.34368077	0.36345544	-0.41074947	-0.33404347	0.3431938	0.39345333
0.25047815	-0.33082762	-0.24208753	0.26580012	0.23789372	-0.28443274	-0.25521454
-0.7655285	0.7876171	0.7837809	-0.7843214	-0.70318025	0.70587593	0.7724742
-0.048611593	0.02932737	-0.016669054	-0.0047958214	-0.01041917	0.005831285	0.056362055
-1.0773743	1.1168596	1.030242	-1.0800991	-1.0574459	1.0694308	1.0397002
-0.35185972	0.26595157	0.34482363	-0.36342686	-0.28944877	0.2824925	0.29463336
1.1177195	-1.1250952	-1.0754162	1.1304725	1.0760155	-1.0139039	-1.1085798
0.0018499632	0.01018161	-0.078602664	0.01165548	0.0029264237	0.028856587	-0.06658799
1.7022704	-1.7937822	-1.7209989	1.7822907	1.6563729	-1.7175175	-1.7551512
1.290277	-1.3429835	-1.3680751	1.3585874	1.2453626	-1.259892	-1.3639814
1.438354	-1.4902376	-1.398484	1.5055321	1.3672322	-1.4239805	-1.4721019
0.49241617	-0.48118487	-0.46448	0.55161804	0.43429673	-0.43407774	-0.48045778
0.33996314	-0.35783568	-0.39150214	0.35187724	0.33421034	-0.34846744	-0.37779045
-1.711258	1.6442488	1.6525437	-1.6865779	-1.6738819	1.6587007	1.6443628
-0.002909973	0.0051442753	0.05250374	-0.022880409	-0.044847112	-0.027972372	-0.016235
0.3174842	-0.24341255	-0.2412232	0.26362777	0.27517474	-0.23206218	-0.33739883
0.7362277	-0.6769434	-0.72240454	0.68411386	0.6689083	-0.7235879	-0.7060774
-0.3382355	0.39490983	0.33668858	-0.34572145	-0.34905884	0.33124846	0.3654238
1.2644988	-1.3448937	-1.2831877	1.32335	1.2961401	-1.2566448	-1.2800426
-0.12924092	0.16627488	0.081380874	-0.17094576	-0.15709473	0.15374193	0.0890468
-0.94787616	0.944133	0.88729733	-0.892552	-0.83784974	0.8760123	0.92598253
0.73135835	-0.71036595	-0.6820539	0.7357522	0.6400144	-0.6385209	-0.731351
0.22005403	-0.29449314	-0.2447802	0.24531633	0.25963202	-0.20928435	-0.2997135
0.58220726	-0.65350217	-0.59990263	0.65108454	0.63717824	-0.6095373	-0.5949038
-0.32955173	0.30821052	0.32256788	-0.2653232	-0.2632893	0.28673032	0.32085845
-0.06647842	0.006790036	0.062818356	-0.02695588	-0.0049770596	0.07465866	0.021603683
0.62824005	-0.6546729	-0.6458095	0.61342776	0.62319726	-0.5513051	-0.6575532
1.0004922	-1.0127426	-1.0057725	0.95180243	0.8655208	-0.91519713	-0.9836871
-0.037963033	0.079737954	0.054897204	-0.09594725	-0.046661403	0.05928552	0.11060034
-0.8300866	0.7884675	0.8257547	-0.8160787	-0.78863955	0.821398	0.80116296
-0.76503175	0.7601548	0.70811933	-0.73485446	-0.7079143	0.7171525	0.7923351
0.059016496	-0.02253401	0.014151825	0.03600076	-0.037979126	-0.027389584	-0.03894642
0.086275324	-0.08295204	-0.11730157	0.087290734	0.010005877	-0.07387061	-0.11949342
-0.3556583	0.2906193	0.27105182	-0.3024461	-0.30624843	0.3248575	0.30930835
0.31618243	-0.23478071	-0.2794969	0.23939216	0.21548823	-0.2828854	-0.2944349
0.25686556	-0.24276996	-0.20729129	0.23907836	0.21760486	-0.19535917	-0.24095751
0.11464049	-0.1112279	-0.073467046	0.026798809	0.020601688	-0.06866798	-0.10381341
0.76286566	-0.73673093	-0.76944166	0.73202974	0.76637423	-0.71345043	-0.79821986
-0.537816	0.56903327	0.51029766	-0.49079394	-0.53492814	0.5565299	0.57199657
-0.36511195	0.3165953	0.36687565	-0.35525382	-0.28251773	0.3574752	0.32862553
-1.0955852	1.0112052	1.0467812	-1.0762554	-1.0347459	1.0498761	1.0718278
0.51274294	-0.49240893	-0.54017967	0.5532394	0.49324515	-0.531094	-0.48125672
-0.13670722	0.14367376	0.1309093	-0.19524224	-0.15979582	0.17579116	0.18118985
-0.47850287	0.53804636	0.51914907	-0.4987181	-0.47820953	0.4641393	0.5073646
-1.8990654	1.8795488	1.8784555	-1.912668	-1.8141927	1.8461313	1.9348133
-0.7215571	0.7435285	0.72162706	-0.6964476	-0.6433665	0.6864562	0.68062645
0.33499703	-0.30145055	-0.27618006	0.29374766	0.24488686	-0.26877043	-0.32027516
0.93800133	-0.9863343	-0.96695095	0.99344933	0.96202344	-0.8860853	-1.0108155
0.98141575	-1.0192801	-0.95295626	0.97831494	0.9802302	-0.9604292	-0.9698983
0.6069401	-0.6418833	-0.6497518	0.6114768	0.60626996	-0.55987793	-0.6282303
-1.738226	1.6546843	1.7021704	-1.6881448	-1.6639572	1.6001712	1.6481934
-0.052553087	0.058878522	0.07445064	-0.0117069045	-0.090688735	0.038093213	0.046715997
0.07568013	-0.042912163	-0.033727735	0.12424147	0.03221818	-0.07673729	-0.094997175
0.4963113	-0.45031032	-0.44588184	0.49923	0.46317846	-0.46103024	-0.46732298
0.6615114	-0.6035579	-0.6816968	0.69948584	0.6559566	-0.56197757	-0.70217353
0.1307358	-0.11277509	-0.16429107	0.15092108	0.116136834	-0.11140218	-0.10170896
-1.01067	1.0245984	0.9903316	-0.96572745	-0.98396665	0.9441261	0.9954351
-0.19400905	0.17799477	0.14828756	-0.19894059	-0.15395562	0.13199729	0.20151573
1.062033	-1.03896	-1.0416119	1.0552317	0.96205527	-0.9402164	-0.9968697
-1.7212245	1.6485409	1.6601013	-1.7290467	-1.63695	1.6242361	1.7030443
-0.17191586	0.117225744	0.20130743	-0.2030996	-0.1809127	0.15859392	0.11413559
-0.58999723	0.59068984	0.6246533	-0.6517558	-0.6264591	0.6092451	0.5864642
-0.5013844	0.485209	0.44851437	-0.49256685	-0.3923952	0.41590038	0.4462446
-0.38512042	0.34750694	0.3339939	-0.405851	-0.38555688	0.31203634	0.3314203
0.27101633	-0.2688054	-0.2184441	0.21321243	0.24676766	-0.2568789	-0.2822614
-0.38956738	0.4422953	0.43263775	-0.4816792	-0.4389215	0.44635907	0.45238993
1.3660754	-1.3483719	-1.361477	1.3673997	1.3371763	-1.3343036	-1.3305275
-2.132899	2.1271005	2.1597385	-2.1112814	-2.0566208	2.0543785	2.184313
0.008653685	-0.055284735	-0.008619515	0.0395455	0.060055584	-0.05827341	-0.044287227
-0.09500279	0.07558411	0.05431673	-0.12935486	-0.08947355	0.09968679	0.08599173
-0.45594656	0.484843	0.46048886	-0.47550076	-0.48522064	0.48704904	0.49921227
0.34109646	-0.34524843	-0.3435019	0.3915153	0.33642375	-0.3410485	-0.36965075
1.0848479	-1.080193	-1.107213	1.0817165	1.0982332	-1.1050597	-1.1149834
-1.5726529	1.480202	1.50174	-1.5073773	-1.5009302	1.5002165	1.5212759
0.07876757	-0.1645694	-0.088718615	0.11348963	0.09099419	-0.12617147	-0.113812946
-0.5679045	0.53690374	0.5276504	-0.56518537	-0.5227121	0.52969193	0.52859557
-0.1773364	0.15886852	0.21397336	-0.21687709	-0.15805233	0.207525	0.17726044
0.43199235	-0.4474566	-0.38625416	0.36934128	0.3922833	-0.37913996	-0.40206426
-0.47130123	0.4478288	0.41403177	-0.48592916	-0.37075624	0.4629351	0.4275285
-1.1844032	1.1964447	1.1183326	-1.1492786	-1.1224706	1.1297547	1.1827993
-0.0006666823	0.023521135	0.021324627	0.043163825	0.035249714	0.0006708219	-0.025579192
0.98746884	-0.9917054	-1.0614406	1.0731888	1.0197824	-1.0119239	-1.0374417
1.1489884	-1.1155881	-1.1182884	1.0810474	1.018992	-1.0020956	-1.1021476
-1.2084305	1.256678	1.2755864	-1.2523673	-1.1504686	1.2133046	1.2572783
0.35780308	-0.39556643	-0.319188	0.38070926	0.2857483	-0.343034	-0.38817284
1.4699636	-1.468023	-1.4738598	1.477846	1.3660809	-1.4141532	-1.4807347
0.19841793	-0.22854388	-0.24626154	0.24210823	0.18573946	-0.18483979	-0.27868763
-0.9341297	0.90244174	0.9116456	-0.8691752	-0.80913025	0.8353867	0.9026281
-0.14017113	0.191177	0.10905746	-0.19212146	-0.19367349	0.16547245	0.13065912
0.33906162	-0.3078956	-0.34790602	0.34037477	0.26499963	-0.3354715	-0.35830888
-0.8135819	0.82413316	0.84401673	-0.7977085	-0.7512549	0.74714744	0.8336054
-0.07781162	0.11350038	0.09035861	-0.11169757	-0.083620876	0.10341545	0.09266359
0.4893371	-0.45777002	-0.5181558	0.45170122	0.42088705	-0.4181657	-0.5113952
-1.0185806	0.9373537	0.95731723	-0.9700003	-0.92139083	0.90110135	0.9768915
0.09843871	-0.11985929	-0.1336942	0.10533473	0.046904847	-0.113642514	-0.14194675
0.47153813	-0.44541427	-0.51096374	0.49875805	0.49354887	-0.46655712	-0.5107966
-1.1261228	1.142599	1.1121253	-1.1845117	-1.0579895	1.063277	1.119858
-0.1203876	0.15107165	0.14660323	-0.14564544	-0.09646953	0.17727154	0.09714166
1.2481648	-1.2762059	-1.1896486	1.2925587	1.2145125	-1.1513841	-1.2093893
-1.2247095	1.2203948	1.1474085	-1.2425476	-1.1111293	1.1587486	1.2193388
-0.014562642	0.08113823	0.09896686	-0.054077316	-0.07271954	0.08629333	0.014917385
1.3727592	-1.3468152	-1.3039615	1.3503003	1.2621549	-1.2836093	-1.320221
0.61734056	-0.64108837	-0.6579999	0.65915483	0.59130186	-0.61910397	-0.65092176
1.7611834	-1.7647036	-1.7487952	1.7234238	1.6505945	-1.7151386	-1.7101477
1.0940287	-1.1495041	-1.1034216	1.1140225	1.0048801	-1.0716968	-1.1043633
0.49242353	-0.5509968	-0.5438347	0.55580163	0.48179862	-0.47305793	-0.57944125
0.3018012	-0.27863136	-0.27999434	0.2918721	0.26217312	-0.319751	-0.3452392
1.5560168	-1.4953818	-1.5297908	1.5041251	1.4703013	-1.414465	-1.513991
1.27071	-1.3412471	-1.2646217	1.3448755	1.267613	-1.274615	-1.341933
-0.5777042	0.5752604	0.6427694	-0.5822235	-0.64700925	0.562414	0.5867665
-0.24141133	0.24317329	0.27965364	-0.27764395	-0.25011063	0.25018612	0.2533271
0.548684	-0.5561528	-0.57998294	0.55436367	0.53631926	-0.4942384	-0.58312863
0.019808758	-0.043011032	0.025211543	-0.022462808	-0.03780335	-0.001436292	-0.046724297
-0.8790485	0.80217415	0.88194543	-0.8719663	-0.79644996	0.8453852	0.84552693
0.6308235	-0.6295884	-0.6044015	0.5759157	0.54570115	-0.5773299	-0.5481271
1.3178517	-1.3570758	-1.3503195	1.2954432	1.2728236	-1.2408017	-1.3148854
-0.4989577	0.50720227	0.4769391	-0.46752402	-0.49440998	0.42849368	0.5004427
0.90680176	-0.9221068	-0.907578	0.9937654	0.8724807	-0.94121057	-0.8969206
-0.08294993	0.09402126	0.09928895	-0.06314786	-0.055589493	0.030326504	0.053261798
-1.2906083	1.2888895	1.2962362	-1.3436018	-1.3003408	1.2832663	1.3389739
-0.27374917	0.2492334	0.21533382	-0.29861072	-0.20891318	0.23702101	0.24338344
0.586485	-0.5809143	-0.4933723	0.5159925	0.47352198	-0.5429071	-0.56251293
0.13608369	-0.13897645	-0.20189853	0.1651903	0.105726264	-0.18432426	-0.21034694
-0.73688793	0.668762	0.7182855	-0.692584	-0.67128277	0.6813807	0.73538435
0.23660465	-0.21319221	-0.25526112	0.18208687	0.22700877	-0.24554348	-0.20094791
-0.5817335	0.56798154	0.5807992	-0.5174312	-0.54226756	0.5009366	0.4930268
-0.05518281	0.1203508	0.0755602	-0.08005317	-0.11047413	0.054423742	0.062016882
-1.2440532	1.2113997	1.1933594	-1.2491841	-1.1806926	1.1812729	1.2687352
0.07220667	-0.12538533	-0.090936564	0.067301884	0.05731746	-0.12562749	-0.08393908
0.049729485	-0.075270295	-0.0090461	0.010590182	0.017547468	-0.032561593	-0.04146368
0.37663585	-0.3264349	-0.32010838	0.38272202	0.33392224	-0.32762945	-0.36600658
-0.12881279	0.15415798	0.13128626	-0.15917362	-0.16420785	0.18582737	0.10460233
-0.41304937	0.40584332	0.42235819	-0.47255707	-0.4131389	0.44285083	0.47476733
0.6546674	-0.65478396	-0.68123406	0.72603184	0.69945836	-0.7024934	-0.6759917
1.2625792	-1.297783	-1.3400294	1.2914894	1.2402158	-1.2122276	-1.3297092
-0.5152599	0.55830336	0.5029992	-0.5428712	-0.47527033	0.54804164	0.5084025
-0.08176404	0.12761313	0.101513945	-0.13157201	-0.09094782	0.115361266	0.09880172
-0.7758984	0.688819	0.75467736	-0.7507176	-0.7389593	0.709459	0.73698515
0.14667316	-0.12020486	-0.081472784	0.09352711	0.06419202	-0.056832395	-0.12041965
-0.34524632	0.33498365	0.31467324	-0.3324962	-0.27961475	0.34681416	0.27038255
1.0928184	-1.0789261	-1.0484443	1.0609621	0.999616	-0.97466207	-1.0665836
-1.0262399	0.96470195	0.96991414	-0.94713473	-0.9077546	0.9674645	0.9781707
0.09044482	-0.13469066	-0.137556	0.16482075	0.09007953	-0.16283654	-0.16760834
-1.0603054	1.0701063	1.1294296	-1.1221129	-1.0142688	1.097039	1.0511742
0.12435503	-0.113580085	-0.096250534	0.11570615	0.06245519	-0.15721262	-0.14028674
-0.5908871	0.58502597	0.5592652	-0.6549	-0.5693874	0.56634295	0.567528
0.3469684	-0.29139718	-0.28263363	0.30059835	0.2864791	-0.3425925	-0.28571674
0.08127018	-0.13419016	-0.12901266	0.13377096	0.08465527	-0.059487525	-0.118336014
0.68727416	-0.6758168	-0.6835557	0.63611823	0.61577696	-0.56952006	-0.6800089
-0.9530237	1.0014572	0.97996056	-0.9651697	-0.91372746	0.93694776	0.9824311
-0.2665052	0.30923757	0.26829922	-0.29531118	-0.32539776	0.2828094	0.32713312
-0.2735648	0.24760732	0.23219046	-0.2935265	-0.23710401	0.23708127	0.30087313
1.3901215	-1.4546164	-1.4476005	1.4741702	1.3286028	-1.3413118	-1.4642535
0.588685	-0.6302772	-0.65344983	0.6208171	0.5656585	-0.5792734	-0.590479
-0.39311475	0.44488963	0.473002	-0.4634146	-0.40334004	0.39083305	0.41851428
0.33823204	-0.3851891	-0.29181087	0.37740567	0.33225232	-0.27457753	-0.36457977
-1.0952739	1.1154288	1.0248859	-1.1151092	-1.003204	1.0132625	1.0473478
0.7204112	-0.73815984	-0.69753754	0.71354026	0.71236455	-0.6692746	-0.7060613
-1.6524382	1.6410481	1.6868174	-1.7172949	-1.6499603	1.6402285	1.7088832
-0.9388518	1.0040346	0.94899035	-1.0018034	-0.9524951	0.90228724	0.95972186
0.75818163	-0.7551656	-0.74621814	0.77662677	0.7599005	-0.76937944	-0.82001126
0.2005679	-0.2037025	-0.16639236	0.17468958	0.14687654	-0.21171726	-0.18050142
0.119980924	-0.14254156	-0.18801506	0.10861355	0.10426526	-0.1809467	-0.13668123
-1.2113628	1.161093	1.2135514	-1.2286456	-1.1591443	1.1826293	1.211513
-0.94212353	0.9711932	0.93309987	-1.0085133	-0.9038363	0.96590066	0.92918587
-0.08753112	0.053668953	0.019219462	-0.07048385	-0.028473476	0.111131676	0.048505004
0.09812812	-0.033099025	-0.06442134	0.05144011	0.013110567	-0.07169989	-0.029351411
-0.4092954	0.36558044	0.36770758	-0.3765012	-0.39427638	0.34774658	0.36312318
0.75028026	-0.7281389	-0.76051366	0.71394	0.73118097	-0.6702228	-0.7649778
0.5860305	-0.64953756	-0.6402922	0.67111397	0.5811178	-0.5732665	-0.61904544
-1.177436	1.2535166	1.1576548	-1.2616127	-1.1427609	1.1170594	1.2552555
0.14756192	-0.14918034	-0.16953069	0.20202214	0.10443758	-0.1661138	-0.15386918
1.0396636	-1.0820029	-1.0921061	1.1189578	0.99499506	-0.98511726	-1.108095
-0.7342329	0.79062194	0.7904983	-0.7359746	-0.6801157	0.70168626	0.76759624
0.46522734	-0.46889266	-0.40594068	0.40845513	0.43817532	-0.4002557	-0.4011688
-1.4751116	1.3729035	1.4220445	-1.4003963	-1.319514	1.4178709	1.4080148
0.6008531	-0.6647406	-0.5982811	0.6516698	0.5457937	-0.6299876	-0.62037677
-0.19699019	0.21230231	0.20775174	-0.20566481	-0.19038995	0.21832445	0.12837422
-0.6079663	0.62621415	0.6625965	-0.65978503	-0.6529413	0.62625134	0.6616816
0.6055526	-0.57556546	-0.5985295	0.568059	0.58509	-0.58348495	-0.57216775
0.83975923	-0.8773617	-0.8018715	0.86147624	0.7820319	-0.8446956	-0.8974958
0.48673913	-0.4593342	-0.49626198	0.52379483	0.48612732	-0.46824354	-0.48133877
-1.2266701	1.290297	1.2861974	-1.3195511	-1.1862004	1.2167097	1.2436388
1.2137876	-1.2273852	-1.2227427	1.2834623	1.2280611	-1.1766623	-1.273999
-0.85474014	0.84950763	0.84770584	-0.86415607	-0.8059077	0.79030776	0.8306055
-0.68767804	0.7572718	0.74080056	-0.7501387	-0.7528563	0.730313	0.7528986
0.5941156	-0.60490566	-0.5939427	0.6065121	0.5442096	-0.5443693	-0.5518748
-0.7028687	0.6024571	0.6782562	-0.6426084	-0.6259062	0.61448056	0.68943363
0.17600444	-0.18095323	-0.1646002	0.24648292	0.18354054	-0.17674287	-0.15359575
0.15939397	-0.1314612	-0.11265644	0.20041053	0.14679113	-0.182481	-0.17649193
0.029895406	-0.061280366	-0.00959949	0.0068157203	-0.009611273	0.0047603375	-0.09480028
0.9458402	-0.8794743	-0.8557742	0.89884406	0.80722874	-0.8573836	-0.9070684
-0.3232427	0.32308644	0.3056647	-0.30945617	-0.3274367	0.3681526	0.30955964
1.1574482	-1.1575766	-1.1407539	1.1313443	1.1128259	-1.0888374	-1.1410589
-0.2139505	0.25732604	0.1965904	-0.26828876	-0.19435398	0.26737067	0.19218747
-0.52053374	0.55156136	0.53556234	-0.52273107	-0.46518207	0.5341557	0.56474316
-0.22890902	0.24788384	0.1892044	-0.20711365	-0.19928896	0.21073157	0.23147435
0.13429031	-0.15216403	-0.09132287	0.13844666	0.0854087	-0.13180034	-0.09656732
-1.5720283	1.5833817	1.5295409	-1.6291152	-1.5323769	1.4832803	1.583228
-0.5582439	0.6019341	0.5432163	-0.5650558	-0.59151226	0.58495724	0.6093286
-0.68228364	0.6931092	0.7127799	-0.6431036	-0.6223843	0.6690264	0.71046656
0.15795186	-0.15171428	-0.15336841	0.13598351	0.07558554	-0.07714852	-0.096223496
0.11225619	-0.14538129	-0.1250359	0.103809915	0.05626307	-0.0907505	-0.066198796
0.59056556	-0.5676443	-0.5545488	0.5955716	0.5924719	-0.5159041	-0.64969176
-0.16364527	0.15488757	0.15428688	-0.09972024	-0.16883734	0.09588742	0.12759326
0.7853744	-0.791826	-0.80486673	0.87261814	0.78604203	-0.7751424	-0.7839517
-0.56847584	0.56438434	0.5829309	-0.61638355	-0.52723885	0.50449944	0.55110586
-0.9764346	0.98175997	0.99945724	-0.9802453	-0.9339046	0.88301516	0.9953331
-0.8156688	0.7465814	0.797903	-0.8304772	-0.8058329	0.7343992	0.7847165
1.5151246	-1.5777159	-1.5765055	1.5323322	1.4936988	-1.4660683	-1.610332
-0.114531234	0.11819509	0.08051763	-0.15175316	-0.16322166	0.14163373	0.1263301
-0.50102663	0.51736206	0.45204479	-0.43680814	-0.43428314	0.4399753	0.49367973
0.1665567	-0.18014695	-0.23349348	0.22526568	0.20754902	-0.17090353	-0.18694046
-0.65273404	0.7270199	0.7015038	-0.65945673	-0.65709376	0.67032725	0.7292524
0.051045317	-0.1111399	-0.050442837	0.019039191	0.08943622	-0.089131854	-0.080762714
-0.04048475	-0.045260686	-0.017377082	0.021105537	0.030998534	-0.04447859	-0.015580323
-0.5421727	0.5491043	0.5623638	-0.56754875	-0.5406818	0.5553459	0.52079123
0.24094468	-0.22818542	-0.25384986	0.2143889	0.18607797	-0.24311776	-0.28020272
1.2000405	-1.1714729	-1.1002228	1.1497905	1.0373243	-1.0376484	-1.1805475
-0.84261084	0.8864906	0.86957425	-0.91267836	-0.843034	0.8020172	0.89492935
-0.15299831	0.12578735	0.20684163	-0.16139504	-0.15054357	0.20273696	0.21201472
-0.46679282	0.5175131	0.5011238	-0.49818298	-0.493367	0.52262586	0.5474064
-0.7605177	0.78832597	0.7450995	-0.72018903	-0.6776861	0.73834425	0.7060641
-0.8772448	0.8896399	0.92531365	-0.8812946	-0.88345736	0.87348396	0.9494868
-0.15492232	0.18491729	0.123703144	-0.15413785	-0.19357038	0.20510508	0.13522807
-1.9813898	2.0663757	2.0493002	-1.9914508	-1.8946702	1.9377092	2.0207722
-1.1737336	1.1090803	1.1229776	-1.0814005	-1.0822294	1.0606933	1.1695464
-1.2988344	1.3541164	1.3668243	-1.3937725	-1.2624885	1.2627664	1.3912842
-0.6557517	0.6632899	0.69591933	-0.65560275	-0.63665193	0.62284374	0.6508891
-0.49962196	0.52977514	0.5044255	-0.5483995	-0.51335377	0.5010848	0.53287643
0.96784174	-0.9270108	-0.959097	0.9488297	0.95432043	-0.90906143	-0.9428389
-0.8827191	0.87775606	0.8428351	-0.84525466	-0.8583175	0.80690056	0.8835973
-0.011842459	0.041308675	0.08638207	-0.018079622	-0.10292973	0.04289941	0.03505542
0.61713344	-0.57701385	-0.5607689	0.57153463	0.5529328	-0.5079675	-0.54641944
-0.62768453	0.6123394	0.6519226	-0.6294355	-0.61739886	0.6308115	0.5994479
0.7533558	-0.71240175	-0.67981243	0.699532	0.6740844	-0.68155384	-0.7469084
-0.6158094	0.6214582	0.5913439	-0.5761454	-0.53225034	0.53287107	0.57214725
0.8002753	-0.81587875	-0.7378242	0.82685137	0.6989705	-0.7814813	-0.8265055
-0.3579852	0.29026085	0.30719292	-0.29469964	-0.31144235	0.3726321	0.35751334
0.8373196	-0.81772375	-0.7764839	0.86630327	0.7438451	-0.75138617	-0.78387
0.73572177	-0.72386116	-0.7131611	0.7011468	0.70394844	-0.73483366	-0.68965
-0.03593186	0.072784305	0.05685635	0.010446806	-0.018914193	0.05629517	0.07862225
-0.27808213	0.23072715	0.25613162	-0.2813362	-0.23235354	0.21400698	0.24929707
-0.10808262	0.1691179	0.1848958	-0.11387243	-0.10186717	0.10836705	0.11961904
-0.04150868	0.04941861	0.04115652	-0.0011351961	-0.038513858	0.034036007	-0.000888474
-0.5422668	0.48343536	0.48443037	-0.45254207	-0.510071	0.45749557	0.5429213
-0.105759285	0.16543476	0.188688	-0.13651745	-0.19760558	0.17194727	0.17602001
0.4577211	-0.4892463	-0.43729088	0.43713304	0.3928308	-0.4017398	-0.47122929
0.09696932	-0.06461315	-0.14116083	0.10619137	0.11632758	-0.10363576	-0.070659615
0.94255114	-0.9047749	-0.8775318	0.878617	0.8953344	-0.89536005	-0.9169523
-1.0691763	1.025429	0.98404783	-0.98581314	-1.0039468	1.0335978	0.9957329
0.40773517	-0.4450113	-0.41216472	0.4469735	0.3882361	-0.359723	-0.46925762
-0.40003106	0.4549405	0.42490402	-0.44011012	-0.39354956	0.36962244	0.4358795
-1.1166426	1.1264701	1.0821284	-1.1187428	-1.0589758	1.0580717	1.1476747
-0.08350105	0.04442516	0.10487594	-0.0978083	-0.121477686	0.11458903	0.05295151
0.39796057	-0.42524523	-0.38919446	0.38783783	0.42253256	-0.3928124	-0.40963662
-0.490326	0.48928583	0.4800593	-0.52762884	-0.530903	0.52102184	0.5500151
-1.0736455	1.0709019	0.9828438	-1.0709281	-1.003077	1.0216036	1.0268734
-0.33562222	0.34542567	0.2702753	-0.30830565	-0.29330054	0.28186876	0.35635594
0.79431874	-0.7809628	-0.7919723	0.71144205	0.66989934	-0.73255575	-0.70805216
-0.324575	0.33073896	0.24892154	-0.29300877	-0.31335315	0.28830695	0.3108764
1.1617054	-1.1227372	-1.1024204	1.1138157	1.041189	-1.0401407	-1.1305076
-1.6347417	1.6462103	1.7132617	-1.6886058	-1.5828606	1.6064918	1.6491699
-1.0322623	1.0257641	1.0131321	-1.0320343	-0.9877234	0.9629031	1.0386596
-0.870978	0.89839935	0.89750004	-0.88855004	-0.86416054	0.8357018	0.8765548
1.2352657	-1.2659398	-1.2824389	1.3320677	1.2144272	-1.2722073	-1.283558
0.33176506	-0.27803826	-0.280514	0.34816235	0.3473659	-0.25601682	-0.36583224
-0.59068215	0.5506112	0.5436729	-0.57573825	-0.5874391	0.51215625	0.5846943
0.21893138	-0.2660465	-0.26180455	0.22234942	0.24005708	-0.22528756	-0.20986798
1.0446419	-1.0806504	-1.0604507	0.998402	0.99256235	-0.9796399	-1.0381718
-0.04039447	0.1284047	0.06803145	-0.1387908	-0.09027171	0.054537516	0.111141175
0.45887926	-0.41515845	-0.46939516	0.44092682	0.43395883	-0.3977757	-0.43618187
0.12544248	-0.0902169	-0.10502755	0.11195818	0.14774448	-0.14213401	-0.17325318
0.14884862	-0.16165183	-0.16838239	0.18612565	0.14436081	-0.12458856	-0.18940489
-0.008511623	0.006420124	-0.002032548	0.0057331244	0.03917973	-0.0014753474	0.0073916297
-0.8928497	0.854156	0.9094372	-0.9105131	-0.8287836	0.8364546	0.91542685
-0.29376876	0.27840108	0.32954547	-0.28177693	-0.2821912	0.3036744	0.27461454
-0.9835415	0.9217532	0.96312726	-0.9122072	-0.89356923	0.9416043	0.9750622
1.6172136	-1.6060492	-1.6467965	1.5886796	1.5715578	-1.5041502	-1.6405714
-0.28489134	0.25823238	0.3025274	-0.3180523	-0.23855768	0.27574456	0.24612938
-0.045876127	0.032358244	-0.009714664	-0.07281907	-0.0017638077	0.004266742	-0.008893431
-0.96259266	1.028473	0.9830814	-0.94469297	-0.9329269	0.92217875	0.99162555
-0.18209963	0.18554436	0.23942253	-0.22441468	-0.18453546	0.15452278	0.25332856
1.4286804	-1.4392211	-1.3928947	1.3513298	1.3609703	-1.2958473	-1.4030623
0.6180108	-0.6312479	-0.6416282	0.6165498	0.6179632	-0.5513226	-0.65490836
-0.67009795	0.606227	0.6603114	-0.6708373	-0.63753295	0.55839765	0.59667325
-0.059349578	0.06050961	0.062330294	-0.016493868	-0.07305733	0.012153319	0.047181666
-0.56360847	0.65985996	0.6079311	-0.63737047	-0.6173081	0.62806755	0.6209169
-0.0826439	0.1454401	0.15913579	-0.07306745	-0.13745303	0.13141085	0.12762171
0.030434765	0.0035503947	0.05237592	0.011213268	-0.05736336	0.045373112	-0.008208834
0.30708316	-0.24198431	-0.23153636	0.2745002	0.28825623	-0.24675772	-0.2812553
0.15429798	-0.1679308	-0.21680206	0.14126086	0.16642855	-0.15241663	-0.14492585
-0.48146784	0.41952503	0.4268963	-0.40768567	-0.40935713	0.4294854	0.45948774
0.6303383	-0.6695941	-0.6194885	0.64303225	0.5801753	-0.61080945	-0.62401986
1.1203824	-1.0991125	-1.1240243	1.1436402	1.0920299	-1.0054603	-1.1045413
-0.8275945	0.80083287	0.85281956	-0.8308409	-0.76977456	0.8086512	0.80876684
-0.813826	0.7228106	0.75760365	-0.8160586	-0.7647003	0.72383744	0.8004879
-0.60957396	0.6943561	0.6162437	-0.691782	-0.64673644	0.6367509	0.7028531
0.912949	-0.87776566	-0.85283095	0.9117024	0.8107439	-0.8190414	-0.923007
0.09256075	-0.12928	-0.12339255	0.065776534	0.12829956	-0.08375063	-0.121262595
0.23021215	-0.3167892	-0.22464432	0.30140617	0.20929499	-0.22976825	-0.31274074
-1.0401813	1.0057325	1.0098026	-1.0608141	-1.0377016	1.0505252	1.0820001
0.846012	-0.91086566	-0.9285988	0.9205182	0.857215	-0.89829254	-0.9095049
0.5882906	-0.6348552	-0.61741513	0.614292	0.6149482	-0.6200495	-0.6004143
0.63565266	-0.6307885	-0.6714884	0.64027274	0.6597049	-0.68960816	-0.68640107
-0.017559828	-0.036600135	-0.014937375	-0.04523005	-0.04074956	-0.046763156	0.039345942
-0.34518978	0.32007462	0.34406984	-0.3119303	-0.3540057	0.35401946	0.31025726
0.8770641	-0.83260965	-0.90049124	0.89522153	0.81594306	-0.8757275	-0.9015963
-0.3394174	0.3636621	0.31152412	-0.3294275	-0.33369827	0.3590474	0.38093582
-0.38816056	0.36461937	0.39774638	-0.43161744	-0.38194042	0.42679214	0.35570326
-0.26900342	0.30070823	0.26606545	-0.29428244	-0.24736287	0.3054281	0.2854735
0.9799851	-1.0414213	-0.9675717	0.98560476	0.9526338	-0.9808057	-0.9536984
-1.9515795	1.9415826	1.9647545	-1.9740059	-1.832793	1.8122057	1.9039276
-0.03132014	0.019187959	0.019239645	-0.04658771	0.04112031	-0.010102626	0.016441625
-0.9287662	0.9307685	0.9152679	-0.93957174	-0.8535579	0.8813665	0.89494336
0.6872634	-0.5924942	-0.65756845	0.63857335	0.5557424	-0.5570223	-0.6154626
-1.6999003	1.7002813	1.7109295	-1.7277126	-1.6663419	1.603556	1.7046438
1.3649753	-1.3679737	-1.397798	1.3710989	1.2806334	-1.3251091	-1.4270105
0.12155632	-0.057533015	-0.024844969	0.117574096	0.087945856	-0.08967905	-0.03177212
-0.08597211	-0.00017262177	0.025997696	-0.088360496	-0.031538885	-0.0028664034	0.07383157
0.22755668	-0.162507	-0.158297	0.1676941	0.14590667	-0.18714364	-0.15477967
0.45240214	-0.40685254	-0.4588577	0.46309242	0.38121897	-0.37168917	-0.41864678
0.5942016	-0.53855276	-0.5955412	0.5869351	0.59333235	-0.5295947	-0.5389287
0.5368187	-0.5261118	-0.5143976	0.5072898	0.52714485	-0.4582019	-0.48158148
0.39998853	-0.43309042	-0.44768104	0.45596114	0.4284569	-0.4584655	-0.45492068
0.37266222	-0.44020802	-0.4294914	0.4036202	0.35760072	-0.33829013	-0.39779687
-0.2293964	0.29550973	0.24646255	-0.28837928	-0.27117285	0.24804811	0.29212016
0.594918	-0.62172014	-0.5461418	0.54713833	0.54540503	-0.5911078	-0.5394455
-0.18696545	0.20679723	0.2433161	-0.20868404	-0.18337607	0.20234531	0.1975425
-0.8777268	0.90801567	0.8695245	-0.9223433	-0.841252	0.87591255	0.8396729
1.336742	-1.278819	-1.2840838	1.3470727	1.2652284	-1.2731963	-1.3765084
-0.21619295	0.15917864	0.23331614	-0.16299252	-0.15649626	0.15755063	0.2416748
-0.33308336	0.4039193	0.3853829	-0.3485031	-0.4084563	0.35164383	0.3380668
0.48245007	-0.4263335	-0.46341088	0.487311	0.37695676	-0.44254115	-0.48222965
-0.8840304	0.9688057	0.88161224	-0.8967892	-0.8883034	0.8493956	0.91906106
-0.5733559	0.49078262	0.53151894	-0.55871487	-0.544611	0.5515721	0.53500146
-0.70076704	0.74623686	0.75157917	-0.69571304	-0.7004305	0.6645579	0.7438376
0.8038085	-0.7489929	-0.7253294	0.7980936	0.6808475	-0.7021047	-0.79017895
-0.17707661	0.19295132	0.2539649	-0.18793173	-0.23845784	0.23059581	0.1725766
-0.8188701	0.87666655	0.892055	-0.83435494	-0.86316127	0.80628663	0.91591394
0.84658164	-0.90143776	-0.886984	0.8963995	0.83246607	-0.82680833	-0.8823339
-1.461772	1.501315	1.4326854	-1.4668636	-1.351119	1.4376444	1.4202455
0.783263	-0.7646428	-0.8510345	0.8536469	0.8161378	-0.7380843	-0.81729424
0.123615816	-0.08058384	-0.08635688	0.17122364	0.110808894	-0.0724871	-0.16386434
-1.5890203	1.6783327	1.6269116	-1.601852	-1.5743146	1.5594062	1.5874908
-0.89770013	0.94563514	0.9669427	-0.953158	-0.89436567	0.8639846	0.92924273
-0.4738705	0.55771697	0.5100636	-0.5627142	-0.46174395	0.54308176	0.5070454
0.45375413	-0.39862654	-0.4209478	0.4840991	0.4005984	-0.3901584	-0.39166316
-1.414806	1.3635596	1.375807	-1.3797121	-1.3246439	1.2897747	1.4353969
1.7510444	-1.7303648	-1.7564592	1.760606	1.645502	-1.6343515	-1.698123
-0.013607365	-0.029899392	-0.014573199	0.065458156	0.068972856	-0.037850074	-0.03975473
0.29814163	-0.26164582	-0.3118456	0.28146198	0.24778098	-0.24024306	-0.22477366
0.68098384	-0.6841049	-0.6400668	0.6733956	0.67600596	-0.66339976	-0.696599
0.88844436	-0.88038534	-0.81765276	0.86637735	0.797199	-0.85200965	-0.8213457
-0.07756116	0.009175533	0.017132118	-0.05033542	-0.09146592	0.10742704	0.09629767
-0.65752625	0.695731	0.6657871	-0.697747	-0.6974386	0.66969794	0.68394727
0.20800969	-0.20716451	-0.21323088	0.25339505	0.24422006	-0.23820676	-0.21381952
-0.34287977	0.37985376	0.4023833	-0.31553298	-0.3681068	0.39574984	0.32465208
-0.7462772	0.726007	0.7420007	-0.81207216	-0.685084	0.7542934	0.7856875
0.1903213	-0.1692863	-0.22792107	0.15804273	0.21186598	-0.1516953	-0.15315208
-0.5134443	0.46734846	0.48177618	-0.49668148	-0.44303843	0.46631056	0.48392466
0.77352923	-0.76545453	-0.78581476	0.73355097	0.75419426	-0.67870086	-0.7705757
-0.78106207	0.8200901	0.79244065	-0.75697595	-0.76413465	0.8015361	0.77354044
0.8080424	-0.837236	-0.84244704	0.807753	0.75822604	-0.81534016	-0.82718205
1.1173748	-1.0682185	-1.1308124	1.1411165	1.074647	-1.0219561	-1.0663966
-0.18507303	0.22785087	0.21176057	-0.23158251	-0.2454284	0.22793919	0.24379104
-0.12986614	0.05785112	0.06351482	-0.13595371	-0.0789117	0.10886651	0.079662286
-0.9193347	0.85876817	0.9176816	-0.87172174	-0.87941116	0.8205698	0.8651073
-0.5944112	0.57278347	0.5372111	-0.59768987	-0.58421034	0.5818593	0.5807974
-0.4283904	0.35405606	0.3521966	-0.34329474	-0.37643737	0.36864218	0.4143751
-0.7847716	0.8451355	0.8713799	-0.8281888	-0.77799773	0.77197975	0.81690377
0.40193275	-0.48705652	-0.41322616	0.41542172	0.43699002	-0.38156748	-0.45349392
-0.5065296	0.5443447	0.5293891	-0.5162284	-0.5507586	0.5417025	0.5290934
-0.38887766	0.47024146	0.4726704	-0.38593316	-0.37924007	0.4260104	0.4289322
-0.44356674	0.37759325	0.3945584	-0.46375197	-0.388498	0.43790507	0.42474937
0.7192025	-0.6974786	-0.6904212	0.70567995	0.6821241	-0.63147753	-0.7079657
1.5674034	-1.5746348	-1.5397568	1.5973516	1.4934578	-1.4623232	-1.6115575
-0.7573265	0.70887166	0.7132108	-0.7400921	-0.7405202	0.7517601	0.74855876
0.15992877	-0.17476037	-0.15756893	0.17344424	0.15734378	-0.12703085	-0.22309783
0.018418595	0.034700118	-0.014223155	-0.0018968247	-0.03492744	0.03868325	-0.0053529562
-0.042103305	0.030702947	0.123680316	-0.03525602	-0.106478155	0.06625685	0.041585766
0.78600705	-0.7813204	-0.8191982	0.78551215	0.7919526	-0.7213769	-0.7970943
0.83178496	-0.79768217	-0.7355713	0.76612365	0.7544192	-0.73311484	-0.82202804
1.7035393	-1.6873832	-1.6711192	1.6385192	1.6151462	-1.5384909	-1.6349308
1.2214409	-1.2270525	-1.220969	1.2251232	1.1402352	-1.138747	-1.2898327
0.7619619	-0.7522987	-0.6941978	0.6897512	0.6936138	-0.64345574	-0.7276542
-0.2968388	0.32476845	0.2368725	-0.3030899	-0.30542886	0.24213551	0.2780206
0.118867785	-0.08375248	-0.041646928	0.06389644	0.06940073	-0.0426909	-0.049660057
-0.2537454	0.32068655	0.27497447	-0.3262655	-0.3008122	0.23377956	0.2645707
-0.03644777	-0.0022829375	-0.0191117	0.0090666115	-0.00032958074	-0.030607663	-0.028476538
1.4888172	-1.5014182	-1.4325354	1.4850638	1.3845996	-1.3719132	-1.4920638
-0.6754595	0.6344932	0.6408386	-0.6808009	-0.6357287	0.6034988	0.6645062
1.2976342	-1.2284203	-1.2703763	1.2799083	1.174192	-1.2151092	-1.28036
-1.0928384	1.0272074	1.0860541	-1.030418	-0.9908263	0.99790174	1.0474149
-0.11720723	0.07376652	0.08215848	-0.07311114	-0.03557349	0.094519526	0.024466367
-0.88403493	0.8559833	0.8800987	-0.87192625	-0.816733	0.8583064	0.9249953
0.6465201	-0.65701056	-0.63992304	0.5890086	0.6481147	-0.5952351	-0.6772036
0.8074101	-0.7860374	-0.8662755	0.81281906	0.77951735	-0.7965881	-0.8515259
0.88858205	-0.92866266	-0.9234387	0.92316186	0.8655667	-0.8885763	-0.88690317
0.32664117	-0.2781502	-0.26581222	0.24393572	0.2458373	-0.24278688	-0.30794197
0.36997113	-0.34356874	-0.39029354	0.34826452	0.284191	-0.3402766	-0.4018913
0.22166447	-0.16660172	-0.20711797	0.15733597	0.14588428	-0.23656952	-0.17234595
-0.55905664	0.52791435	0.5447428	-0.5437446	-0.5168912	0.56371975	0.59762007
0.6184998	-0.62352467	-0.6237361	0.6613835	0.5494639	-0.6393056	-0.6616616
0.5715875	-0.5499988	-0.5453192	0.6208254	0.57098836	-0.48945764	-0.56377286
0.600022	-0.54448587	-0.56664896	0.6105207	0.5777532	-0.51344377	-0.557639
0.42869803	-0.44419712	-0.35528114	0.42407393	0.3802178	-0.32737026	-0.4097573
-0.94212145	0.9855255	0.9375636	-0.97857755	-0.9065081	0.9450518	1.0077511
-0.9485689	0.90832424	0.86521906	-0.92901945	-0.8738605	0.9035832	0.8738274
0.80175465	-0.76282555	-0.77230567	0.76128006	0.724084	-0.7454016	-0.82037604
-0.77514243	0.7720866	0.7642785	-0.77220917	-0.66445845	0.708009	0.69243246
-0.26702392	0.27917507	0.29028004	-0.33841413	-0.3079656	0.29335332	0.31193227
0.5292071	-0.48031503	-0.53051007	0.49153125	0.46455777	-0.5307816	-0.5361064
-0.79370177	0.8394484	0.8074927	-0.8209901	-0.73104304	0.77102363	0.7803214
0.6358641	-0.59210503	-0.60262305	0.6682422	0.6195185	-0.53021437	-0.63893396
1.6433138	-1.6264592	-1.5936561	1.6350517	1.5258237	-1.5954572	-1.5918137
-0.63982016	0.6272343	0.57954925	-0.6232336	-0.53880477	0.5302046	0.5893816
0.290448	-0.26670402	-0.26163283	0.26528352	0.23567922	-0.24950637	-0.3168188
0.07403914	-0.08635307	-0.14228953	0.09538667	0.08205783	-0.13652638	-0.15490913
-0.19017489	0.2105515	0.24661009	-0.23487863	-0.20234697	0.22284174	0.24435212
-0.17558804	0.11063351	0.16977164	-0.15260223	-0.16513252	0.09512378	0.1011495
0.41723144	-0.3732332	-0.39565322	0.41686517	0.37708628	-0.40410715	-0.38542482
-0.2895621	0.306036	0.2593284	-0.2653325	-0.23313197	0.2819392	0.24876384
0.8583376	-0.90167356	-0.8674984	0.848261	0.8201542	-0.83457804	-0.81380826
-0.24633616	0.20669846	0.2281978	-0.20543249	-0.18160553	0.20855926	0.18834083
-0.1759153	0.109547764	0.13614452	-0.11593385	-0.14733149	0.15863205	0.07729686
0.5865233	-0.5766611	-0.516073	0.53858966	0.49186268	-0.5143551	-0.5823007
-0.40691304	0.35145372	0.38248923	-0.33874553	-0.3947347	0.38461107	0.36963162
-0.7121129	0.62613684	0.6818902	-0.66572785	-0.6868394	0.6934893	0.6303519
0.62325203	-0.56963974	-0.634002	0.6535238	0.58071446	-0.52975744	-0.66036236
1.0226734	-1.0365329	-0.9849177	1.0149317	0.9464568	-0.93288577	-1.0345111
0.72864413	-0.7443443	-0.66125375	0.7419543	0.65500575	-0.6513348	-0.6967454
1.0977253	-1.1443455	-1.0791645	1.1568038	1.054749	-1.0584189	-1.080137
1.3221157	-1.3657743	-1.3155357	1.3852766	1.2452844	-1.3340646	-1.4066991
0.39020634	-0.3896444	-0.33211234	0.3341642	0.31068793	-0.31841642	-0.32313454
0.77348036	-0.7732883	-0.7505456	0.72511107	0.72324127	-0.70262235	-0.76887095
1.2360668	-1.2972343	-1.2438295	1.2493422	1.1600913	-1.216261	-1.2521309
-0.34176302	0.3201596	0.33112603	-0.32505298	-0.301838	0.34639668	0.3444251
-0.35282874	0.41011536	0.4134961	-0.38802055	-0.31291848	0.3417353	0.34264165
-1.1490506	1.0701264	1.1564467	-1.081364	-1.0182555	1.0656658	1.1494738
0.21640755	-0.16561984	-0.21933825	0.22295475	0.1686197	-0.15082651	-0.2502458
-0.38069683	0.38370568	0.3890328	-0.37934285	-0.37663558	0.32666087	0.3325853
0.5151848	-0.5622393	-0.53020215	0.57012415	0.52094156	-0.5413	-0.5019437
0.94809175	-0.9850664	-0.9787209	0.9103651	0.89269483	-0.91260546	-0.9144038
1.1377432	-1.1301571	-1.1438128	1.2089398	1.0588274	-1.1456618	-1.1444297
0.031248877	-0.050098203	-0.059683975	-0.01852923	-0.0130872335	-0.0033898384	0.0007851393
-0.45157444	0.45169094	0.4278567	-0.4341951	-0.46113354	0.432555	0.44677106
-0.4396306	0.43812692	0.43244427	-0.48099303	-0.4608019	0.4285161	0.42543966
0.81832486	-0.8815517	-0.79692906	0.820255	0.8167127	-0.7560639	-0.896137
1.3307751	-1.3065767	-1.3280865	1.3377297	1.2624103	-1.3008364	-1.3723326
-0.98607826	0.94118124	0.9795937	-0.9261575	-0.9695253	0.9624529	0.95836097
-0.18034546	0.18521838	0.27093562	-0.23782642	-0.23761322	0.1836684	0.19300757
0.41075698	-0.42363864	-0.43138662	0.35774744	0.38774908	-0.35933244	-0.44653502
-0.3296438	0.30561933	0.3595273	-0.30051422	-0.3286411	0.3598336	0.33201605
1.0416297	-1.0569544	-1.1123368	1.0535748	1.0713656	-1.0578464	-1.0993017
-0.56420237	0.5585355	0.5417137	-0.55883074	-0.4762415	0.48927873	0.5682912
0.023678025	0.021342784	-0.055950508	-0.0027965356	0.028320534	0.01702059	0.0085172495
-0.061433367	0.15352777	0.1394336	-0.10366492	-0.06912069	0.12575123	0.07523297
-1.0758226	1.0330967	1.0773703	-1.0398551	-0.97493666	0.948501	1.0683914
-0.554352	0.47149244	0.50973636	-0.4860537	-0.5308058	0.5170403	0.48125362
-0.41593695	0.37432164	0.40239674	-0.40816486	-0.36605808	0.36257404	0.37481037
-0.33664405	0.28356528	0.318129	-0.3255686	-0.27602407	0.26809275	0.3793802
0.59179157	-0.60258216	-0.57890975	0.5727175	0.59372884	-0.57045394	-0.58967435
-0.2499866	0.28460982	0.29358056	-0.3170018	-0.3036723	0.31079102	0.24399549
0.11709577	-0.10457842	-0.16368668	0.14539012	0.08068649	-0.16570587	-0.09652721
1.4789453	-1.4421605	-1.4814112	1.482933	1.4085941	-1.4498794	-1.4793576
0.120762594	-0.06305819	-0.105243646	0.08624851	0.1228949	-0.09934881	-0.15592633
-0.47217843	0.43539876	0.4348461	-0.47241735	-0.44900575	0.49222612	0.44631496
0.5668458	-0.56716764	-0.613378	0.5939465	0.56880677	-0.56086874	-0.62626547
-0.44999132	0.45225713	0.4326611	-0.4709161	-0.4099225	0.46557432	0.4511742
1.6083791	-1.6558986	-1.6279784	1.661486	1.5370885	-1.5623662	-1.6737438
0.7576521	-0.7539989	-0.70374686	0.688633	0.68915105	-0.6997664	-0.7417477
-0.19740492	0.2332707	0.20539927	-0.19249442	-0.19462861	0.16577177	0.20396425
-1.4447901	1.4441808	1.367544	-1.4423592	-1.3061811	1.3285989	1.4183979
-0.6667147	0.71732193	0.70782	-0.66929126	-0.64473087	0.67069364	0.71288687
-0.3645191	0.3468705	0.40705323	-0.39570975	-0.37537554	0.3507944	0.38524044
-0.18851185	0.21626112	0.2155897	-0.19746682	-0.21024494	0.20076638	0.23346245
-0.51032776	0.45704037	0.5247876	-0.46097735	-0.44189546	0.50766546	0.47764072
-0.8052214	0.78261214	0.7829688	-0.8481907	-0.83698887	0.80982244	0.8112565
-0.5332011	0.52860725	0.47564995	-0.49295202	-0.49004897	0.5337487	0.51232296
0.29086897	-0.2692967	-0.27352688	0.24676888	0.19809827	-0.27176896	-0.29051545
1.5484805	-1.5433255	-1.6349112	1.6298425	1.5028042	-1.5182446	-1.5432698
-0.11850162	0.08920561	0.0390977	-0.086472854	-0.094818525	0.07895989	0.08995368
-0.93378025	0.98214674	0.906666	-0.91952324	-0.87059957	0.91708094	0.98147863
-0.4092513	0.4542294	0.45176437	-0.4795295	-0.3774276	0.42068645	0.45310792
0.33733457	-0.3476705	-0.41652268	0.3847185	0.37285164	-0.37074998	-0.37180796
-1.0612931	1.1268253	1.1295086	-1.1306124	-1.050309	1.0818505	1.1363803
0.47261667	-0.4990546	-0.47947404	0.43245298	0.44316015	-0.41883108	-0.45018336
-0.07814482	0.14992961	0.081318766	-0.10036723	-0.123177886	0.06781271	0.13044329
0.35887966	-0.28802142	-0.28441238	0.2774385	0.29049745	-0.31200904	-0.3119879
0.44359332	-0.45073476	-0.46319956	0.48231146	0.47636706	-0.44931242	-0.47692153
-1.1424364	1.1191331	1.1140012	-1.1442195	-1.1358615	1.0765281	1.204802
-1.1116163	1.0897725	1.0447845	-1.1348548	-1.0754701	1.0885288	1.078835
0.03188879	-0.10897936	-0.108126804	0.08160315	0.10518413	-0.07433716	-0.03493554
0.030655254	-0.027149396	-0.030271519	0.021625483	-0.0021723784	-0.019862732	-0.062118523
-0.31676283	0.3566945	0.37137914	-0.4127736	-0.30260822	0.35516167	0.41236806
1.0126822	-1.0195959	-1.066061	1.0204475	1.0005473	-0.9486474	-1.0806477
0.024430506	0.05813807	0.06577858	-0.0019388885	-0.04479658	-0.0070965276	0.016097842
-0.6728226	0.7145544	0.7153335	-0.686643	-0.6758988	0.6831508	0.73777044
-0.38890746	0.34459263	0.41578573	-0.41661736	-0.30406275	0.32984897	0.33679193
1.4717575	-1.4600272	-1.4923156	1.4752603	1.3686383	-1.4418815	-1.490128
0.1922216	-0.1033107	-0.119078115	0.11852733	0.1591035	-0.09734159	-0.103060976
0.674667	-0.6785234	-0.649883	0.62490034	0.5727429	-0.6078762	-0.6926975
0.2409758	-0.31585345	-0.27753532	0.26297906	0.2898664	-0.2881491	-0.26402596
0.26567045	-0.2610687	-0.24098486	0.30777812	0.21247114	-0.19690229	-0.30029702
-0.24938045	0.31021896	0.29330388	-0.26009423	-0.25312048	0.24147104	0.2762989
-0.57556814	0.6246499	0.56724924	-0.6428049	-0.5732937	0.56931645	0.56205213
0.68999344	-0.71671814	-0.75014484	0.684622	0.65162003	-0.6902638	-0.69237596
-0.5228435	0.52655345	0.46347314	-0.4757008	-0.51093405	0.4316682	0.45647305
1.1519133	-1.1540661	-1.1465805	1.1174309	1.1210287	-1.1222177	-1.1472323
-0.8786424	0.8334432	0.8378087	-0.8355293	-0.7970884	0.76362085	0.8042604
-1.2368774	1.2384367	1.1885573	-1.1832073	-1.1831608	1.1124303	1.2302456
-0.27936038	0.2605966	0.3241947	-0.28405726	-0.30340356	0.26158482	0.3227096
-0.22063313	0.18775098	0.19408512	-0.21725854	-0.18485923	0.12802498	0.19572058
-0.21094978	0.17928268	0.19141363	-0.24028547	-0.17681009	0.16213827	0.24879958
0.1446403	-0.20432612	-0.21259855	0.1753385	0.16136086	-0.11333649	-0.15347885
-0.6080816	0.5932561	0.5857477	-0.6489218	-0.65232456	0.5602045	0.59135234
-0.7072013	0.6250046	0.6769261	-0.6842869	-0.67380863	0.6579094	0.62072206
-0.064782016	0.10502867	0.056008115	-0.097102106	-0.11677959	0.108307816	0.07447435
0.033026326	0.0453992	0.0010437851	0.022795396	-0.04659313	-0.030605631	0.024465114
1.6116216	-1.5597278	-1.5523614	1.6290739	1.5224699	-1.5680326	-1.6059892
1.2232895	-1.2371885	-1.2667788	1.2044003	1.1156558	-1.1978711	-1.2379422
-0.014995201	0.02414195	-0.019362325	0.01024707	0.001401379	0.0649217	0.016166883
-0.40400815	0.37585402	0.34051466	-0.38007823	-0.3276427	0.3887523	0.38429293
0.09847973	-0.18769296	-0.12779045	0.14129025	0.12536801	-0.12090538	-0.17342119
-0.98287404	0.95324665	0.92174584	-0.9271087	-0.863429	0.9063767	0.94319904
-0.100414015	0.17463505	0.17461656	-0.14087516	-0.14409563	0.09828911	0.08893092
-0.266043	0.24093722	0.21365811	-0.2115658	-0.20705003	0.28937802	0.2234867
0.51542914	-0.5379464	-0.48907647	0.58598775	0.53171635	-0.5353261	-0.5464254
0.42334804	-0.44921649	-0.43748125	0.48931646	0.45329952	-0.40297693	-0.44538385
-1.2456086	1.213429	1.2898417	-1.2167159	-1.1774753	1.1740923	1.2556071
0.21487384	-0.2023492	-0.18738325	0.19817719	0.15019429	-0.1974261	-0.19427828
0.7559264	-0.7327042	-0.7717634	0.78175175	0.7512509	-0.73359334	-0.79400146
0.37189353	-0.37936017	-0.36118883	0.36432996	0.35211065	-0.33858186	-0.3613589
1.6434729	-1.6810803	-1.6011826	1.6797631	1.5565228	-1.6077851	-1.6219889
-0.06465924	0.020836217	0.0637899	-0.056289572	-0.08047686	0.004436721	0.037448604
-0.7373929	0.72471374	0.728815	-0.6892709	-0.72418314	0.6423249	0.7278869
-0.54295564	0.5074675	0.5245509	-0.49695018	-0.5015488	0.4960729	0.528398
0.17604041	-0.14401269	-0.15813315	0.15103124	0.18722498	-0.17695078	-0.12934054
-1.3966699	1.3749698	1.3589833	-1.3854054	-1.2746869	1.3048197	1.3201463
-0.9008506	0.90730935	0.90758127	-0.8515077	-0.800679	0.83519316	0.8625527
-0.5076248	0.5234815	0.49480247	-0.53042495	-0.4848664	0.48542926	0.5372158
0.6403672	-0.6677594	-0.6134842	0.6937786	0.62614965	-0.63136536	-0.64666456
0.603985	-0.6026806	-0.5916389	0.62260085	0.5647549	-0.5272775	-0.5979232
0.08641211	-0.061960284	-0.015989281	0.04619761	0.074096486	0.004422309	-0.08244679
-0.94647473	0.9767724	0.9680521	-0.92392707	-0.8871122	0.89313793	0.97593915
0.1287879	-0.131429	-0.14303926	0.14698084	0.08672242	-0.14353539	-0.15519151
-0.52269554	0.5562129	0.56463736	-0.5053547	-0.5105572	0.44854316	0.4830902
0.7152414	-0.6997072	-0.69197035	0.7440174	0.6487512	-0.69603723	-0.7389607
-0.16055614	0.08834604	0.1010823	-0.122799784	-0.096733116	0.0948151	0.110099286
-1.6392314	1.6188564	1.6623288	-1.5952821	-1.5785781	1.5998447	1.6395236
0.48093143	-0.45249686	-0.41356876	0.40962666	0.43914428	-0.3909684	-0.40486088
0.057371758	-0.068977915	-0.057146184	0.118201956	0.06560683	-0.057945017	-0.08701592
0.90738887	-0.82528543	-0.87372124	0.8848153	0.7902041	-0.8351831	-0.9179655
-0.6546201	0.60831404	0.64275986	-0.65879625	-0.6438584	0.6142052	0.67285347
0.40702733	-0.44601685	-0.42493394	0.441512	0.41474473	-0.4299124	-0.48013586
1.2576392	-1.2431252	-1.1936913	1.2367418	1.2041926	-1.13329	-1.2138939
0.28714848	-0.23416965	-0.2613502	0.24233581	0.27487838	-0.25966322	-0.27450764
0.6267974	-0.65633255	-0.64551085	0.6228368	0.63689506	-0.5975485	-0.6602777
0.12697646	-0.14073747	-0.12973829	0.07669598	0.09274515	-0.12610038	-0.10497893
0.25364852	-0.21724278	-0.21585196	0.19753298	0.23187	-0.16474509	-0.22703406
-0.53010184	0.5353163	0.4958383	-0.48715025	-0.48665383	0.48116833	0.5001566
0.124935985	-0.11206049	-0.045413945	0.061404567	0.05577079	-0.056265436	-0.1054496
0.2841896	-0.25659677	-0.22947703	0.28060585	0.21639754	-0.205276	-0.26322955
-0.18880633	0.21908365	0.16001453	-0.21584831	-0.20878048	0.20032346	0.22001584
-0.38550565	0.36705148	0.3718503	-0.38206428	-0.34888816	0.2910867	0.33664998
0.8847538	-0.8660401	-0.8353974	0.8932947	0.78050077	-0.8410034	-0.8650051
-0.34933656	0.40379167	0.3821158	-0.42850474	-0.38434047	0.42373836	0.40842977
-0.16659646	0.1987646	0.20197947	-0.16462222	-0.18207583	0.19445048	0.17585698
0.7197155	-0.68857735	-0.7070013	0.67498964	0.6334658	-0.6809855	-0.67966515
0.17886122	-0.1282918	-0.19704257	0.19502307	0.17912836	-0.10983698	-0.16822182
0.51250815	-0.50735164	-0.4809443	0.4707528	0.47153452	-0.46314898	-0.481439
-0.29865697	0.25808015	0.24570598	-0.27843615	-0.220141	0.30266103	0.26626858
0.26912767	-0.20113306	-0.25461033	0.22494316	0.20286968	-0.1552049	-0.22517356
0.7896283	-0.7558757	-0.830117	0.7581751	0.7102327	-0.7263372	-0.7854806
0.31222847	-0.28625414	-0.3218153	0.26372612	0.3141391	-0.27453765	-0.354499
0.064554214	-0.084123656	-0.1003913	0.041885927	0.05621555	-0.10890596	-0.030523574
-0.2626475	0.22687283	0.25732955	-0.20374265	-0.260614	0.23666684	0.22251454
0.479441	-0.5076316	-0.5339704	0.47750703	0.493851	-0.4522618	-0.53042054
0.13638858	-0.15416598	-0.12736249	0.1288528	0.16433164	-0.13367267	-0.13454382
0.49040347	-0.46465963	-0.46181318	0.4217603	0.45996946	-0.41694203	-0.47694886
0.7833081	-0.86883056	-0.80996346	0.87237436	0.7796783	-0.8113658	-0.79418916
0.38329452	-0.3768166	-0.39961615	0.40872967	0.3629326	-0.33649117	-0.3258977
0.17046018	-0.16934393	-0.19264637	0.18070343	0.19097102	-0.1862771	-0.19495527
-0.9689078	0.97453475	0.97445893	-0.9542385	-0.9055752	0.8694801	0.96649104
0.65053964	-0.6613854	-0.626882	0.69240886	0.58293307	-0.6044038	-0.6224207
-0.7427091	0.7854347	0.71097887	-0.7799921	-0.76359224	0.75752175	0.7973989
0.4824027	-0.4049115	-0.42840067	0.47468394	0.4190332	-0.45572615	-0.4032139
-0.35607558	0.32420576	0.30131373	-0.31249803	-0.3484252	0.34166244	0.34281492
-0.20835803	0.24369693	0.16664757	-0.2276473	-0.18482254	0.15218745	0.22408569
-0.88019556	0.86970973	0.9199918	-0.85614717	-0.9016367	0.81006515	0.8724834
-0.7114992	0.7134008	0.6517424	-0.7170317	-0.6883779	0.7081397	0.6957605
0.53429365	-0.49305645	-0.5173859	0.5580036	0.4910128	-0.49514744	-0.49061608
-0.4068483	0.3724022	0.44589934	-0.42764732	-0.3393857	0.38357747	0.43869758
0.21621844	-0.29208	-0.2622666	0.22148556	0.24260388	-0.2512278	-0.27029875
0.6608585	-0.62328136	-0.64359385	0.6179619	0.5669189	-0.56062514	-0.6004897
0.95041955	-0.90131533	-0.9123099	0.94676226	0.8561257	-0.9400611	-0.9944217
0.1615255	-0.19662552	-0.16255458	0.16619237	0.15979445	-0.17246887	-0.1572607
1.2770532	-1.3035527	-1.337111	1.3111978	1.1905606	-1.2092322	-1.291311
0.66967225	-0.63801974	-0.63226134	0.63926226	0.5974958	-0.59456694	-0.62424034
0.1100687	-0.0917968	-0.15777156	0.17513895	0.17936087	-0.111310795	-0.09899769
0.2951694	-0.32831478	-0.3520833	0.34310746	0.30405122	-0.3088417	-0.29135445
0.43578163	-0.3453268	-0.37701294	0.38504556	0.38417423	-0.32554066	-0.40442267
-0.2956764	0.2581923	0.26793242	-0.29971096	-0.23298855	0.26778454	0.2674494
0.20956399	-0.2769225	-0.25109148	0.29301226	0.27361202	-0.23420282	-0.28446704
-0.64087373	0.671554	0.6318584	-0.6754948	-0.61676836	0.58613765	0.66463566
0.04204135	0.0319216	0.045002524	9.0077454e-05	-0.0042603323	0.017872827	0.020637752
-1.4614602	1.4103152	1.4114267	-1.4705085	-1.3656226	1.4296225	1.4297599
0.767671	-0.8087778	-0.7760406	0.7749134	0.75753915	-0.7325619	-0.80964947
-0.29070705	0.32146716	0.32829994	-0.2900517	-0.2554941	0.31881723	0.26329872
-0.18267985	0.17362098	0.1778138	-0.17080128	-0.15074846	0.20340256	0.25037163
0.033060815	-0.11072289	-0.096694924	0.05408225	0.09212136	-0.0116859265	-0.03067265
0.45648578	-0.39602563	-0.46758103	0.44168377	0.42071542	-0.4546145	-0.39323094
-0.47815913	0.48068	0.4300343	-0.46266267	-0.45866558	0.5002614	0.44094172
-0.5159675	0.49589765	0.49832183	-0.5779306	-0.50789094	0.4920838	0.5123662
0.16575062	-0.20373638	-0.19382907	0.20324676	0.13975771	-0.2113697	-0.14020918
-0.8937498	0.87284887	0.9554789	-0.97125864	-0.8480448	0.9012274	0.9652144
-0.42379957	0.35717475	0.36827666	-0.3776928	-0.39965773	0.367762	0.37631577
0.16491917	-0.19231926	-0.124371804	0.11284312	0.1579711	-0.09184668	-0.17512855
1.0708683	-1.013941	-1.0353827	1.0549752	0.96505463	-0.97107935	-1.0441946
-0.46030545	0.39955267	0.4534179	-0.41327775	-0.4364106	0.43314826	0.48956758
-0.6433313	0.6411743	0.62566274	-0.64397407	-0.6627705	0.6291416	0.6451275
-0.30574998	0.2950198	0.27646944	-0.28400669	-0.257824	0.28752217	0.2620621
0.5660476	-0.5436223	-0.6082977	0.5671257	0.5120608	-0.5712153	-0.56927055
0.34563085	-0.4177863	-0.33777526	0.33829814	0.33992314	-0.30733144	-0.3800811
0.49303794	-0.5147394	-0.54959095	0.5893662	0.46817017	-0.53395987	-0.5505573
-0.61311793	0.60569215	0.59430224	-0.61320585	-0.5844828	0.6071084	0.6391254
1.1166921	-1.1551541	-1.1766081	1.1027038	1.0652906	-1.0253588	-1.171564
0.34715658	-0.33267736	-0.34204975	0.35309756	0.34482387	-0.35913426	-0.36101413
-0.87538767	0.93595594	0.9265985	-0.93486685	-0.87358594	0.90286773	0.89898837
0.30385163	-0.3078566	-0.33895773	0.35810176	0.3080408	-0.33793128	-0.29911453
-0.38991675	0.38276926	0.3822781	-0.41521877	-0.41357413	0.3672643	0.37433136
-0.607789	0.5860484	0.6184985	-0.5697486	-0.5401893	0.5996028	0.6409844
1.038984	-1.0301625	-1.0856888	1.0610877	0.95932305	-1.0441988	-1.0734836
-0.45841834	0.460207	0.4472902	-0.4368334	-0.4752022	0.46165982	0.51073414
0.4078789	-0.39077407	-0.39512977	0.31946665	0.2895744	-0.338915	-0.39581734
-0.29198638	0.3162406	0.36183393	-0.35079047	-0.2715332	0.36455733	0.33969837
0.115885474	-0.18996176	-0.11111573	0.10532305	0.17971991	-0.13294572	-0.17044269
0.4120779	-0.38279194	-0.418849	0.3929441	0.38683578	-0.36245635	-0.3788196
-0.14523387	0.061122313	0.080766425	-0.113020115	-0.07869182	0.12257301	0.116471566
-0.5117779	0.51004976	0.5005938	-0.49821228	-0.5065902	0.49773335	0.44770592
0.9161212	-0.9337701	-0.90411645	0.8571925	0.85632795	-0.8080989	-0.8631392
0.33991125	-0.3585793	-0.36066568	0.3455602	0.31826752	-0.33331347	-0.33205974
-0.4741923	0.5492451	0.5252304	-0.47054094	-0.5238121	0.46007898	0.45766872
-0.92767924	0.8860743	0.90609217	-0.9059843	-0.8896311	0.86118406	0.95109487
1.1235721	-1.1297665	-1.0945556	1.1103272	1.0045857	-1.099171	-1.1199377
-0.3137736	0.25253487	0.2208986	-0.3181614	-0.24617979	0.25161308	0.30003068
-0.27105257	0.33874336	0.25502968	-0.27302703	-0.24060489	0.29513347	0.28418583
1.0325089	-1.0452243	-1.015599	1.0111765	0.9562235	-0.95616007	-1.0773841
0.99009275	-0.9994119	-1.0045153	1.060017	0.93510795	-0.9184107	-1.0548749
-0.7022703	0.65545	0.6769014	-0.66224265	-0.65189373	0.6985101	0.72442836
-0.5528653	0.5517963	0.4963556	-0.56720686	-0.50855434	0.47933793	0.48978823
0.4840806	-0.4792062	-0.39257583	0.39917418	0.44790667	-0.3740582	-0.44521427
0.10026319	-0.1845973	-0.107550226	0.12881812	0.09917976	-0.12776132	-0.18060292
-1.3582789	1.3962283	1.3916188	-1.4247526	-1.2908807	1.2738054	1.4162936
-0.74313563	0.7240285	0.759244	-0.73004013	-0.6843008	0.65487564	0.7214771
0.37620914	-0.33894	-0.41170064	0.3965421	0.29461128	-0.33153734	-0.410749
0.45012864	-0.48682737	-0.42673177	0.45545545	0.42567277	-0.461845	-0.47668064
-0.8988307	0.9029135	0.81884587	-0.8682946	-0.85905504	0.86074936	0.85562855
0.09128331	-0.036244225	-0.034947388	0.09015067	0.07232231	-0.08369081	-0.12899147
0.7481098	-0.70849985	-0.65238225	0.7192055	0.64489317	-0.65717417	-0.72136647
-0.81706405	0.8207796	0.8375173	-0.8146359	-0.7916172	0.86287856	0.8230189
-0.18678401	0.21129885	0.1988708	-0.17873833	-0.1510389	0.20473066	0.17832552
0.988721	-1.065897	-0.98162735	1.0448469	1.0028692	-0.9388463	-1.027395
-0.92350787	0.871406	0.9148954	-0.90095073	-0.84716165	0.8001006	0.865083
-0.76902556	0.73998445	0.7533449	-0.75209403	-0.70578146	0.70415926	0.73315406
0.115842365	-0.14868888	-0.15886864	0.17602232	0.10117453	-0.1718922	-0.08996252
0.35082468	-0.4148422	-0.3979124	0.4235824	0.33403254	-0.32877785	-0.42329553
0.68595034	-0.7643662	-0.76306057	0.74094766	0.68866295	-0.66127145	-0.732887
-0.32253873	0.37643936	0.3993613	-0.38115504	-0.39966574	0.3352929	0.39792272
-0.7806483	0.7349329	0.6935673	-0.700776	-0.6662202	0.7374366	0.7192394
-0.2592625	0.35410032	0.27771717	-0.2617908	-0.312325	0.24899895	0.29174712
0.7631974	-0.73351663	-0.8037318	0.73466915	0.6955525	-0.66998583	-0.753504
0.14543553	-0.16443068	-0.15533419	0.12544385	0.15250954	-0.108555734	-0.16523463
0.4299463	-0.42185116	-0.40578112	0.38128147	0.38933572	-0.35717928	-0.47059202
-0.30427685	0.26465178	0.3193032	-0.26427084	-0.27107665	0.28997123	0.321249
0.8665662	-0.92008024	-0.8903071	0.9179752	0.79471517	-0.836207	-0.8662816
0.7762231	-0.78608865	-0.78637123	0.81798774	0.74946797	-0.787264	-0.79535824
0.32708427	-0.34554702	-0.38807243	0.31932408	0.3659518	-0.28725716	-0.3527694
0.7094296	-0.6838524	-0.6653871	0.6992299	0.6328587	-0.6570604	-0.7451344
-0.2862702	0.303268	0.29597425	-0.33449677	-0.34300485	0.26481113	0.29938382
0.52274495	-0.4396718	-0.50944173	0.5223227	0.43966186	-0.4676878	-0.48915407
0.083832175	-0.04233601	-0.08768914	0.014943954	0.06533472	-0.091267854	-0.0015248585
-0.75328135	0.7268722	0.6877026	-0.7381548	-0.670201	0.68422985	0.73720944
-0.7991098	0.77371585	0.7771247	-0.7909828	-0.7505551	0.7802647	0.8074488
0.5507082	-0.54326624	-0.6169629	0.60659224	0.55507743	-0.58767176	-0.60193795
-0.57446325	0.6101364	0.5824497	-0.64508724	-0.627378	0.5494253	0.6173804
-0.47772643	0.40814987	0.40547255	-0.43121848	-0.44935322	0.40378505	0.40794313
-0.89329606	0.87010175	0.8292523	-0.8207302	-0.8092925	0.8604778	0.8726005
-1.4383001	1.3702452	1.360635	-1.3639405	-1.3471243	1.3977027	1.4178544
0.022251522	-0.06710026	0.015105336	0.04193255	0.05486671	-0.0412945	-0.03481359
0.640733	-0.59633803	-0.66224074	0.6278438	0.62741876	-0.5731207	-0.664628
-0.5816827	0.63759756	0.5892025	-0.62655646	-0.5774924	0.5957283	0.6385511
0.24605979	-0.21286267	-0.21451028	0.26751494	0.2566169	-0.17766152	-0.25222996
0.45304248	-0.3926551	-0.42856604	0.42340118	0.41252238	-0.34260976	-0.4528562
0.47097722	-0.55013585	-0.4578328	0.5336123	0.47532174	-0.47631228	-0.5515871
-0.28491765	0.3187964	0.34357864	-0.31976762	-0.34276348	0.34670055	0.2662445
0.555827	-0.53993386	-0.60604507	0.5405621	0.5990614	-0.5070937	-0.5541287
0.7866651	-0.76030374	-0.7762569	0.7317754	0.73319787	-0.6715871	-0.72562766
-0.4617354	0.48463362	0.4782315	-0.42814368	-0.47088504	0.44787982	0.477902
-0.54503834	0.5950943	0.5779496	-0.53357315	-0.57830006	0.5354401	0.56819344
-0.12350285	0.08750146	0.11244757	-0.13890485	-0.102892295	0.1321807	0.108320996
-0.7163448	0.69768846	0.7558509	-0.714318	-0.7226992	0.70873904	0.68404543
-0.025341071	0.03755493	0.026837096	0.024500879	0.024806509	0.0047403076	0.048759457
0.06176588	-0.037603643	-0.09088054	0.025479916	0.0858897	-0.07812261	-0.061458204
0.71798736	-0.77990377	-0.7225866	0.7816547	0.75462747	-0.6886316	-0.7053484
0.11213136	-0.13690478	-0.14485465	0.14178725	0.08457157	-0.09566464	-0.10499791
-0.86797225	0.8962128	0.89581716	-0.86359954	-0.8376561	0.9021803	0.8779595
-0.40453807	0.33755526	0.35461003	-0.40321475	-0.33188364	0.35738206	0.3797921
0.25899997	-0.26476094	-0.21139358	0.24694665	0.18331338	-0.24826425	-0.25920096
0.96988785	-0.89591664	-0.98244834	0.9007326	0.9245578	-0.8825153	-0.9860321
-0.14011562	0.10906065	0.070438094	-0.09223712	-0.06569225	0.0687688	0.13709739
0.9031994	-0.8384257	-0.8344969	0.8924152	0.781367	-0.85451055	-0.9224248
0.20856315	-0.19766526	-0.21068248	0.21450043	0.122904085	-0.14266528	-0.14195791
-0.12075967	0.075678706	0.113729596	-0.040227953	-0.06048091	0.04506016	0.023596814
-0.2999907	0.3030524	0.35623607	-0.27285329	-0.31455168	0.31439716	0.29754007
-0.6886881	0.693266	0.62312937	-0.6658057	-0.60843724	0.6174943	0.6055401
0.4285639	-0.43121445	-0.3719235	0.44396386	0.3854354	-0.3885514	-0.4140228
0.7557884	-0.72767997	-0.8018861	0.78049797	0.67059344	-0.7124821	-0.7895824
0.27149945	-0.31753483	-0.27772084	0.34711528	0.31061757	-0.2809496	-0.36153206
0.75494945	-0.69937646	-0.7025062	0.73738945	0.6994136	-0.65767884	-0.7166322
-0.044851594	-0.01699187	-0.0061013172	0.017993966	-0.043102335	0.030719522	0.015216204
0.36543694	-0.3708629	-0.29905882	0.3673566	0.2524931	-0.2799732	-0.30419943
0.60555434	-0.6830655	-0.59761655	0.6350327	0.55193293	-0.61770797	-0.69106305
-0.5826	0.497386	0.518681	-0.53369355	-0.51604027	0.50053596	0.5695845
-1.3980391	1.4261061	1.3798251	-1.4380829	-1.3639765	1.2934414	1.4265103
-0.5554993	0.53381634	0.57825834	-0.5809829	-0.51380104	0.5210205	0.55244815
-0.6732707	0.6230332	0.6111127	-0.60480684	-0.62939024	0.63468885	0.620061
0.28908792	-0.31221777	-0.25261858	0.24162686	0.28350294	-0.24430054	-0.25112766
-0.35384	0.40851617	0.37580013	-0.3430301	-0.31514433	0.41136727	0.3546477
-1.3454812	1.261393	1.2623549	-1.2735751	-1.2241993	1.236432	1.3183938
-0.11769875	0.10731082	0.11596083	-0.111151196	-0.12335071	0.1386603	0.1442496
0.6358487	-0.5987744	-0.58682233	0.6098161	0.5825249	-0.62699264	-0.59183794
-0.21807303	0.24913847	0.20012075	-0.17111531	-0.15619095	0.1704351	0.20227428
-1.0413816	0.9976421	0.9913689	-1.0523783	-1.0234299	0.9910656	1.0193205
-0.1480076	0.13780786	0.17744818	-0.1245156	-0.178628	0.13723938	0.19871828
-0.5270282	0.60369396	0.56862366	-0.5832814	-0.5730488	0.5479132	0.5668247
-0.30487993	0.32946604	0.3317257	-0.36193785	-0.34457728	0.31249955	0.361872
-0.87642217	0.8567317	0.80965436	-0.84921867	-0.8279772	0.769119	0.8715397
0.81223315	-0.8322009	-0.8557141	0.78314954	0.74818075	-0.7794713	-0.79722476
-0.33138087	0.38294756	0.30379578	-0.32068214	-0.35111907	0.2780021	0.36458656
0.3311151	-0.25297043	-0.33429044	0.28102806	0.31015277	-0.32378435	-0.268331
0.60979927	-0.56266034	-0.5125678	0.57431924	0.5333166	-0.570678	-0.52260256
-0.06288549	0.08466921	0.07598338	-0.0527073	-0.003689645	0.073629364	0.030787822
0.18477635	-0.20960622	-0.18384121	0.23052196	0.13941212	-0.17618243	-0.24487145
0.078233525	-0.0736704	-0.038276926	0.04448066	0.036049157	-0.05962801	-0.09773204
0.81837326	-0.8829803	-0.8777793	0.8031374	0.84786606	-0.82741857	-0.8825751
-0.62373084	0.67106766	0.64832574	-0.65097624	-0.5603662	0.63242286	0.62851727
0.80469143	-0.8071778	-0.79917586	0.8330158	0.7201646	-0.7643222	-0.84983397
1.4529027	-1.4192113	-1.4394735	1.4521662	1.3531332	-1.3127472	-1.4275104
0.0039943126	-0.061320264	-0.071258225	0.017416453	0.056030285	-0.04312736	-0.02796116
-0.34894258	0.33109546	0.3461396	-0.35319632	-0.3305929	0.29690817	0.3524202
0.01680842	-0.02463844	-0.059230857	0.014992648	0.055122167	0.0009523504	-0.057300534
-0.06463863	-0.007451722	-0.005702707	0.013379562	-0.06510256	0.029191261	0.0200974
0.2158627	-0.2356124	-0.28499553	0.27318883	0.25666007	-0.26486745	-0.217706
0.7257751	-0.7141849	-0.7230855	0.7872436	0.76537985	-0.7645251	-0.79339683
0.33335152	-0.2650659	-0.28091615	0.3405235	0.26253995	-0.32707858	-0.27327728
1.227287	-1.248285	-1.2442343	1.2168792	1.2438217	-1.1521662	-1.2982512
-0.63442457	0.6567748	0.6834073	-0.70407903	-0.6306798	0.5871577	0.70049214
-0.28452715	0.3429334	0.3346711	-0.34364262	-0.32915452	0.27608263	0.3283553
0.15932162	-0.15989862	-0.07103929	0.13598989	0.1545083	-0.13515931	-0.08907965
0.81043226	-0.8008784	-0.83542585	0.84712267	0.8211987	-0.736741	-0.8496641
-0.66554004	0.7230228	0.7415595	-0.7561707	-0.70399886	0.6390926	0.6666723
0.27371216	-0.27791604	-0.26541057	0.35765532	0.23915145	-0.2562344	-0.33567077
-0.6419825	0.6569466	0.64185953	-0.6906777	-0.6499952	0.62597245	0.65703464
0.012402849	0.0029330058	0.047932003	-0.028398762	-0.0036293333	0.020388342	-0.0048792963
-0.17588778	0.1753895	0.21694416	-0.19857396	-0.13210805	0.13805495	0.20055492
-1.2412256	1.1873939	1.2632468	-1.2084326	-1.1605271	1.1978182	1.2074713
-0.3115086	0.3098556	0.24140596	-0.29067034	-0.22484909	0.2853108	0.2756543
0.04244336	-0.08783955	-0.08460127	0.058629803	0.023113426	-0.00046047664	-0.10547408
-0.4214839	0.4984623	0.45300624	-0.42179257	-0.39320353	0.4856457	0.4349038
-1.1629183	1.211694	1.1518779	-1.1866078	-1.1206228	1.1346958	1.2406042
0.07807548	-0.10051876	-0.058259662	0.08861493	0.08480215	-0.058026817	-0.06728797
-0.50672853	0.46941668	0.5417239	-0.5439777	-0.46795088	0.49751022	0.5303625
-0.10869854	0.1469191	0.09482173	-0.10936681	-0.120941095	0.14326622	0.13537379
0.229817	-0.25778517	-0.21978265	0.2183312	0.17159538	-0.16945243	-0.2126995
0.06416674	-0.09541323	-0.11568656	0.07278861	0.11476374	-0.085062854	-0.111494705
0.7302206	-0.78293896	-0.7468791	0.7165791	0.71236783	-0.7191716	-0.7797969
1.1549413	-1.1258929	-1.2069569	1.2100222	1.0964414	-1.0948007	-1.192112
0.037314434	-0.03301203	-0.06564448	0.1126125	0.05442042	-0.03421482	-0.08338167
1.0591955	-1.0862952	-1.1158515	1.0321184	1.0092226	-0.98096174	-1.0646894
-0.513312	0.46680355	0.50954133	-0.45995918	-0.5084774	0.5276203	0.537304
-0.43500054	0.3877608	0.41247782	-0.4130008	-0.36013773	0.4219164	0.4456813
0.15747	-0.18881725	-0.14043553	0.13207051	0.17430894	-0.15975824	-0.18022813
-0.10939828	0.1099534	0.12430997	-0.18744244	-0.11825763	0.20103425	0.13514164
0.45524508	-0.47647235	-0.46961015	0.43444067	0.41506633	-0.40089524	-0.5027529
0.014100044	-0.08671266	-0.08906105	0.059345268	0.07244619	-0.014229855	-0.007873036
-0.027794806	0.092386134	0.06407804	-0.068166494	-0.057887953	0.06549892	0.032726888
-0.98452544	0.9696583	0.953487	-1.0052953	-0.94658524	0.9288321	0.99463063
0.6386099	-0.6398954	-0.61870915	0.64121664	0.5841604	-0.53327847	-0.64817804
-0.33529	0.37580186	0.29408395	-0.30011922	-0.36408108	0.32451406	0.358297
-0.9106583	0.95028114	0.9892191	-0.9903514	-0.91493344	0.8685111	0.9114635
0.8797016	-0.88434017	-0.8591662	0.89242107	0.80002296	-0.82085943	-0.92901456
0.33203852	-0.31271827	-0.28733265	0.24034427	0.28255498	-0.26678222	-0.28312305
-0.07143962	0.008956848	0.022184437	-0.030065924	-0.09260197	0.055000726	0.0036409937
1.4271138	-1.4905794	-1.4307628	1.4595193	1.4361073	-1.3688385	-1.5129176
0.6975221	-0.7539502	-0.7324144	0.68791187	0.661382	-0.64565486	-0.7295548
-0.17137283	0.21637318	0.15632558	-0.22460133	-0.15000606	0.15643749	0.18113358
0.41160488	-0.4030578	-0.43083474	0.4281926	0.38084728	-0.3910173	-0.43286535
0.06351561	-0.088418595	-0.059483502	0.05745579	0.09634034	-0.121704124	-0.10965466
0.22178634	-0.2729337	-0.20387161	0.26849502	0.19626278	-0.24305288	-0.19829953
-0.057103068	0.08378369	0.097742155	-0.11672932	-0.06264384	0.14061137	0.047793332
-0.0712226	0.017680423	-0.010950123	-0.070373096	-0.053767916	0.05216421	0.020252954
1.2456601	-1.210838	-1.26825	1.2486926	1.1721209	-1.1296895	-1.1966766
0.53531665	-0.55859804	-0.59461826	0.54328287	0.5465274	-0.5954975	-0.61749184
0.7647887	-0.82960063	-0.7909232	0.79389924	0.7392353	-0.7410279	-0.8406719
0.505092	-0.47660363	-0.507999	0.4673273	0.47572926	-0.39959452	-0.5062196
0.4254276	-0.35261017	-0.40618417	0.43411112	0.3366477	-0.40864328	-0.41645914
-0.6916452	0.6793847	0.68897265	-0.70567936	-0.6735736	0.6747302	0.7078311
-1.004001	1.032084	0.9703103	-1.0174841	-0.97009236	0.94892263	1.0077913
-0.85871893	0.8910786	0.84463453	-0.8313647	-0.78613096	0.8679721	0.8350522
0.5609376	-0.55767554	-0.54781795	0.62054926	0.52039814	-0.51535654	-0.63996375
0.41469616	-0.3858043	-0.3599079	0.44313607	0.3656145	-0.3467975	-0.4016949
-0.43253115	0.4589468	0.41966808	-0.46625227	-0.40874687	0.47767532	0.47133908
0.25890288	-0.22940938	-0.23243341	0.22607586	0.27473652	-0.25286934	-0.22548674
-0.51740575	0.5316206	0.51184666	-0.56289476	-0.46826622	0.52583873	0.56192636
0.5289521	-0.58060974	-0.54074144	0.61315125	0.5226799	-0.5054499	-0.544992
-0.73681116	0.78877336	0.7359023	-0.76569986	-0.7561985	0.76389253	0.7159289
0.37300658	-0.44279063	-0.3741937	0.36521643	0.3797099	-0.39198554	-0.40670055
0.7551314	-0.6952641	-0.73670864	0.7049462	0.68935734	-0.7261934	-0.7202242
-0.62814	0.64012754	0.6478555	-0.66758484	-0.6015549	0.59946215	0.61655056
-0.81627387	0.83608097	0.82978547	-0.80575204	-0.7861628	0.7526686	0.78968817
-0.73514134	0.775125	0.7174632	-0.6991293	-0.69002265	0.72105736	0.75238067
0.9253692	-0.8671126	-0.902993	0.88133335	0.8489254	-0.88902825	-0.9397707
-0.8885408	0.82184756	0.91673523	-0.86978793	-0.8288651	0.81814265	0.8803682
0.7053054	-0.7252396	-0.6802544	0.6594933	0.6197523	-0.67179805	-0.7382138
0.61731285	-0.6159693	-0.64375854	0.56568795	0.5367472	-0.55920637	-0.623068
-0.5588018	0.54090333	0.6029663	-0.5830422	-0.5448079	0.5576494	0.605913
0.5808626	-0.6011589	-0.584515	0.574408	0.5834953	-0.59418786	-0.62623173
1.2318274	-1.2507079	-1.2121987	1.1910509	1.122863	-1.174571	-1.258141
0.6231145	-0.6593645	-0.6298122	0.60085577	0.5747565	-0.6376477	-0.63593066
0.07051647	-0.08826627	-0.09289262	0.08645512	0.014647705	-0.00430655	-0.060380135
-0.15378737	0.21372896	0.1596139	-0.17593104	-0.19765855	0.20184605	0.20055674
-0.43941447	0.48644483	0.50249624	-0.5140427	-0.41972095	0.42555577	0.46361378
0.1216183	-0.12512821	-0.15691577	0.11796417	0.12347023	-0.14748164	-0.20997696
0.38371634	-0.44332227	-0.39995706	0.47342005	0.38087893	-0.37391952	-0.4282527
-0.6495127	0.6720522	0.6334547	-0.69560575	-0.5867684	0.60797226	0.6809247
0.5252535	-0.5188509	-0.5242271	0.4482484	0.43655148	-0.42825878	-0.47144493
1.0428957	-1.0323073	-1.0161448	1.0169581	0.95819056	-0.9962582	-0.9983461
-0.59666544	0.6000501	0.57457507	-0.6218773	-0.63698894	0.61280155	0.5820589
-0.42343542	0.39478365	0.4345083	-0.44861093	-0.3627307	0.383164	0.39055476
-0.018393517	0.08159169	0.09727908	-0.022580018	-0.074012585	0.037676133	0.09303736
-1.4290726	1.5045882	1.4189724	-1.4643474	-1.3896537	1.3753953	1.4297696
0.31652603	-0.32185152	-0.31651318	0.31488675	0.2729048	-0.2709985	-0.2968566
-0.35195547	0.32544386	0.3342409	-0.39603958	-0.39372143	0.37257797	0.33414719
0.057273164	-0.04120142	-0.1357909	0.12321421	0.07447197	-0.11676845	-0.12204259
-0.16040462	0.24653673	0.18558204	-0.23149724	-0.17227118	0.19749016	0.23188698
0.63184875	-0.60820776	-0.6722948	0.69671255	0.56225455	-0.5860253	-0.6037727
0.08120413	-0.07671238	-0.017271284	0.014913007	0.0449966	0.0031280443	-0.062100753
0.53023845	-0.52104396	-0.52714795	0.50975907	0.5091915	-0.50637305	-0.55363697
0.6886142	-0.7420585	-0.6883826	0.7570453	0.7034403	-0.7249574	-0.6878326
-0.31691426	0.28639254	0.27208787	-0.2989204	-0.31027493	0.28472057	0.2825962
0.08282499	-0.08615498	-0.124426134	0.1235568	0.13669546	-0.08440276	-0.16131921
-0.030801732	0.016318768	0.03666284	-0.10288046	-0.032937933	0.034259338	0.100534126
-1.1082633	1.1422051	1.1508518	-1.1299096	-1.0785955	1.0669144	1.0986469
0.28999794	-0.22121802	-0.23976664	0.21478471	0.20270221	-0.2421494	-0.27717498
-1.4305663	1.456325	1.4563472	-1.5093604	-1.38966	1.3951205	1.4762865
0.17634404	-0.120992675	-0.16084418	0.13701925	0.1681901	-0.08720018	-0.15340228
-0.5207042	0.51062936	0.54192954	-0.4894508	-0.47289345	0.506585	0.5170666
0.02651292	0.013367488	0.04360334	-0.05174859	0.037198514	0.02135138	0.042724103
-0.40024316	0.37032056	0.38929477	-0.4463479	-0.36374596	0.32962355	0.41216576
1.0342107	-1.008856	-0.9852098	1.0101367	0.99419	-0.91834176	-1.0387169
0.4400499	-0.49205896	-0.39714956	0.44128865	0.4113566	-0.4499022	-0.4365557
-0.72643054	0.77193993	0.7660605	-0.75391775	-0.77251285	0.7351436	0.7390051
-0.26171046	0.2916488	0.25964248	-0.34011394	-0.31824055	0.27329326	0.2708613
-0.75062597	0.6817861	0.7464427	-0.7272414	-0.6642311	0.63975364	0.67218834
0.3051002	-0.35228196	-0.28279004	0.2890718	0.28080422	-0.26974738	-0.30927825
0.66516393	-0.6770896	-0.64243585	0.62727576	0.6189011	-0.66353947	-0.65487444
0.46340305	-0.36795783	-0.38116717	0.39825013	0.3706696	-0.41786683	-0.41761616
-0.5247367	0.6033874	0.51110595	-0.52424103	-0.50491285	0.52203834	0.56211144
0.19868335	-0.18327765	-0.12668994	0.14154774	0.1986026	-0.13081183	-0.18375331
1.1540401	-1.1567695	-1.1393958	1.1927866	1.1433525	-1.0908418	-1.1657591
-0.17231598	0.10970756	0.12972805	-0.14687069	-0.16250433	0.16970453	0.1715797
0.32670394	-0.3379458	-0.31783447	0.31801492	0.24857526	-0.29540926	-0.31612813
0.45823178	-0.49560258	-0.52226245	0.45586872	0.49093676	-0.4424584	-0.54778975
0.5880932	-0.6336414	-0.60556144	0.62419075	0.5337617	-0.5520432	-0.57790595
-0.47844785	0.39420587	0.44684336	-0.46823177	-0.41235662	0.45773903	0.43674397
0.5398349	-0.58033645	-0.58640766	0.56065595	0.52313024	-0.49652195	-0.58813
0.040102124	-0.07336985	-0.09393466	0.040690806	0.096663296	-0.09000406	-0.116815716
0.28254277	-0.29570088	-0.23138636	0.28098404	0.25811327	-0.2146063	-0.28679323
-0.65861934	0.59685934	0.62758327	-0.60508525	-0.6004115	0.53968126	0.66384846
-0.15754834	0.10910717	0.12947224	-0.13095717	-0.17759094	0.13858257	0.11412049
-0.16435845	0.21683417	0.21390209	-0.19664699	-0.14112416	0.18806061	0.17651257
-0.7153833	0.7938337	0.7282915	-0.710287	-0.7532991	0.75944924	0.7590988
0.81430537	-0.78590184	-0.83538365	0.79828066	0.79492813	-0.8336862	-0.81392604
0.8034157	-0.84784466	-0.75898194	0.83749014	0.8072357	-0.8064501	-0.76442033
-1.2922337	1.2952554	1.2989967	-1.2745998	-1.2037361	1.262539	1.2688788
0.497746	-0.48962227	-0.45426762	0.43842867	0.39694762	-0.4758516	-0.44668347
0.18753842	-0.17956895	-0.19800778	0.23327331	0.201609	-0.20272937	-0.22959861
0.00453899	-0.017343232	-0.00732051	-0.00427875	0.029533757	-0.041343533	-0.015292241
-0.3333048	0.31114733	0.38538712	-0.32789892	-0.38606656	0.32406512	0.38678056
-0.24250825	0.28531724	0.26950997	-0.2815501	-0.2921335	0.2054679	0.28163195
0.100992516	-0.17028397	-0.096704125	0.18102318	0.100887984	-0.10811049	-0.14478165
0.560906	-0.56666315	-0.5546112	0.6101492	0.5260884	-0.5079149	-0.5248249
0.44216305	-0.4567103	-0.44083405	0.3714006	0.36702767	-0.3326913	-0.36299062
0.12172678	-0.1037593	-0.03855081	0.097588465	0.09413556	-0.08331018	-0.104543224
-0.13322453	0.14654216	0.13373798	-0.17152628	-0.17062525	0.13837926	0.16379383
-0.012367032	0.038942512	0.07671271	-0.010230253	-0.0681961	0.08028662	0.07711363
-0.65970963	0.6791141	0.66374797	-0.7212125	-0.6847774	0.7082172	0.75836223
0.007593909	-0.05677181	-0.014313206	-0.012568565	0.024130948	0.006984102	0.013781911
0.4465911	-0.42280242	-0.44638675	0.4120564	0.42524353	-0.44486135	-0.47204137
0.6633374	-0.6219527	-0.5838273	0.59580106	0.56123424	-0.63407713	-0.66255593
0.0013513053	0.0380519	0.025661688	-0.0106440745	0.017038843	0.053183842	-0.037555046
-1.4634515	1.3912656	1.3859571	-1.4108473	-1.3445122	1.3147458	1.4088988
0.6030223	-0.58370495	-0.5353538	0.56495667	0.5649494	-0.5763989	-0.5365792
-0.2890552	0.32526466	0.28549427	-0.3048153	-0.3108082	0.28085032	0.3323415
-0.197684	0.17864649	0.14877838	-0.12032368	-0.1583886	0.13661975	0.16335227
-0.012857383	0.05732214	0.028143238	-0.04932456	-0.01044287	-0.00076678995	-0.007011106
0.19831917	-0.17863376	-0.1918595	0.2557447	0.24227019	-0.18095581	-0.20508587
0.94135976	-0.94951826	-0.9575251	0.9171802	0.8441491	-0.9229362	-0.9793187
-0.98171514	0.9119194	0.898911	-0.9607884	-0.9280217	0.91643226	0.8998978
-0.58191365	0.6113188	0.58306485	-0.6602681	-0.6202864	0.55231595	0.60559726
-0.53734934	0.57619804	0.529036	-0.5052118	-0.5252879	0.52518916	0.5588827
0.10771449	-0.10376207	-0.07541437	0.08513117	0.10768185	-0.08733887	-0.103134714
0.9551739	-0.99012005	-1.0161202	0.97685266	0.90735024	-0.9603168	-1.0397851
0.42212045	-0.40072533	-0.43213966	0.39200953	0.35891962	-0.44656196	-0.46812105
-0.07120351	0.040275544	0.02255742	-0.016056294	-0.061582245	0.04717415	-0.018684283
0.032079674	-0.1096638	-0.112367615	0.09950518	0.06845276	-0.10263439	-0.029945249
0.60049206	-0.6716505	-0.6337101	0.6388636	0.6233863	-0.57655025	-0.655864
0.8114833	-0.8543528	-0.8087891	0.84345037	0.7529474	-0.76363844	-0.82185215
-0.257963	0.28318968	0.2911375	-0.21005553	-0.27083123	0.2913932	0.25191692
0.931765	-0.8669078	-0.89511144	0.92630446	0.8325393	-0.84803826	-0.89905673
-0.40571606	0.35442156	0.40422302	-0.37695232	-0.38958114	0.31035674	0.37541863
-0.51791054	0.54197216	0.5514215	-0.48632783	-0.48752668	0.4440696	0.5555213
0.081167646	-0.0813274	-0.11049966	0.06763969	0.060528547	-0.092137374	-0.08161554
0.07074801	-0.11887893	-0.13504401	0.12126627	0.11236118	-0.0779383	-0.06263639
-0.95782024	0.8854919	0.93857133	-0.97798765	-0.8614918	0.89291495	0.9264859
0.92793953	-0.89581037	-0.9166871	0.9011314	0.86427635	-0.8702755	-0.9095364
-0.2887328	0.24837019	0.27562216	-0.32335433	-0.21339433	0.23715483	0.28256175
0.12740667	-0.11269266	-0.10091578	0.075095214	0.081710376	-0.13193074	-0.14024249
-0.47681195	0.47662273	0.46242112	-0.50667244	-0.44494367	0.41708323	0.50822043
0.47166166	-0.44392955	-0.47168264	0.43048543	0.48270997	-0.49925125	-0.47709355
0.38515773	-0.3880679	-0.4543776	0.3958982	0.37948984	-0.3989013	-0.42484993
0.23644158	-0.21497972	-0.19779284	0.25156057	0.20029034	-0.23293532	-0.23533152
-0.006857237	-0.05340761	0.018285325	0.01173844	-0.010935793	0.007484433	-0.02682048
0.1865112	-0.10534148	-0.15118374	0.14947826	0.14091916	-0.17603604	-0.18448146
-0.8673493	0.87189966	0.9333592	-0.94664997	-0.8644781	0.84709907	0.9007509
-0.49454963	0.510186	0.555567	-0.4996981	-0.55007523	0.49978912	0.58402026
-0.694496	0.67835593	0.6659414	-0.72552955	-0.70311475	0.6516624	0.7152546
-0.0019081008	0.014091449	0.0005458938	-0.03227875	-0.027338803	0.082775116	0.07100649
0.32181215	-0.3458097	-0.3089544	0.37305743	0.28934863	-0.29753706	-0.33099818
-0.44684413	0.4252728	0.36559376	-0.42248183	-0.357246	0.41587737	0.40297
0.081346735	-0.0820882	-0.09844503	0.041909695	0.07628605	-0.025072709	-0.020674156
-0.45147258	0.48093194	0.5087007	-0.44474107	-0.4014345	0.4219852	0.41564542
0.31794074	-0.3493137	-0.32290378	0.29583928	0.3170788	-0.29821742	-0.3220568
-0.008979172	0.014466294	0.0103799	0.02174054	-0.0052655544	0.027751	0.02792821
-0.6302425	0.6439807	0.5948578	-0.65241086	-0.6265237	0.62155914	0.6634731
-0.076307625	0.11475712	0.061123382	-0.11510372	-0.097056426	0.05255507	0.11055261
0.79381895	-0.76307505	-0.80354893	0.74639624	0.75542784	-0.7316322	-0.7451337
0.35601503	-0.30885148	-0.26267022	0.26261812	0.24888067	-0.27399355	-0.27887768
-0.16437306	0.13434838	0.14885357	-0.16790451	-0.122195005	0.14377326	0.120783456
0.462431	-0.42697257	-0.425661	0.4021783	0.39157382	-0.4518512	-0.41148725
-1.4265392	1.4517071	1.4632425	-1.3944597	-1.3392048	1.3518109	1.399883
-0.33904654	0.2496685	0.32740864	-0.31821787	-0.32334843	0.3000586	0.28040758
-0.24913	0.2859789	0.21034575	-0.2860474	-0.20764989	0.2872485	0.23035622
0.37651148	-0.42181832	-0.35087058	0.36926296	0.41575715	-0.34875044	-0.37582058
-0.20757341	0.18380417	0.12133063	-0.12868927	-0.20316629	0.18351083	0.12165493
-0.320631	0.2811763	0.35826093	-0.36238733	-0.31928787	0.34681213	0.3019391
-0.25136238	0.2913012	0.24389176	-0.34423667	-0.27827296	0.3274205	0.2679077
0.1749991	-0.19243437	-0.20746157	0.15550731	0.20918858	-0.14348075	-0.2285717
-0.18446937	0.23685382	0.24714479	-0.18952061	-0.18742652	0.26882952	0.22833797
-1.1073627	1.0941964	1.0902071	-1.0288323	-0.99857664	1.0068146	1.0708942
0.07450033	-0.05618718	-0.122052014	0.073021844	0.11902035	-0.103188805	-0.10153839
0.1769773	-0.23092192	-0.2235119	0.14902702	0.20781043	-0.1865165	-0.22237751
1.039787	-1.006393	-1.0817816	1.0379192	1.0019671	-0.9825367	-1.060946
-0.1993299	0.16317725	0.1869965	-0.19442344	-0.17560245	0.18818532	0.12390853
0.19587278	-0.1154336	-0.13428126	0.11158776	0.12952137	-0.19919989	-0.21309158
-0.008883247	-0.07207819	-0.024208829	-0.027080167	0.028045418	0.016005771	-0.035547946
0.33500552	-0.272415	-0.3021508	0.2823535	0.30357385	-0.32545343	-0.27579737
0.102778874	-0.102398984	-0.114466965	0.11467625	0.046329845	-0.11028824	-0.042695634
0.34481624	-0.37478834	-0.3139996	0.3312776	0.36285514	-0.35540968	-0.37849194
0.34198898	-0.34458682	-0.3813718	0.38268152	0.32332674	-0.3218356	-0.42062572
0.66741264	-0.6499204	-0.6222336	0.6967067	0.6318604	-0.64472437	-0.6161362
0.35404387	-0.39543518	-0.32341373	0.39292794	0.34514436	-0.30595395	-0.38248187
-0.11635587	0.14051369	0.08386299	-0.09036225	-0.16683637	0.14166793	0.13194315
0.07931489	-0.12833886	-0.116652325	0.07283398	0.09292937	-0.08135714	-0.12975562
-0.38678068	0.43520284	0.44889724	-0.44571915	-0.37266695	0.40481907	0.4229389
-0.36915332	0.3709677	0.37075803	-0.35320598	-0.33582628	0.29446146	0.34718195
0.7612244	-0.7977504	-0.7550043	0.7185589	0.7336135	-0.7611039	-0.76293856
-0.86779076	0.9249759	0.9077987	-0.88355684	-0.87314963	0.8700165	0.9195854
-0.09568936	0.07781088	0.10807804	-0.10171446	-0.05123633	0.13748434	0.085485496
0.5295626	-0.5647804	-0.5373171	0.56729627	0.52169055	-0.4947493	-0.5250083
-0.28108642	0.31062812	0.2710964	-0.2659993	-0.23955052	0.23416084	0.27427533
-0.25590357	0.2553517	0.2732828	-0.22685947	-0.21675995	0.25861886	0.20204584
-0.22163141	0.16033497	0.2149965	-0.1347703	-0.16225468	0.19438453	0.17976284
0.28302807	-0.27734053	-0.24062388	0.24901566	0.29669935	-0.30737472	-0.26643673
-0.6932414	0.69866914	0.6579074	-0.63725567	-0.6734873	0.65825623	0.66065663
0.6266681	-0.6562564	-0.6393686	0.6259779	0.65498275	-0.6208424	-0.63859403
0.67970014	-0.7328078	-0.6843811	0.75226176	0.6967385	-0.6864599	-0.7613309
-0.4109272	0.36095005	0.3236139	-0.34262928	-0.33209848	0.35832268	0.34110677
0.0041053668	-0.0661513	-0.061198097	0.07159254	0.045484044	-0.026953984	-0.04974842
-0.9168864	0.9950482	0.9773	-1.0008444	-0.9384961	0.8872101	0.95724297
1.342294	-1.3505883	-1.3225288	1.2885618	1.2402326	-1.2346492	-1.2847269
0.52814853	-0.51475304	-0.5192975	0.51961434	0.4621307	-0.5173895	-0.48671547
-0.44257686	0.47206694	0.4541123	-0.49605274	-0.4285577	0.4629962	0.49992773
-0.92801136	0.9642753	0.94410485	-0.9580785	-0.90233743	0.87501377	0.9147402
-0.91181964	0.96010846	0.9092907	-0.93639684	-0.8737115	0.89606464	0.93482405
1.0057547	-0.99514747	-1.0252819	1.0086031	0.95527	-0.8834379	-0.96481913
-0.35150328	0.41041505	0.38193613	-0.3781699	-0.37330732	0.34633675	0.36957344
0.61575145	-0.6054965	-0.54555553	0.53583896	0.5209641	-0.5239028	-0.5931694
-0.44262004	0.407425	0.40764993	-0.39500123	-0.356848	0.35632145	0.45074227
-1.0615801	1.1430566	1.1212662	-1.0868181	-1.00504	1.0955038	1.0804366
1.0012373	-1.0146229	-1.0027076	0.9965782	0.9752345	-1.0152069	-1.0101932
-0.3353475	0.34921986	0.2886023	-0.3326832	-0.33281198	0.2675334	0.31266868
-0.17600124	0.1291437	0.14113876	-0.13262579	-0.11981118	0.14750844	0.17664245
-1.3930365	1.3455688	1.3687984	-1.4149799	-1.3006428	1.2630132	1.3701493
-0.24304824	0.20471376	0.20093238	-0.24751085	-0.20897768	0.19955575	0.24046339
-0.17552048	0.13585702	0.1459432	-0.16751018	-0.16651116	0.1871387	0.19304109
-0.8397161	0.80398375	0.8273746	-0.823782	-0.7600437	0.74458855	0.840894
-0.5280406	0.5624641	0.5691194	-0.584958	-0.5233586	0.5392511	0.5128394
0.35280415	-0.39893308	-0.32375202	0.36161464	0.33780754	-0.31158453	-0.3576255
0.041401178	-0.026084179	-0.041348364	0.007172766	0.020891791	0.019688722	-0.05839235
1.0174478	-0.9910213	-1.0111461	0.99491	0.9722991	-0.97039413	-0.9919941
-0.36247024	0.35914525	0.350585	-0.35210842	-0.2676317	0.3129251	0.27912316
0.08815337	-0.02755843	-0.040059086	0.03819484	0.050690178	-0.026056789	-0.08325361
-0.44357768	0.46453482	0.4576374	-0.51231927	-0.41819462	0.40883395	0.47251123
-0.18474734	0.22829354	0.17255846	-0.22383638	-0.17304875	0.21078534	0.20034452
0.0360628	-0.08461003	-0.08281731	0.06490228	0.0592951	-0.09916349	-0.0963797
-0.12447729	0.17689583	0.14968967	-0.108376406	-0.16370209	0.12188442	0.16931562
-0.68658906	0.738629	0.703087	-0.7292154	-0.7078585	0.71004075	0.7136572
-0.54427755	0.5556429	0.4741918	-0.53551346	-0.46213597	0.46447256	0.5264884
-0.9902419	1.0340067	1.0483729	-0.9824865	-0.9928447	1.0089083	1.0219651
-0.07537693	0.04148737	0.0028492357	-0.028270293	-0.014946505	0.09827364	0.07315247
-0.24961355	0.25167736	0.26145276	-0.29489544	-0.27607107	0.28763345	0.26097685
0.053759806	-0.078333035	-0.041922376	0.08170944	0.0867966	-0.10981203	-0.05185829
-0.023434313	0.011999962	0.0232502	0.010962633	0.028351694	-0.013557791	-0.038267363
-0.3036994	0.28988254	0.28193	-0.29159412	-0.22022076	0.28603005	0.30848303
1.1050726	-1.1184816	-1.0587887	1.1208723	0.986309	-1.0423958	-1.0855418
0.35702723	-0.36468497	-0.37893978	0.31908256	0.32457775	-0.31612602	-0.31154704
-0.51577026	0.4722095	0.46297482	-0.529967	-0.51013166	0.48669237	0.47550467
-0.62105113	0.63011855	0.6243273	-0.62837136	-0.6588886	0.6749305	0.6745317
-0.7655102	0.7300829	0.7563112	-0.74505174	-0.7016365	0.72966015	0.7324504
0.46314424	-0.43126708	-0.38485897	0.38579538	0.38762766	-0.37895757	-0.4193532
0.9388627	-0.8971529	-0.912498	0.93008	0.883505	-0.9227879	-0.9665679
-0.58147883	0.5684157	0.65038085	-0.60481817	-0.5683283	0.55871624	0.6284984
0.46036267	-0.45356318	-0.4809618	0.39205715	0.39239943	-0.3812232	-0.39140138
-0.72243536	0.75340843	0.7711564	-0.7576581	-0.6775089	0.67182857	0.7040007
-0.3480341	0.3539999	0.35043198	-0.2799891	-0.27934644	0.26715353	0.3390551
0.36580887	-0.35038918	-0.41409108	0.36930677	0.40545124	-0.34254554	-0.3736992
0.16563715	-0.13623865	-0.11850535	0.14145726	0.12836482	-0.08442198	-0.08186421
0.54388136	-0.60919493	-0.6247616	0.5713939	0.52310956	-0.567469	-0.5882944
0.42620584	-0.44389227	-0.37839562	0.42832816	0.3720447	-0.36722374	-0.43499357
-0.6311186	0.63928175	0.651955	-0.6446622	-0.5461757	0.5361515	0.55525696
0.07323582	-0.12838227	-0.09443458	0.100787245	0.13659671	-0.113640554	-0.08619233
-0.3679528	0.34285384	0.31605998	-0.34045762	-0.34393603	0.29532295	0.37491634
0.061228063	-0.073718086	-0.15480405	0.111672096	0.093869954	-0.08778389	-0.06173031
-0.30441484	0.2981154	0.37486032	-0.36379078	-0.34567863	0.3311847	0.37704813
0.04528581	-0.10905855	-0.09260238	0.019307196	0.09817118	-0.025151424	-0.01808362
0.44253138	-0.49604815	-0.42351073	0.45211336	0.38665298	-0.42234227	-0.4065702
-0.70481396	0.70450264	0.69508827	-0.71137846	-0.6414109	0.63961303	0.66875374
0.77942467	-0.7746701	-0.7889626	0.75062615	0.74854565	-0.7438167	-0.74598265
0.2661879	-0.2893138	-0.26257762	0.27149284	0.1802747	-0.20388481	-0.2627735
-0.010885996	0.063704595	0.052640647	0.008267157	0.016190255	0.04054398	0.011991312
-0.4131337	0.42845526	0.3950524	-0.4051963	-0.40446112	0.35954598	0.40729526
0.18228869	-0.101578094	-0.15268016	0.15021285	0.086481445	-0.09199537	-0.13154864
-0.16130733	0.13322859	0.09175869	-0.15094054	-0.11910534	0.14626957	0.1646706
0.72292566	-0.71082366	-0.7208279	0.74966955	0.72839504	-0.6671427	-0.7589992
-0.71685266	0.71259564	0.68056744	-0.6738674	-0.70241266	0.63402474	0.6764639
0.12046697	-0.15151407	-0.1739004	0.1371411	0.12308103	-0.09087082	-0.15670252
-0.14868498	0.23659548	0.19828497	-0.2136461	-0.1772431	0.14698003	0.15644754
-0.9451548	0.93574303	0.8767881	-0.9352612	-0.90128964	0.8344836	0.94947684
-1.3254753	1.329645	1.3160756	-1.3024385	-1.331526	1.2812097	1.3276561
-0.30239353	0.2927106	0.27697352	-0.23930758	-0.30452275	0.308955	0.27909485
0.058185842	-0.042035844	-0.037028767	0.012239895	0.04959632	-0.031373583	-0.047358647
0.3608495	-0.38535464	-0.3810474	0.3618533	0.41619036	-0.38241872	-0.43896335
-0.49336228	0.50839967	0.47938707	-0.4974104	-0.47172812	0.53143734	0.5299464
-0.17654775	0.18801141	0.14422424	-0.14093941	-0.09558777	0.09069342	0.17106456
0.3669678	-0.35519543	-0.3612003	0.3868032	0.3534347	-0.369078	-0.35023648
-0.27009174	0.19249028	0.26273683	-0.28360152	-0.19362572	0.19060339	0.22770339
0.7649476	-0.7873572	-0.70037436	0.7708524	0.72923565	-0.6992403	-0.7826369
-0.9871769	1.0197344	1.018864	-0.9898376	-0.93344516	0.9253302	0.9622821
1.15238	-1.1676368	-1.1869246	1.2103819	1.0985631	-1.1078795	-1.2238842
0.83776206	-0.8341889	-0.89274347	0.80829793	0.8395827	-0.7951636	-0.8896444
-0.3287979	0.39122155	0.34297022	-0.30911264	-0.38259253	0.30797094	0.35552892
-0.08968694	0.1085613	0.13064064	-0.1295464	-0.07649469	0.1377235	0.15345933
-0.67090154	0.6872731	0.7173163	-0.69946015	-0.6768328	0.6619989	0.72754633
0.45693764	-0.43659893	-0.39725387	0.4226934	0.4440197	-0.40975842	-0.40887418
-0.1642122	0.103973925	0.13976137	-0.1471592	-0.13818151	0.12211722	0.08978111
-0.21284458	0.22150564	0.26832113	-0.2057924	-0.1974346	0.23382932	0.26788178
-0.5451603	0.57580155	0.51899457	-0.55510974	-0.49684918	0.5620826	0.593954
-0.55797285	0.50932187	0.5653131	-0.51735556	-0.5447978	0.5646056	0.4913045
0.3770777	-0.3288875	-0.38400307	0.3810925	0.34561852	-0.37767506	-0.32475314
0.5765001	-0.5965299	-0.63704884	0.6317384	0.5765159	-0.54310125	-0.5512234
1.224043	-1.2383261	-1.1773149	1.2509625	1.1974653	-1.1491088	-1.2185435
-0.09196196	0.10960374	0.090938225	-0.08027549	-0.1648842	0.14152673	0.15823708
-0.23748639	0.22021472	0.22326778	-0.215641	-0.20473771	0.25067782	0.2435772
-0.16452472	0.2525448	0.22112261	-0.18244681	-0.22281119	0.22522944	0.23456524
0.3036611	-0.30017626	-0.2633546	0.25592962	0.23450886	-0.27055514	-0.29040414
0.27862975	-0.2638182	-0.26111233	0.22870052	0.24909492	-0.2045254	-0.3022417
-0.16971804	0.1661967	0.15793116	-0.12434444	-0.152133	0.093326904	0.09713885
1.3813326	-1.3653027	-1.3012568	1.2891755	1.3074565	-1.2576213	-1.3857561
0.23843324	-0.2484102	-0.19006163	0.27109265	0.22479491	-0.19098534	-0.23124659
-0.5954735	0.6163767	0.6200663	-0.6558211	-0.5602148	0.6089501	0.5883869
0.56758976	-0.5862368	-0.518478	0.5368036	0.5605646	-0.514198	-0.53486526
1.2542907	-1.1946098	-1.2449496	1.2370967	1.138385	-1.154595	-1.2199906
-0.10131902	0.118374616	0.09438897	-0.12271584	-0.09585035	0.15663074	0.1477999
0.18172066	-0.17485194	-0.17696372	0.20162897	0.10182143	-0.11798487	-0.19103582
-0.10443556	0.05060757	0.107695915	-0.14138475	-0.13067141	0.06734907	0.12373328
0.16701095	-0.16650178	-0.10364373	0.09682162	0.10701776	-0.16639175	-0.12655433
0.28578976	-0.30925387	-0.36247405	0.36677238	0.27843177	-0.30077723	-0.36683986
-0.37049633	0.3949605	0.45415342	-0.43573153	-0.3625767	0.40788984	0.36847883
0.9651582	-0.9175853	-0.9669481	0.94472337	0.8747664	-0.86616015	-0.91966903
1.0400957	-1.036144	-1.0504186	1.1103053	1.0562428	-1.0241468	-1.0728873
-1.2359717	1.2782472	1.2483934	-1.2621404	-1.1958814	1.2301995	1.2217972
-0.5432084	0.53100574	0.5115724	-0.54032147	-0.46429428	0.47725612	0.5282578
-0.3733032	0.3868707	0.4156256	-0.3944923	-0.409351	0.36238778	0.36612266
-0.754989	0.76425546	0.7406213	-0.7504878	-0.7589744	0.7006673	0.7287963
-0.75542504	0.7562903	0.7352369	-0.70697236	-0.65637875	0.6752888	0.6738214
1.2111707	-1.216605	-1.2251593	1.2077744	1.1922237	-1.1798724	-1.1845193
1.0227787	-1.0089546	-0.95643365	1.001278	0.87596506	-0.90100324	-1.0066737
-0.9377711	0.88229764	0.85348433	-0.92673576	-0.82421803	0.84316975	0.86922497
0.6448207	-0.60092115	-0.65534383	0.64740855	0.6180926	-0.5477214	-0.65092385
-0.17238328	0.12037102	0.18661132	-0.10616155	-0.18621835	0.1206457	0.18289384
-0.6428407	0.574836	0.6349214	-0.6258488	-0.594298	0.5684219	0.6603989
-0.9040517	0.87961423	0.95166194	-0.8896743	-0.8908469	0.8415696	0.8786789
0.30504352	-0.32055295	-0.29440522	0.29912692	0.29895163	-0.32298815	-0.35600117
0.47804108	-0.5221523	-0.50304526	0.49148163	0.43733314	-0.48476213	-0.45549992
-0.21887465	0.19824123	0.26542878	-0.23695466	-0.19520685	0.23703027	0.25745204
-0.5225788	0.4984469	0.48917395	-0.45718393	-0.4116271	0.4129366	0.45850286
-0.6911217	0.69041294	0.6446353	-0.68684584	-0.66674393	0.6127066	0.6580835
0.60808885	-0.61574244	-0.58823353	0.6295774	0.55355567	-0.56503654	-0.55784136
-0.60451716	0.6676828	0.60894746	-0.58885294	-0.63158387	0.6325923	0.65310055
-0.3774272	0.2834132	0.299709	-0.3613017	-0.33565384	0.35349572	0.3290524
0.030710872	-0.021952283	0.0013130895	0.03522354	0.044727232	-0.00022657252	-0.03560565
0.60406387	-0.575945	-0.58612186	0.63094366	0.506163	-0.5233854	-0.58200693
-0.2972685	0.29833806	0.2742982	-0.33886343	-0.3373684	0.349691	0.2680188
-0.7671052	0.7917796	0.7771212	-0.76197684	-0.75632334	0.6951655	0.78242
0.7516319	-0.82713234	-0.75482965	0.81063455	0.7738335	-0.7661522	-0.7929011
-0.49872035	0.50090307	0.5026692	-0.5082367	-0.44144827	0.4267336	0.496493
-0.89011115	0.83000904	0.89504474	-0.80850255	-0.78684527	0.8105371	0.8920053
0.0922423	-0.12172245	-0.10317886	0.07920904	0.076445654	-0.06907755	-0.12407181
0.8875558	-0.90621966	-0.8963039	0.8791858	0.85396844	-0.82610685	-0.8621162
-0.28867725	0.28749725	0.3571468	-0.28614068	-0.2901065	0.31427288	0.3015511
0.07958222	-0.006847803	-0.072367534	0.005091034	0.037849467	-0.070498526	-0.083056785
0.23545481	-0.21472307	-0.23791708	0.20839688	0.23417392	-0.21556506	-0.1988908
-0.67437446	0.6860048	0.71178657	-0.73349404	-0.65384203	0.6242764	0.74302197
-0.37676594	0.3302389	0.3036469	-0.324521	-0.35090336	0.30286998	0.36092868
-0.14872397	0.14381114	0.13452294	-0.1362229	-0.12422187	0.12915488	0.1757647
-0.04483862	0.05592117	0.038325466	-0.055292558	-0.052138716	-0.016532281	0.062069688
-0.82381445	0.8235344	0.75995153	-0.82467186	-0.72010607	0.7690056	0.75792
-0.66150904	0.6855037	0.70413476	-0.69208103	-0.6432884	0.66684496	0.70611423
-1.112558	1.1097292	1.0493708	-1.1325026	-1.0891383	1.0362338	1.0891209
-0.3604373	0.3952019	0.4172952	-0.36987025	-0.39122432	0.38031617	0.39557174
0.5039574	-0.42899433	-0.45797464	0.50466794	0.4623359	-0.46789917	-0.44640914
1.0832728	-1.1087983	-1.1191396	1.0885335	1.0634562	-0.9892708	-1.0843723
0.22635487	-0.2502925	-0.29238892	0.22171548	0.21797933	-0.24452403	-0.22627263
0.33480278	-0.2920289	-0.3057996	0.36725208	0.33695734	-0.34618798	-0.3093755
-0.45856258	0.47153917	0.45664105	-0.40670103	-0.44751266	0.4039999	0.40079236
-1.298494	1.2189018	1.2240037	-1.217188	-1.197638	1.1727098	1.3027347
-0.4553608	0.50158155	0.53038305	-0.54195726	-0.42964652	0.4973802	0.490803
0.3203717	-0.39613777	-0.35895357	0.34070495	0.30078593	-0.34333932	-0.38035107
-0.25546664	0.21046333	0.20080978	-0.21859966	-0.27602777	0.19107807	0.20986876
0.15809523	-0.18937364	-0.23576447	0.20648846	0.19854695	-0.20699133	-0.17730913
1.1381379	-1.1138239	-1.1029841	1.07978	1.0308499	-1.0718832	-1.1702113
0.6911653	-0.6226725	-0.6236248	0.7000925	0.6152032	-0.64106864	-0.6701146
0.02803087	-0.010942679	-0.038537987	0.06265221	0.014420105	-0.063971356	-0.014662728
0.51275355	-0.54289615	-0.5084135	0.58156997	0.51302946	-0.51078266	-0.54564464
0.68522906	-0.76426965	-0.7517567	0.6936793	0.6604491	-0.68002224	-0.7274928
-0.89900285	0.89930356	0.8637936	-0.9146296	-0.8296799	0.83843315	0.9350424
0.91864926	-0.91644794	-0.90147793	0.89459264	0.8520237	-0.84071213	-0.86273223
0.5329496	-0.5127646	-0.5255796	0.49863756	0.5036671	-0.46430105	-0.5363173
0.31047553	-0.37169877	-0.35075203	0.30989945	0.34890798	-0.28758326	-0.3124588
0.30922082	-0.28022137	-0.25337464	0.3097448	0.2329039	-0.30331725	-0.26066545
0.18167284	-0.19307272	-0.17352842	0.13912837	0.10990046	-0.11180461	-0.1777841
0.03840013	0.023680337	-0.03127927	0.04678019	-0.0030708301	-0.034069978	-0.030069213
0.7960913	-0.8599189	-0.84622616	0.84849787	0.78039235	-0.780067	-0.82400376
0.026597733	0.056813523	0.009398309	-0.039888248	0.009798459	0.01633852	-0.038182188
-0.59073585	0.6459857	0.6104432	-0.62027836	-0.5470925	0.5875763	0.6090361
-0.27155823	0.26528212	0.24333829	-0.29579914	-0.27508175	0.19126366	0.20311715
-0.23819447	0.2372424	0.3082217	-0.24967003	-0.32179213	0.2844189	0.27916437
0.39173865	-0.42919144	-0.39651963	0.4409548	0.39557084	-0.39224434	-0.397915
0.16676515	-0.087015785	-0.07529469	0.0781299	0.07643513	-0.13512005	-0.089461796
0.4228501	-0.46969634	-0.4315628	0.47060677	0.37484658	-0.43602422	-0.50153136
-0.030485805	-0.026856909	0.028337903	0.013186729	-0.03530015	0.027740888	-0.0066294256
-0.0629567	0.07521808	0.048819628	-0.056634955	0.013394626	0.033404857	-0.01517873
1.1340039	-1.1476885	-1.115548	1.1747026	1.0935894	-1.0812992	-1.1837932
0.24369271	-0.25661814	-0.19031788	0.21236536	0.22703749	-0.22169887	-0.17743602
0.0024696111	0.040515468	0.035289537	-0.049589425	-0.090121776	0.050354894	0.06640469
0.4758806	-0.44774124	-0.47739604	0.4497371	0.4385533	-0.46462792	-0.4185785
-0.30105898	0.30279353	0.25896218	-0.26405454	-0.25194737	0.29947534	0.31102386
-0.076200776	0.09290092	0.054847803	-0.051461898	-0.090313055	0.0740234	0.0716628
-0.4663308	0.44693103	0.48546126	-0.464552	-0.38684037	0.4549065	0.4935412
0.2200635	-0.222304	-0.16346113	0.17249827	0.14010838	-0.11415004	-0.1969928
0.43249583	-0.37307966	-0.43188637	0.4034967	0.43004423	-0.38223976	-0.4593397
-0.31852055	0.2626564	0.27636492	-0.2664176	-0.24410808	0.22876154	0.30102164
0.4605866	-0.4724098	-0.5221289	0.4542035	0.44331387	-0.4815845	-0.4620655
-0.58706886	0.59972304	0.55887216	-0.5594251	-0.5475024	0.5386256	0.55962145
-0.54324526	0.5370835	0.45840067	-0.5239494	-0.4716971	0.480465	0.54388034
-0.5255777	0.5985438	0.56011933	-0.5239761	-0.5206157	0.52454174	0.5353619
0.20601605	-0.21231346	-0.21495211	0.25125772	0.20045786	-0.15808819	-0.26491317
-0.49165484	0.41240656	0.4058329	-0.4755416	-0.47814706	0.47503948	0.40891066
-0.06828458	0.027285974	0.10627049	-0.069746464	-0.073357224	0.031540323	0.101586185
-0.2558538	0.30088884	0.28333324	-0.27117556	-0.28573987	0.22239244	0.23605844
-0.09026776	0.07805722	0.1340248	-0.12015141	-0.1294092	0.053440854	0.123252735
-0.2268958	0.2525983	0.20791842	-0.23911406	-0.18622687	0.20747238	0.23547588
-0.066612974	0.07799426	0.018585311	-0.025013544	-0.09306616	0.042850964	0.04616999
0.23432419	-0.16743812	-0.24541137	0.19030595	0.213874	-0.15976562	-0.16607629
0.3046635	-0.272791	-0.24355806	0.2747832	0.3084494	-0.25303853	-0.26457936
0.20631778	-0.23553227	-0.25589028	0.28717288	0.21744189	-0.2568893	-0.23549855
-0.54683787	0.5625291	0.50690985	-0.51791674	-0.49864563	0.52084696	0.54410255
-0.33421412	0.27928287	0.3314062	-0.3081486	-0.30443898	0.3089348	0.3319048
-1.2196437	1.1604699	1.1871643	-1.1629333	-1.1878202	1.2019347	1.2450342
-0.47384915	0.4048942	0.46130285	-0.44011694	-0.4669514	0.4822268	0.4562908
-0.31506327	0.272313	0.23273665	-0.26073965	-0.2976159	0.28246352	0.23625076
0.834473	-0.91844606	-0.8427677	0.84617704	0.83582884	-0.83585924	-0.88608825
0.28562984	-0.2980395	-0.35127372	0.3196413	0.25818872	-0.31287026	-0.3496008
0.16261823	-0.11167976	-0.16118763	0.09321698	0.08782164	-0.10266112	-0.087707765
-0.6632399	0.6558402	0.70135343	-0.6666645	-0.6499685	0.66399056	0.70089006
-1.2336469	1.2340819	1.2182941	-1.2197311	-1.1876466	1.2065772	1.2445576
-1.0427408	1.0253162	1.0796765	-1.0307271	-0.98931	1.0198605	1.0472924
-0.29548788	0.3063447	0.29393584	-0.26509076	-0.24267922	0.24565572	0.22885086
0.113433845	-0.20783477	-0.13952	0.16481388	0.13054562	-0.17794801	-0.16587962
-0.25027743	0.1836105	0.16933675	-0.19034098	-0.19057341	0.23760845	0.20882282
0.4788865	-0.51618934	-0.47563148	0.4850375	0.43217683	-0.48138577	-0.47929272
-0.04382011	-0.018702727	0.07311809	-0.05894977	-0.0314116	0.009209985	0.03412705
-0.6729648	0.64773077	0.6288107	-0.7045097	-0.65528965	0.65094537	0.6519663
0.35765892	-0.35139674	-0.33062485	0.33100745	0.38548702	-0.31767195	-0.3435175
0.81867343	-0.772398	-0.7794062	0.8312938	0.756144	-0.78364146	-0.84315944
0.30086312	-0.3561588	-0.37554896	0.36644277	0.27666575	-0.34382844	-0.34164622
-0.74335223	0.7753543	0.7409821	-0.7610891	-0.73730946	0.6678107	0.74738187
-0.4198508	0.47045064	0.4683271	-0.4580599	-0.4050692	0.38502103	0.41116038
-0.36039194	0.32706735	0.36463228	-0.34341365	-0.3436462	0.32026502	0.3106235
-0.4407019	0.4968582	0.4175804	-0.41900012	-0.42189652	0.38438082	0.47692648
-1.2584714	1.19073	1.192314	-1.2138587	-1.1846635	1.1812818	1.1923354
-0.35206598	0.38029116	0.3007512	-0.3736222	-0.27864897	0.34166163	0.33014056
0.12408016	-0.051603884	-0.0880342	0.08061741	0.028956553	-0.040872235	-0.083335504
0.926091	-1.019607	-0.9513965	0.9233148	0.94812536	-0.8762577	-0.96452606
-0.3493706	0.325272	0.31664467	-0.3527165	-0.3526939	0.27254972	0.33899653
-0.3984571	0.3922786	0.34180123	-0.37078312	-0.38902348	0.36807817	0.39219707
-0.10608733	0.073728256	0.129567	-0.16168591	-0.15428008	0.07961782	0.064001866
-0.5267311	0.5368174	0.5966939	-0.5456634	-0.5396701	0.49348882	0.5641802
0.19042717	-0.24089183	-0.22771187	0.20552073	0.15990955	-0.1759925	-0.19765238
0.6312335	-0.6181117	-0.56262136	0.6113286	0.5449197	-0.5083426	-0.6443663
0.040550217	-0.023321142	-0.115329415	0.0885677	0.096965104	-0.051046476	-0.026242182
0.14082626	-0.15244736	-0.17614879	0.17916816	0.17853646	-0.19626099	-0.20406143
-0.007092875	0.0025954258	0.02511783	0.0141463075	-0.011164176	-0.012568589	-0.0037507613
0.1856317	-0.20756838	-0.13094024	0.17774498	0.14877428	-0.15546837	-0.19045411
0.73384976	-0.70611525	-0.7320476	0.7254474	0.738041	-0.71982634	-0.7156631
0.04309695	-0.048104826	-0.058845453	0.007388744	0.087356955	-0.0015811963	-0.08549597
0.07898942	-0.14144307	-0.0825066	0.0639727	0.14131665	-0.12334692	-0.10421454
0.03180701	-0.05203885	-0.09220836	0.043501228	0.07716186	-0.049418353	-0.08258765
0.49301368	-0.45156792	-0.47246486	0.48515502	0.5033577	-0.4148132	-0.53501767
-0.5788655	0.64964837	0.560183	-0.65283346	-0.5566186	0.5703926	0.57787484
0.1075588	-0.12534823	-0.094995	0.1327203	0.1334396	-0.092480354	-0.09799693
-0.08714816	0.07951505	0.055185482	-0.06477831	-0.09379392	0.036305085	0.1008328
-0.114777476	0.05686113	0.08360186	-0.13041762	-0.12336024	0.06562939	0.14601934
0.24302498	-0.25224683	-0.23085807	0.27318203	0.28462127	-0.254542	-0.2343677
-1.0217756	0.99390924	0.98871255	-1.0241563	-0.916901	0.94197184	1.047959
-0.69697917	0.609753	0.69983655	-0.6597952	-0.6118809	0.6078521	0.65593636
-0.56643724	0.536771	0.59121484	-0.59558165	-0.57659364	0.5363852	0.6128634
-0.66443425	0.6684096	0.65042585	-0.70234495	-0.6729699	0.6213703	0.6545185
-0.124538384	0.08688374	0.06888701	-0.14314117	-0.11983338	0.074472636	0.12963606
0.2953787	-0.33777222	-0.3346028	0.35426122	0.23514031	-0.31946665	-0.32861125
0.5188293	-0.4908859	-0.49070132	0.5728464	0.47997063	-0.5025385	-0.5792529
0.0344645	-0.035852455	-0.06288194	0.08494577	0.012710633	0.014124011	0.0071351645
-0.62857723	0.62360334	0.6521313	-0.7078307	-0.6540352	0.62366235	0.6709584
0.17530756	-0.14953887	-0.124619186	0.17511265	0.16283476	-0.17232712	-0.21655118
0.2311758	-0.15837313	-0.2351906	0.24383666	0.24251264	-0.16976433	-0.17323664
-0.756526	0.69822586	0.7368496	-0.75038916	-0.67988175	0.679472	0.6907741
0.10966831	-0.058412973	-0.041147906	0.11527357	0.085248046	-0.0931383	-0.05906532
-0.43785527	0.4440329	0.39670712	-0.4010218	-0.38445964	0.40318683	0.43734205
0.9174949	-0.91510445	-0.9510884	0.9813789	0.8733818	-0.8736003	-0.94506496
0.05574661	-0.13912508	-0.13019802	0.11097279	0.13440582	-0.07250754	-0.11683649
0.044755954	-0.036315423	-0.10585496	0.0318363	0.10643291	-0.05851851	-0.056530394
-0.17138599	0.16901767	0.08049914	-0.091806345	-0.17619725	0.13058327	0.083341576
-0.09815914	0.09609133	0.09398948	-0.114410646	-0.096630126	0.10371821	0.14254834
-0.03794326	0.050582204	0.006137585	-0.06983234	-0.08477711	-0.0037213499	0.039178625
-0.6508387	0.6156228	0.6665198	-0.6673014	-0.584666	0.6240238	0.63879627
-0.20814861	0.16045876	0.22495124	-0.19359061	-0.24560525	0.20614052	0.19716348
0.24143946	-0.21525626	-0.2151296	0.19305828	0.19115584	-0.1925589	-0.26632655
-0.28767544	0.34147948	0.26712912	-0.3603515	-0.3332211	0.3467608	0.31830087
0.8948786	-0.92469895	-0.9454104	0.9219858	0.83353686	-0.8408867	-0.9621788
0.0039842497	-0.048729558	-0.07805685	0.024975738	0.054706145	-0.0141673805	-0.012643909
-0.3950314	0.45369753	0.44941002	-0.4942845	-0.39040238	0.4325713	0.4731878
0.425589	-0.39651445	-0.3530492	0.41362184	0.35118023	-0.37587914	-0.40956452
0.51893234	-0.5498429	-0.5725432	0.6009384	0.55755836	-0.56404173	-0.53716844
-0.02309351	0.005918554	0.038571976	-0.021537932	-0.0060475618	0.035569012	0.05658402
-1.0765415	1.0396696	1.1002356	-1.0490572	-1.0000163	1.0212508	1.096894
0.20929193	-0.17214146	-0.17981145	0.14187919	0.1370047	-0.1187655	-0.13585608
0.24264738	-0.30603042	-0.23093474	0.22023904	0.24700235	-0.2562245	-0.26558027
0.077385135	-0.038342934	-0.06197244	0.07163851	0.032060627	-0.015615405	-0.0541416
0.9701546	-0.9412458	-1.0099602	0.94725543	0.94075656	-0.9075086	-0.9397565
-1.0439101	1.0009978	1.0472456	-0.9948924	-1.0034012	1.0247664	1.0562414
0.26451263	-0.30400556	-0.28971776	0.25865734	0.25607586	-0.24919863	-0.28549054
0.16988221	-0.14537461	-0.1415169	0.14210895	0.088869944	-0.11162743	-0.099283755
0.30595648	-0.37361342	-0.35852465	0.33247882	0.31868765	-0.28877422	-0.37205383
-1.1704211	1.1495397	1.1456034	-1.1230359	-1.0356184	1.1330432	1.1388679
0.13401484	-0.102323376	-0.12596582	0.089629464	0.070723794	-0.108736545	-0.14185543
-0.044456657	0.08399339	0.06161893	-0.13528635	-0.07044564	0.12443228	0.07545787
1.1977689	-1.1774691	-1.2170072	1.1837398	1.0631585	-1.1146986	-1.2033929
0.32709238	-0.35517603	-0.28881946	0.3142612	0.33055162	-0.34517837	-0.35679814
-0.09150724	0.040312883	0.06967395	-0.09770665	-0.005665971	0.093740106	0.051170077
-0.09270937	0.07158086	0.11633678	-0.12881935	-0.12952101	0.113287576	0.09069526
-0.029056422	0.091937184	0.06475091	-0.049595896	-0.10507078	0.021540327	0.036271825
0.55613625	-0.5416391	-0.50543934	0.49798515	0.43049982	-0.42610624	-0.4833301
0.5973784	-0.5744577	-0.5803114	0.60250527	0.61253685	-0.5958013	-0.6162477
-0.4474	0.4792984	0.45263734	-0.4583718	-0.44729075	0.41890484	0.45489755
0.5876799	-0.56520814	-0.63482594	0.626138	0.53863204	-0.5826234	-0.6177613
0.92864084	-0.8914751	-0.9063246	0.9361611	0.8456638	-0.8296996	-0.9256585
0.3336607	-0.27652216	-0.26025507	0.28876242	0.30273336	-0.29809773	-0.28165916
-0.3701186	0.41559237	0.38434905	-0.40594146	-0.33243924	0.3165908	0.39746878
-0.23857883	0.25188974	0.2834821	-0.22514689	-0.28795427	0.26238942	0.26997513
0.06159328	-0.14361276	-0.07620785	0.07100054	0.059890334	-0.097087465	-0.074466474
-0.9543602	0.9883483	0.94407475	-0.943888	-0.91225684	0.9536939	0.94587696
-0.6286358	0.64871126	0.5732835	-0.584236	-0.57994294	0.5327679	0.59147394
-0.79795825	0.7970307	0.77316964	-0.73535526	-0.6797113	0.73557794	0.737964
-0.10884377	0.1263292	0.09390531	-0.12497841	-0.14827679	0.12878063	0.086060025
-0.37723908	0.40665367	0.41860548	-0.4333963	-0.42600375	0.43482792	0.44369134
-0.008564081	0.004308321	-0.051638223	0.012609129	-0.04429876	0.041385774	0.03258664
0.6499703	-0.6434794	-0.6588147	0.71246797	0.64366215	-0.6309952	-0.67477363
0.3527672	-0.3109171	-0.3167742	0.26722634	0.27967536	-0.2812411	-0.31622928
0.3535303	-0.31230563	-0.33365315	0.30559433	0.31133303	-0.30526072	-0.30127567
-0.13346292	0.047807008	0.10154373	-0.1054756	-0.045542758	0.0931913	0.13029678
0.32523224	-0.3208585	-0.31137303	0.32253686	0.26138908	-0.30516055	-0.3157231
-7.039849e-05	-0.008029266	0.046172924	-0.036307782	0.03186872	-0.040432513	0.026615355
0.65109044	-0.65873677	-0.61064124	0.66410923	0.5834845	-0.5860249	-0.69558203
-1.2276484	1.2076399	1.2421921	-1.2931045	-1.1405067	1.187068	1.2568616
-0.50156575	0.50241673	0.5576754	-0.53007793	-0.517933	0.46307075	0.5110392
-1.0589952	1.0479524	1.0786533	-1.0756458	-1.0255741	1.0172838	1.1001958
0.80341965	-0.891101	-0.8355335	0.899523	0.8422591	-0.77412593	-0.9030591
-0.25386176	0.23182635	0.2661916	-0.24171238	-0.2602239	0.20323475	0.21363774
-0.26399842	0.27211526	0.22919132	-0.2146478	-0.210967	0.2648689	0.29057568
-1.0684705	1.0031105	1.0733972	-1.088047	-1.010416	0.99934936	1.0216136
0.9397978	-0.92594993	-0.9311741	0.9126177	0.9497723	-0.934127	-0.91043335
0.19754967	-0.22089383	-0.21921778	0.2079627	0.19951357	-0.20635861	-0.19275525
-0.13297553	0.14305706	0.1654032	-0.16143765	-0.16357644	0.078399524	0.07601231
-0.13250229	0.1528609	0.17422806	-0.13545913	-0.15162322	0.21657646	0.21345603
-0.6935494	0.72617984	0.781259	-0.77645266	-0.71041334	0.6727497	0.70112884
0.5679179	-0.5896747	-0.6022651	0.5665637	0.5591621	-0.5140275	-0.6349919
1.1953844	-1.2485892	-1.2287363	1.2247046	1.1358978	-1.0940936	-1.2585174
0.30648732	-0.36251625	-0.3335555	0.26458684	0.25036028	-0.2448884	-0.35048553
-0.21005826	0.2509882	0.23838432	-0.24232367	-0.23488195	0.2383908	0.20864986
-0.26480815	0.2708718	0.2576509	-0.2784012	-0.24659392	0.23320395	0.2489578
0.02622381	-0.05137051	-0.08085239	0.076843835	0.049926266	-0.03401677	-0.041513197
-0.89815235	0.9161049	0.9081662	-0.88130516	-0.8371637	0.89925444	0.9373295
-0.732992	0.7321059	0.69614404	-0.7340409	-0.6765093	0.7157938	0.7205965
-0.6800265	0.66587716	0.6481483	-0.70406085	-0.65069413	0.63399535	0.7176384
-0.13515617	0.07665812	0.14360249	-0.13498633	-0.078352414	0.061453354	0.11660161
0.6829874	-0.6044883	-0.64037687	0.65804213	0.6045766	-0.585812	-0.60117394
-0.15778337	0.18415377	0.19301347	-0.19162065	-0.121870175	0.17975372	0.19795313
-0.011236867	0.03942563	0.07174281	-0.058070853	-0.045538083	0.0045074555	0.053282056
-0.47915688	0.49979424	0.44176278	-0.48557502	-0.49441978	0.43059403	0.48947743
0.16918963	-0.186363	-0.122580186	0.11843507	0.17939088	-0.15104151	-0.16701877
-0.18214765	0.27846792	0.19429229	-0.27581203	-0.2184197	0.21369791	0.22879449
-0.49527186	0.5444385	0.53527546	-0.5555609	-0.51644546	0.4615814	0.573323
-0.5487975	0.6044993	0.57383937	-0.592474	-0.5225707	0.5301457	0.6051528
0.8737436	-0.8342796	-0.8335047	0.8600937	0.7635983	-0.78991896	-0.8625302
-0.05736872	0.11693723	0.11040585	-0.09052073	-0.107642286	0.14768064	0.13319431
0.44965744	-0.4432474	-0.5281036	0.46346766	0.39520317	-0.46191353	-0.49738723
-0.67764366	0.7166405	0.70301634	-0.68983203	-0.6497186	0.65175056	0.691782
0.6638382	-0.6242753	-0.64297396	0.58117074	0.5562491	-0.57331103	-0.61172175
-0.124646164	0.056564678	0.033936065	-0.13085271	-0.05948598	0.08099781	0.050471272
-0.6713186	0.6280847	0.6409724	-0.6226064	-0.6353787	0.61163557	0.70495296
-0.21264271	0.23858556	0.22094224	-0.20553361	-0.18914334	0.15816082	0.24865073
0.13806571	-0.13262826	-0.21598129	0.19314255	0.11753609	-0.21227022	-0.2043735
-0.5387979	0.6089366	0.5726657	-0.59379095	-0.596725	0.58405006	0.557404
-0.13152966	0.16077259	0.08248865	-0.16015396	-0.0788431	0.120275006	0.16346335
0.0119147105	0.0014999802	-0.005129999	0.04814253	0.037293464	-0.06536343	-0.06408451
0.44104645	-0.4304392	-0.4031357	0.39618278	0.32811537	-0.42645547	-0.36303428
-0.20426212	0.22160971	0.22689812	-0.27060497	-0.26433894	0.22963738	0.27614668
0.43613803	-0.35775077	-0.42132252	0.37394997	0.3379496	-0.40332112	-0.39390203
-0.48071727	0.50946486	0.54659367	-0.50571233	-0.49437904	0.46748942	0.47955897
-0.17241849	0.16724803	0.14993274	-0.114754006	-0.13982357	0.1439996	0.11569199
0.20072155	-0.14930291	-0.1529364	0.23053363	0.16266444	-0.14730038	-0.21338464
0.27270174	-0.27468082	-0.24885365	0.2777493	0.1764317	-0.22195439	-0.18950343
0.52817726	-0.4599003	-0.48623818	0.5256475	0.42484224	-0.46802554	-0.47485974
-0.535392	0.55590373	0.5505121	-0.5263991	-0.529329	0.5171595	0.5796691
0.119556405	-0.08807433	-0.098005004	0.09841511	0.066684514	-0.056178797	-0.09249012
0.83876336	-0.87951046	-0.8238615	0.8435938	0.8178235	-0.75822663	-0.8487516
0.00780657	-0.06924147	-0.02783641	-0.027230192	-0.010876704	-0.018727101	-0.014695465
0.5236531	-0.55173403	-0.5551147	0.5127987	0.54169226	-0.5577421	-0.5215426
-0.312988	0.36621448	0.39447343	-0.31762648	-0.3107551	0.37467545	0.40431896
0.21035874	-0.2340089	-0.22189137	0.19782136	0.14816564	-0.19211201	-0.19434461
0.8440414	-0.79478693	-0.81782013	0.8074328	0.8240992	-0.73458153	-0.8210452
0.3007707	-0.3004162	-0.26048654	0.24072075	0.27930507	-0.29448745	-0.31180167
-0.2583999	0.24736063	0.24267186	-0.27191728	-0.26664594	0.22099337	0.2418842
0.2501271	-0.23059852	-0.16476575	0.23399633	0.17687054	-0.18516706	-0.21465008
-0.5789198	0.58866817	0.57348657	-0.5307593	-0.5442924	0.49170065	0.532219
-0.31001443	0.3127932	0.27887884	-0.29303712	-0.26588488	0.29288232	0.2569676
-0.92494804	0.9570597	0.94455045	-0.9116406	-0.9023347	0.86118686	0.8781854
-0.6614716	0.69180906	0.6167954	-0.5952298	-0.58889127	0.6113283	0.6367534
0.6030624	-0.6367082	-0.61906826	0.66765994	0.61471426	-0.6526096	-0.600934
0.36075908	-0.33958432	-0.34782767	0.39102355	0.39462507	-0.32290906	-0.40569723
0.2506528	-0.23421076	-0.2621648	0.28297853	0.27477232	-0.2317075	-0.3330972
1.1183053	-1.1114025	-1.1652048	1.1579878	1.0109134	-1.0186324	-1.1421976
-1.1553955	1.1634988	1.0764682	-1.1120929	-1.0207207	1.0150946	1.1529889
0.27613202	-0.2678367	-0.21831594	0.20546435	0.2416895	-0.25487763	-0.2526499
-0.27534756	0.35116863	0.29267728	-0.35952383	-0.26895013	0.27681154	0.28078854
0.26036796	-0.2394908	-0.27622202	0.29327694	0.2914363	-0.24588549	-0.27961153
-0.49350706	0.5648759	0.5073803	-0.4993466	-0.46746102	0.45000282	0.5504312
0.31335667	-0.26505232	-0.33058202	0.3473152	0.2795612	-0.29522407	-0.322916
-0.006418407	0.06145886	0.03117977	-0.074092105	-0.018310135	0.06939687	0.0076303184
0.35423285	-0.36451903	-0.35204712	0.3226757	0.33036777	-0.2988172	-0.37855443
0.51422155	-0.49510443	-0.4880894	0.48431107	0.40682533	-0.40336183	-0.43233275
0.31853262	-0.29718456	-0.37623432	0.29831704	0.3384424	-0.32193044	-0.28846294
-0.33355445	0.36746928	0.38893762	-0.38021418	-0.31417626	0.3109547	0.40826765
0.5279511	-0.47236714	-0.51764464	0.54519427	0.48034814	-0.4552438	-0.5256608
-0.69394296	0.7054894	0.66649824	-0.7189498	-0.6348217	0.7095833	0.7030555
0.86779577	-0.9044555	-0.91757226	0.90120995	0.8136056	-0.86589414	-0.865089
-0.13527007	0.08286163	0.08645397	-0.1058254	-0.07263581	0.11241385	0.11633646
0.5728036	-0.49618304	-0.5125763	0.55587023	0.4609732	-0.5373008	-0.533405
-0.7106543	0.70724624	0.7344187	-0.7018972	-0.7114877	0.708498	0.7838173
0.6319564	-0.65288097	-0.6630431	0.60955554	0.5404367	-0.6051356	-0.5820994
-0.5943974	0.62007487	0.6016682	-0.629886	-0.61493933	0.5439637	0.58681566
-0.58167565	0.6296953	0.60822755	-0.5940154	-0.5812452	0.5940547	0.58967775
0.19217707	-0.2362723	-0.1907186	0.226696	0.19566697	-0.21102336	-0.20411691
0.11200499	-0.080018945	-0.07283564	0.16686688	0.1327364	-0.07665399	-0.13121945
0.62827814	-0.62194335	-0.5812572	0.6035487	0.5655396	-0.5870786	-0.6405597
-0.3727171	0.4364949	0.40857008	-0.3986217	-0.40770537	0.40859124	0.3541769
1.1371974	-1.1952977	-1.1680131	1.1499096	1.0389646	-1.096724	-1.1069146
0.13140805	-0.06150563	-0.11402101	0.13158068	0.073719256	-0.047587756	-0.06157437
0.17340337	-0.14518195	-0.15897325	0.23843965	0.16972217	-0.19969888	-0.18237077
0.034343164	-0.033692405	-0.040539064	-0.012555895	0.039762616	-0.017188093	-0.011026603
0.27249637	-0.30160618	-0.32512343	0.32177705	0.275182	-0.27225506	-0.24862726
-1.2285994	1.2265592	1.1951709	-1.1779804	-1.1450778	1.1920139	1.2087213
-0.05935453	0.071232066	0.09462265	-0.10413143	-0.084201634	0.01325128	0.08485473
-0.8006055	0.7738845	0.8050552	-0.87892187	-0.7969412	0.82100904	0.8274894
0.62341654	-0.6813235	-0.7047205	0.68618304	0.5755741	-0.6394421	-0.68838876
0.3983599	-0.4688662	-0.41935238	0.42415315	0.4255448	-0.4493711	-0.48493633
0.16547191	-0.22821042	-0.26006052	0.20384261	0.21893428	-0.17605326	-0.19231081
0.77635163	-0.7432935	-0.698055	0.7752324	0.74651796	-0.6562887	-0.71348083
-0.6968499	0.71076375	0.66784024	-0.70863765	-0.69401443	0.6365256	0.7117013
0.037642043	-0.06218653	-0.05411835	0.010838225	0.026839556	-0.02156889	-0.033524513
-0.024643935	0.046310708	-0.036624216	-0.04408199	0.022600085	-0.034361623	0.039121807
0.120954975	-0.09708454	-0.11779239	0.08869431	0.06870732	-0.088447504	-0.11135993
0.6924502	-0.67945325	-0.6955637	0.6556969	0.5857577	-0.58812946	-0.68988776
-0.68441874	0.6745745	0.68027556	-0.6226142	-0.56574464	0.6096653	0.6398912
0.16391982	-0.20363633	-0.2309691	0.24236928	0.14783646	-0.22985199	-0.15904373
-0.5591264	0.53714746	0.5474944	-0.57085454	-0.56928444	0.529151	0.5706847
-0.28841484	0.36290142	0.26979953	-0.2799539	-0.26085478	0.27172077	0.2962711
-0.63846946	0.5560071	0.6274564	-0.58462447	-0.57599145	0.6091105	0.58211297
-0.73490566	0.75450337	0.8061895	-0.7931044	-0.78176093	0.76573265	0.78028655
-0.6706481	0.6205503	0.6775504	-0.69451475	-0.6387143	0.644952	0.63693565
-1.1315662	1.1106063	1.0496078	-1.1004317	-1.0488898	1.0441936	1.1045558
-0.8596226	0.84607375	0.84796166	-0.798546	-0.7758401	0.8190758	0.8824711
0.29323298	-0.3085521	-0.32644793	0.23691456	0.22904184	-0.30552402	-0.3285044
0.6716609	-0.69670635	-0.6960689	0.7420464	0.6605194	-0.7340606	-0.7406014
-0.29195595	0.28911826	0.23242556	-0.24286214	-0.26147264	0.25211403	0.28056508
0.1993029	-0.11984934	-0.17035994	0.16677475	0.17827733	-0.1319331	-0.12295401
1.1123716	-1.13151	-1.142291	1.0960073	1.0742486	-1.0316325	-1.1498533
0.23903371	-0.22521253	-0.25138274	0.2803455	0.1985152	-0.2368505	-0.27426574
-0.10367487	0.09096158	0.101170756	-0.13356958	-0.16332184	0.11636124	0.11827796
0.178516	-0.21054447	-0.27317774	0.2106371	0.17569408	-0.21482216	-0.2523566
0.17893258	-0.2143284	-0.23081455	0.262664	0.23661429	-0.18485539	-0.25601602
-0.18786785	0.24607965	0.18669344	-0.17269985	-0.21552664	0.22565705	0.15792583
0.14859031	-0.12098514	-0.16295195	0.12680969	0.19228217	-0.13774048	-0.12111113
-1.092047	1.1274736	1.1222397	-1.1006184	-1.0240707	1.0273441	1.141998
0.6308826	-0.6346423	-0.65917605	0.61764157	0.5845444	-0.5830707	-0.64704233
0.14692701	-0.09236133	-0.12049168	0.13205758	0.06317992	-0.11231198	-0.14908122
0.15896113	-0.17143518	-0.144449	0.17722145	0.14975418	-0.10706119	-0.10851759
0.03551813	-0.07197428	-0.08810605	0.10556786	0.030976003	-0.092490405	-0.08962741
-0.39179203	0.42455807	0.43078554	-0.44276196	-0.39996913	0.3657063	0.3653988
-0.026127605	0.02766795	-0.013326243	-0.015257805	-0.01777502	0.045120433	0.039147113
-0.08279227	0.11533696	0.09632712	-0.07013711	-0.15214168	0.15306814	0.14129977
0.7436803	-0.71241397	-0.7771478	0.79478717	0.70822763	-0.7002422	-0.75332177
0.16090176	-0.19866943	-0.17935766	0.14712083	0.20600696	-0.15621457	-0.13594131
-0.1655064	0.19808485	0.1832763	-0.14817743	-0.14675583	0.1871005	0.17518094
0.7409394	-0.7852165	-0.77468365	0.7728906	0.7561632	-0.73248917	-0.78376675
0.86423266	-0.852633	-0.81946933	0.8593742	0.83731264	-0.78071374	-0.905736
0.36895153	-0.33134586	-0.30986062	0.39472476	0.3298592	-0.32855007	-0.37049443
0.3158135	-0.29704472	-0.28102908	0.33214593	0.30222264	-0.28229013	-0.26656458
-0.08174499	0.07163598	0.08789742	-0.10727957	-0.14589554	0.09970138	0.106987976
-0.68404263	0.656809	0.7059006	-0.7385447	-0.67720544	0.7161008	0.7410254
-0.09418383	0.072423615	0.07286037	-0.11870577	-0.15235925	0.14533074	0.0587122
0.21450171	-0.22916825	-0.21898389	0.16126344	0.12106955	-0.18807353	-0.1385678
0.7513563	-0.69929725	-0.6948376	0.6964314	0.6627176	-0.6314533	-0.7138075
0.1284122	-0.11582818	-0.17960559	0.11753977	0.17477883	-0.10929219	-0.12107411
0.38453284	-0.41862506	-0.3493915	0.34267762	0.31181592	-0.3531945	-0.40554237
0.4032983	-0.3581427	-0.3326944	0.34051457	0.32027376	-0.36952764	-0.3587123
-0.49754983	0.56927645	0.5586145	-0.5721755	-0.46705717	0.5373236	0.5531513
0.21947956	-0.2506247	-0.19236176	0.22635151	0.17975919	-0.21832569	-0.25015745
-0.3359905	0.34714618	0.34908208	-0.33653808	-0.34323916	0.3317682	0.4115954
0.6615461	-0.6771817	-0.6936313	0.6521851	0.59250623	-0.6010284	-0.63077384
-1.2054468	1.2276117	1.168024	-1.1378102	-1.155518	1.1720204	1.1997569
-0.027691273	0.045645162	0.035715528	-0.03652134	0.01879424	0.036592156	0.043789186
-0.43884692	0.49233842	0.5022891	-0.4410325	-0.40506822	0.46261847	0.45251215
-0.054382805	0.066687495	0.09191613	-0.12197096	-0.119485505	0.12723795	0.034035318
0.04804073	-0.029733088	0.011297894	0.040551636	0.011152611	-0.038504615	0.022132818
-0.44787765	0.41006905	0.37627944	-0.4043944	-0.3513309	0.41313103	0.4479384
0.54741347	-0.5909096	-0.5753507	0.60529834	0.5150672	-0.54163253	-0.5519735
-0.6421641	0.5651318	0.5606225	-0.60800457	-0.61020577	0.57328254	0.57938194
0.611818	-0.6182327	-0.55232775	0.56131464	0.59778106	-0.59937125	-0.6010712
0.14150575	-0.16251306	-0.12317064	0.14326204	0.1289719	-0.15817042	-0.11620889
0.8345914	-0.82041365	-0.84388506	0.82570934	0.7722673	-0.75241613	-0.82695436
0.03292478	-0.03896638	-0.024013516	0.05784471	0.0062648547	0.019000787	0.017335363
-0.35265738	0.26156956	0.31219548	-0.33990142	-0.34052604	0.25799426	0.27613673
0.048589446	0.01147077	0.044533543	0.031569548	-0.014472405	-0.018032068	-0.04074524
-0.67685217	0.6745423	0.6571292	-0.6963142	-0.5835917	0.63866866	0.64142305
0.18612534	-0.19291784	-0.16746978	0.22010055	0.22345151	-0.19359456	-0.2603609
-0.6653101	0.62993604	0.6213194	-0.6814986	-0.61564046	0.65393776	0.63768905
0.19628547	-0.15949795	-0.18441825	0.15109193	0.20131063	-0.1769268	-0.16836822
1.0370206	-1.1230394	-1.0977213	1.0622611	1.067116	-1.0142132	-1.1101487
-0.14753754	0.15347344	0.15755701	-0.16578431	-0.09968216	0.14410815	0.107778825
-0.66591954	0.6687372	0.6005578	-0.6330026	-0.614287	0.58396417	0.6488335
-0.3786469	0.32647157	0.29769734	-0.3659737	-0.35117412	0.28417143	0.31848451
0.78326166	-0.8237818	-0.87685895	0.8426313	0.7529341	-0.7484403	-0.84935033
-0.3353912	0.3472688	0.3681192	-0.33928058	-0.33974168	0.30855167	0.32262167
0.08947467	-0.12779272	-0.040654965	0.09459665	0.031256754	-0.11526129	-0.084621675
0.60458714	-0.6709263	-0.6506549	0.65338033	0.5987373	-0.66056186	-0.66168493
-0.47643957	0.41285938	0.48924872	-0.49888182	-0.4666403	0.45598337	0.47735333
-0.5340724	0.4992089	0.541933	-0.58710456	-0.5181559	0.5323715	0.58027506
0.1860266	-0.18053989	-0.21402173	0.18724638	0.13133027	-0.13153355	-0.1544701
-0.44644988	0.49083772	0.5135094	-0.5224934	-0.45456305	0.42525595	0.5197869
0.1613761	-0.21023345	-0.24354492	0.19323748	0.1552255	-0.14913075	-0.19802235
-0.20349364	0.20321028	0.24663207	-0.21437013	-0.26612222	0.22608769	0.2591856
0.027651493	-0.011771906	-0.03164593	0.014003781	0.014662256	-0.029106634	0.021223288
0.48861128	-0.4509972	-0.49373978	0.4445984	0.4673181	-0.42829505	-0.4267864
-0.7309746	0.75769633	0.74172497	-0.7370675	-0.7033218	0.7030075	0.7658951
-0.33905578	0.29181668	0.36749974	-0.3272181	-0.31901944	0.29905164	0.27717838
-0.08433262	0.14062886	0.07422697	-0.12718627	-0.08973626	0.07933928	0.12621154
-0.23157956	0.2778858	0.22413222	-0.27311212	-0.21712314	0.27021018	0.22163059
-0.22599053	0.23494808	0.2852647	-0.22688733	-0.2654291	0.23424786	0.28613997
-0.33480957	0.29440245	0.281834	-0.36849585	-0.29930654	0.3506249	0.35060376
0.3615751	-0.41325697	-0.42414233	0.4192915	0.3400203	-0.41066262	-0.41086006
-0.4832969	0.45325148	0.397801	-0.45520854	-0.41744828	0.3756814	0.46165624
0.3906851	-0.45181862	-0.4611252	0.45780957	0.42418215	-0.42249453	-0.4623948
0.080588	-0.1586162	-0.15057094	0.09690356	0.1187621	-0.117827676	-0.15336464
-0.42625013	0.44927692	0.4545791	-0.43693677	-0.4741907	0.47419965	0.4132869
-0.16588739	0.18868671	0.220753	-0.21870464	-0.22147328	0.2455914	0.1828298
0.41042826	-0.43330035	-0.45445308	0.4013744	0.4003318	-0.42162335	-0.4119016
0.46456125	-0.4562988	-0.48994586	0.41513106	0.41671714	-0.3966654	-0.4475055
0.036775254	-0.09086345	-0.0591319	0.07682579	0.0948344	-0.069831	-0.036075726
-0.5125655	0.51926666	0.5282042	-0.4964733	-0.4879988	0.5234955	0.5456137
0.37318665	-0.38422102	-0.37981126	0.46497214	0.37208524	-0.40668684	-0.43321747
0.13591412	-0.12631166	-0.16267945	0.13346681	0.11933249	-0.07952924	-0.09776729
-0.42930108	0.4023082	0.39361957	-0.4499367	-0.44086927	0.403086	0.45340988
0.6394983	-0.6460497	-0.6440991	0.67743313	0.6061583	-0.64123815	-0.66503406
-0.35536176	0.33648172	0.30414447	-0.36433583	-0.32065406	0.295885	0.33676568
-0.74619484	0.75067544	0.7236324	-0.71522033	-0.7333613	0.737422	0.7529475
-0.38584554	0.347041	0.38569784	-0.34598613	-0.34567976	0.29921088	0.3424462
-0.46608514	0.45607272	0.43318006	-0.441666	-0.4224663	0.49286062	0.47002828
-0.33096373	0.360213	0.39387485	-0.33492577	-0.3138822	0.29412213	0.35879636
-0.9404055	0.94620717	1.0072541	-0.9588802	-0.88511527	0.91436726	1.031973
0.5705949	-0.60889846	-0.52296525	0.5388466	0.49793264	-0.50244117	-0.60126036
-0.95936793	0.9578334	0.9417688	-0.9535939	-0.91083556	0.8793414	0.99105436
0.028618345	-0.03580669	0.0002985858	0.0039861267	0.0007148334	-0.044548366	-0.025515247
-0.32937124	0.33372656	0.39060363	-0.41404796	-0.38678437	0.38313428	0.38007474
1.1829861	-1.1135973	-1.179008	1.1309216	1.0388566	-1.0698392	-1.1472757
0.48023528	-0.4158228	-0.42854536	0.44932932	0.47079128	-0.45055985	-0.40035242
0.48628354	-0.4517807	-0.48892745	0.5020379	0.39902303	-0.43115994	-0.44425952
0.612566	-0.55219156	-0.61916345	0.5792275	0.58343995	-0.5233071	-0.6057165
0.77548367	-0.83066946	-0.8052636	0.8247065	0.73801833	-0.7515827	-0.84686315
-0.68189275	0.6570987	0.64802444	-0.6713365	-0.6378395	0.5697305	0.6520396
0.20838791	-0.21915902	-0.18300469	0.15411274	0.2309387	-0.22360952	-0.22355148
-0.06503639	0.094980806	0.089127444	-0.04367961	-0.093524456	0.09791098	0.037917078
-0.5005608	0.5084732	0.528823	-0.51532716	-0.5293573	0.46579722	0.54740727
0.8820228	-0.8430246	-0.85109144	0.82483715	0.8247653	-0.8537917	-0.8146187
0.13459674	-0.12832707	-0.15228087	0.14666216	0.10032041	-0.16655792	-0.12469357
0.22101936	-0.24682339	-0.26246065	0.23450199	0.22534098	-0.22809371	-0.20113035
0.47347465	-0.41341802	-0.43725738	0.39179632	0.4226926	-0.38336962	-0.47185358
-0.030882472	0.05344082	-0.015922435	0.028102104	-0.049746934	0.05292691	0.033055834
0.56838685	-0.54972124	-0.62183034	0.602025	0.5362173	-0.53217214	-0.5869327
-0.41971254	0.43397036	0.40151057	-0.45213333	-0.4428524	0.38402775	0.47577125
-0.19719753	0.20595105	0.18770444	-0.19887431	-0.17002876	0.16485368	0.15590934
0.13809507	-0.14185151	-0.14697985	0.17841242	0.16126865	-0.114520565	-0.1360626
0.13647845	-0.123670414	-0.11343702	0.13673379	0.08144547	-0.062208742	-0.13659495
-0.6881368	0.72067475	0.686476	-0.6590278	-0.6399633	0.62018895	0.70072544
-0.52763826	0.56025153	0.5551983	-0.5318519	-0.5473832	0.5393105	0.51126176
0.8960412	-0.8647147	-0.8345131	0.8931967	0.8493311	-0.8374711	-0.89782023
-0.021429114	0.021979213	-0.007818033	-0.017169029	0.009577898	0.060660694	-0.006338755
0.41455522	-0.40980214	-0.34474468	0.42899224	0.35520992	-0.37754843	-0.35495925
0.19867079	-0.2464353	-0.20658197	0.17748773	0.2193545	-0.19890524	-0.21442777
-0.06664335	0.148235	0.13832954	-0.11778807	-0.08577054	0.10682552	0.08580458
-0.38710138	0.34869766	0.3779488	-0.38192967	-0.3532141	0.30892107	0.3137131
-0.81179225	0.7566454	0.8200111	-0.79040945	-0.6993451	0.71519893	0.77174944
1.14468	-1.0965132	-1.152135	1.102289	1.0996186	-1.1148969	-1.1479019
-0.51644725	0.44030958	0.42993876	-0.4918648	-0.48237017	0.41588223	0.45594844
0.14131886	-0.1262543	-0.21008208	0.16745225	0.1205963	-0.11532583	-0.16328098
-0.40582356	0.37235066	0.4116799	-0.43388978	-0.3908818	0.37105486	0.3901488
-0.7693556	0.7279612	0.7322969	-0.75081664	-0.6588161	0.6998183	0.73738617
-0.7575773	0.77465224	0.74900174	-0.7528275	-0.75630444	0.710116	0.7884505
-0.20781025	0.22711462	0.18918727	-0.24110407	-0.18468651	0.20651555	0.26362273
0.015898094	-0.005901136	-0.07725023	-0.0065795416	0.037714366	-0.055491302	-0.012061926
-0.05160722	0.019727813	0.008861715	-0.009092636	-0.008480602	-0.007769093	-0.03000488
0.48425484	-0.48290423	-0.5388699	0.46766627	0.457117	-0.4225767	-0.5364456
-0.43144497	0.45688197	0.46017587	-0.3828679	-0.35731065	0.35674518	0.4540519
-0.69258547	0.6668248	0.6815716	-0.644522	-0.64933765	0.627773	0.718661
-0.6477879	0.6196176	0.6287462	-0.6700034	-0.6117197	0.5921982	0.64814246
-0.059971415	0.01720657	0.051596086	-0.054722674	-0.0649424	0.02941426	0.062493958
0.10487103	-0.07290252	-0.085767604	0.15071101	0.056719936	-0.050675675	-0.09250382
0.4108353	-0.38503104	-0.41987348	0.43616527	0.37218034	-0.37881055	-0.4434463
-0.37367365	0.2931815	0.30035427	-0.3781716	-0.30914825	0.36541665	0.3313563
-0.36153907	0.3712889	0.32668358	-0.32097632	-0.3550922	0.34269756	0.36041144
-0.15625043	0.1684069	0.12092206	-0.16715866	-0.15596572	0.13472968	0.16105452
-0.672516	0.6482114	0.67406607	-0.6022329	-0.6320432	0.6088137	0.6515237
0.5920994	-0.5149615	-0.51934534	0.5748492	0.47897896	-0.52699614	-0.5123822
-0.09809462	0.15407228	0.106659226	-0.18161729	-0.13554701	0.14301859	0.17314698
-0.0947892	0.0035382737	0.03433251	-0.07178656	-0.008060619	0.0013028258	0.055248644
-0.15693171	0.18645628	0.18119627	-0.12155732	-0.1859236	0.10518943	0.15754469
-0.048612658	0.046797074	-0.0124795055	-0.049516417	-0.039824363	0.02923007	0.07817214
-0.23088492	0.3155791	0.22911672	-0.29971653	-0.29389983	0.27682343	0.25203815
-0.36183766	0.3792452	0.39654455	-0.32299748	-0.335979	0.37363827	0.34300363
0.40106162	-0.41513896	-0.38053897	0.33786735	0.38424456	-0.34225145	-0.42483157
-0.40595958	0.45327622	0.44573742	-0.455267	-0.42871246	0.40327364	0.42866036
-0.013590334	0.0005579302	-0.029546285	-0.0006234898	-0.052385654	0.053557113	-0.014487797
-0.590441	0.6160757	0.59350437	-0.62918895	-0.5254759	0.6006664	0.5906867
-0.112724535	0.10174475	0.091801144	-0.03400598	-0.107837565	0.06056515	0.08766478
0.09906469	-0.09807653	-0.08552818	0.08250561	0.08997331	-0.02888732	-0.04203948
0.3252223	-0.2562525	-0.31820765	0.29038867	0.28874192	-0.25175026	-0.3394204
-0.025328955	0.033134878	0.008815988	-0.03279663	-0.0039088745	0.04302299	0.009589849
0.0020921598	0.029278634	-0.017537342	-0.009652457	0.032525685	0.02583955	0.019880757
0.03260134	-0.06435041	-0.04148284	0.052182686	0.03312099	-0.003197237	-0.042968247
0.022940017	0.019767202	0.042066105	-0.020049715	-0.04503817	0.05378803	-0.006677058
-0.27956396	0.34537154	0.26871514	-0.32337236	-0.32204953	0.3157322	0.251893
0.25477403	-0.24163483	-0.2277617	0.28123456	0.21359727	-0.19067338	-0.2460061
-0.0044448096	0.014302946	0.049999453	-0.06315794	-0.03476441	0.060225423	-0.0189984
0.7477754	-0.7647918	-0.79121697	0.8034764	0.74155015	-0.7561142	-0.84768665
0.27257866	-0.35415074	-0.28663015	0.30650795	0.2725139	-0.32482964	-0.33792973
0.43911082	-0.467229	-0.38152677	0.37100998	0.39451873	-0.39797416	-0.45363358
-0.2530063	0.16576134	0.1945688	-0.16670626	-0.16093257	0.16951232	0.25495794
0.63925993	-0.64051545	-0.6670491	0.68679184	0.62536937	-0.58176833	-0.6476989
1.0006368	-0.94173634	-0.9966469	0.9666784	0.91661143	-0.8868677	-0.99153054
-0.12779398	0.1329207	0.10121308	-0.10702043	-0.1299213	0.08970047	0.13376042
-0.06063058	0.02983795	0.077089466	0.005990223	-0.08368683	0.0033743987	0.038817864
-0.2823671	0.27261513	0.3208739	-0.28899872	-0.27335042	0.29544488	0.2583026
0.40123922	-0.40103206	-0.3462263	0.37903756	0.3845854	-0.33659267	-0.37620488
0.43275157	-0.46508533	-0.42844644	0.4228893	0.37631324	-0.3860781	-0.44443747
0.29110622	-0.32665572	-0.34646708	0.25102052	0.25542846	-0.2988877	-0.30667874
0.019063363	0.002564452	-0.057489976	0.0002911703	0.021924475	0.023483492	-0.07301307
0.3172118	-0.3740805	-0.3593007	0.33770168	0.29713333	-0.34224537	-0.3705326
0.040278897	-0.0714809	-0.059172392	0.0036394603	-0.011779077	-0.076607175	-0.0035420158
0.20772296	-0.23385821	-0.17625485	0.19026466	0.17933811	-0.17446372	-0.22473483
-0.430423	0.3923479	0.4007163	-0.3953367	-0.42405525	0.37084675	0.39831948
0.9205496	-0.94629765	-0.9461682	0.9456032	0.8753024	-0.86861813	-0.92735726
0.3051019	-0.25855574	-0.33608216	0.33889732	0.32595667	-0.24985091	-0.29528627
-1.1153197	1.1423582	1.0844597	-1.0803849	-1.0318322	1.0634577	1.0924944
0.21465734	-0.2981045	-0.25168994	0.25936258	0.2847507	-0.22165331	-0.268943
0.73199034	-0.7595776	-0.80057794	0.7777584	0.7500546	-0.72765416	-0.7593061
0.47061142	-0.46175826	-0.46474513	0.5362968	0.43493107	-0.473699	-0.4973908
-0.1950932	0.256998	0.1898918	-0.220315	-0.24370699	0.19464642	0.23660463
-0.45206416	0.36471605	0.35980102	-0.38552585	-0.40734637	0.39028734	0.43802026
-0.57620174	0.5486007	0.5616197	-0.56757003	-0.5188362	0.48080182	0.53624773
-0.29856986	0.2992524	0.25876394	-0.25312293	-0.26104218	0.29993686	0.2964039
-0.24520999	0.2679734	0.2895155	-0.27279353	-0.3198917	0.2743736	0.30640462
0.20937337	-0.28266078	-0.23453659	0.20564045	0.2532984	-0.21207304	-0.24107866
1.1268768	-1.122163	-1.104289	1.087643	1.0532885	-1.0069723	-1.0706118
-0.7459557	0.76940477	0.7473676	-0.804653	-0.7578948	0.78548175	0.7622763
0.15079726	-0.20115544	-0.2005616	0.18247063	0.1765363	-0.21174265	-0.20362101
0.36398357	-0.3309928	-0.36243892	0.3434566	0.34950754	-0.26732537	-0.2982737
0.32752347	-0.35990477	-0.28732282	0.26472068	0.34504566	-0.32529035	-0.3364879
-0.63430905	0.5902646	0.63491267	-0.60044533	-0.59109557	0.5581012	0.6391658
0.08302241	-0.13079393	-0.089208625	0.16050555	0.15548079	-0.097374916	-0.12248644
0.6131346	-0.64305174	-0.6501723	0.63421327	0.61245084	-0.6474003	-0.6088835
-0.15671349	0.2104847	0.22098996	-0.17785503	-0.13652912	0.16366825	0.21693031
0.1871092	-0.18168901	-0.20208757	0.16135693	0.16082092	-0.14081283	-0.22710639
-0.53908587	0.45155022	0.50095403	-0.47878608	-0.530233	0.51298064	0.5103232
-1.0709424	1.0737612	1.040853	-1.0521468	-0.99059504	1.0316889	1.0065957
-0.34647948	0.37818876	0.3832541	-0.33499342	-0.30769178	0.37130532	0.36812606
0.025522614	-0.020158881	0.022274997	0.051575277	0.01010251	0.00087612227	-0.06878559
-0.6588369	0.67158914	0.66281176	-0.71839386	-0.7104385	0.6317296	0.67807704
-0.59515214	0.6475411	0.59324974	-0.5962062	-0.6425113	0.55604833	0.66515195
-0.6793099	0.6982668	0.7021309	-0.6773504	-0.6602359	0.69278246	0.6661938
0.8031711	-0.8202475	-0.79610187	0.8166912	0.709132	-0.7573006	-0.78693825
0.94369304	-0.9027948	-0.904449	0.97797763	0.9327762	-0.85624623	-0.97989726
-0.44464168	0.49224973	0.4406296	-0.5177406	-0.5083645	0.47608706	0.48926222
-0.49730334	0.43583015	0.49611405	-0.50755	-0.4629982	0.4399136	0.42255703
-0.4805717	0.5362936	0.5324443	-0.4883246	-0.5057227	0.50319755	0.506916
0.40912035	-0.4325264	-0.35144773	0.39277855	0.32870984	-0.42192912	-0.45160246
-0.8413868	0.895992	0.8921915	-0.8247356	-0.77393174	0.7927836	0.8751571
0.2044951	-0.26781243	-0.2631309	0.25302017	0.20507823	-0.17377286	-0.2241558
0.6883906	-0.6661014	-0.6898802	0.75349355	0.65594494	-0.7061051	-0.6717629
-0.085403845	0.117728665	0.12109181	-0.10805437	-0.12419535	0.102295265	0.13145909
0.11180124	-0.12079508	-0.048138093	0.08151814	0.078864306	-0.077374905	-0.071537234
-0.2985822	0.30065063	0.23035839	-0.2785366	-0.2854623	0.27711642	0.26803452
-0.39870793	0.4290561	0.44062918	-0.43332133	-0.40078533	0.42533556	0.43947455
0.4338357	-0.44841105	-0.45132518	0.37272716	0.36518767	-0.37026164	-0.39712623
-0.041150678	0.024600757	0.091755584	-0.014989843	-0.025324564	0.021815516	0.05143981
-0.64401823	0.6224234	0.62248373	-0.6399028	-0.58618736	0.6125515	0.63662803
0.34562162	-0.2854312	-0.31279868	0.33602566	0.3361448	-0.32626614	-0.33198792
-0.35453814	0.36472708	0.29349494	-0.31295156	-0.30299547	0.29945117	0.306386
1.0732429	-1.1359624	-1.1530946	1.12763	1.0930134	-1.0766184	-1.0832381
0.44959867	-0.41977847	-0.4560423	0.42824152	0.458888	-0.45189154	-0.49122098
0.4108348	-0.35994336	-0.38092953	0.36982146	0.30861455	-0.38564256	-0.41775513
-0.18385772	0.22602008	0.23840716	-0.19205257	-0.21821286	0.23281011	0.22971231
0.19020714	-0.20896478	-0.23132749	0.18754143	0.15596984	-0.15725845	-0.16242811
-0.69646806	0.6365272	0.7002627	-0.69222575	-0.6063154	0.62912095	0.65913355
0.6137461	-0.58519375	-0.6363447	0.6522281	0.60179424	-0.6102314	-0.67701197
-0.3611876	0.36987582	0.40919918	-0.3953757	-0.379344	0.38773638	0.42297518
0.30806696	-0.3631849	-0.32114568	0.351427	0.33156428	-0.34043163	-0.27973852
-0.11740582	0.028050184	0.05872028	-0.07087242	-0.113525085	0.10943976	0.11499284
-0.6374273	0.61120546	0.5937271	-0.64421654	-0.59662235	0.579802	0.63728017
-0.590115	0.62679535	0.6590841	-0.5804066	-0.6238527	0.63502073	0.59354144
0.4892258	-0.5190851	-0.4379624	0.4485814	0.40729034	-0.4403844	-0.47259358
-0.37324163	0.38673374	0.39989945	-0.42895016	-0.3575289	0.42151523	0.41050833
0.3320766	-0.34638613	-0.30466482	0.3474524	0.3452798	-0.36515749	-0.38366035
-0.5554721	0.51368296	0.5012337	-0.4997557	-0.5152473	0.48025286	0.5002453
-0.22855185	0.19510427	0.20443837	-0.24328104	-0.25266248	0.22427136	0.22179094
0.24756248	-0.17539667	-0.17070869	0.2304613	0.18412301	-0.18237825	-0.23156404
0.14885329	-0.0936874	-0.17250457	0.14568819	0.099021465	-0.07294342	-0.1223056
0.9404055	-0.9489433	-0.94478947	0.9326183	0.86271805	-0.87401026	-0.915466
-0.90310526	0.8474304	0.86105853	-0.91104186	-0.85945624	0.84412193	0.90358096
0.3804227	-0.30616602	-0.3522211	0.301687	0.29433063	-0.3653379	-0.37103775
0.51581186	-0.53710634	-0.44624346	0.5093336	0.4859148	-0.49009594	-0.5397077
0.12148072	-0.07345961	-0.12315627	0.16494238	0.15055542	-0.14684767	-0.102577806
0.22778505	-0.22323902	-0.25988448	0.21322426	0.2352589	-0.25885066	-0.21760121
0.7312886	-0.72173786	-0.7393771	0.7257554	0.73889434	-0.6762068	-0.7392666
0.042618606	-0.039252073	-0.101352744	0.038196012	0.041683536	-0.114953846	-0.06419666
0.55562955	-0.5211599	-0.5277728	0.5445888	0.49279338	-0.5039379	-0.5834957
0.35091743	-0.31969747	-0.28351542	0.30037758	0.3411388	-0.25878343	-0.2816995
0.16158307	-0.1639048	-0.121188514	0.120107666	0.1598848	-0.103988186	-0.13920571
-0.17061737	0.18699628	0.23183003	-0.17591865	-0.16926076	0.17587169	0.20149772
-0.93473125	0.8842667	0.8676418	-0.9046179	-0.8748544	0.8668442	0.9351594
-0.06874518	0.049232155	0.023278862	-0.030470764	-0.06003047	0.009170003	-0.0043849912
0.33603948	-0.29806972	-0.3087197	0.33052096	0.2569762	-0.3312166	-0.34098074
-0.36318162	0.3414573	0.38234657	-0.31550866	-0.36219245	0.31672284	0.36859155
-0.5245021	0.5720874	0.53168947	-0.51342636	-0.5459304	0.53575385	0.57057387
0.31061578	-0.37214962	-0.34568876	0.34173954	0.2979579	-0.27712718	-0.354556
0.5713776	-0.51056266	-0.56536156	0.5514323	0.5651196	-0.52368456	-0.5270909
-0.72160625	0.7576258	0.6829013	-0.7583692	-0.6617935	0.6806392	0.7577797
-0.027766794	0.0807519	0.06704554	-0.03349401	-0.015361558	0.020187337	0.09943278
-1.0914993	1.1262335	1.1323586	-1.1104447	-1.1148655	1.0939687	1.14068
-0.44654447	0.4750567	0.520736	-0.49063325	-0.51638436	0.5007292	0.49676564
-0.03976292	0.1006106	0.11853555	-0.05843037	-0.06459114	0.11510481	0.10466794
-0.1752058	0.1166174	0.20919424	-0.11739086	-0.17550148	0.11022469	0.12916403
0.7600555	-0.84489053	-0.82014924	0.7704416	0.76148635	-0.70410043	-0.82494104
0.2223478	-0.20558225	-0.27808324	0.22256114	0.19744995	-0.23863702	-0.24018693
0.2723605	-0.19624905	-0.23216248	0.2700574	0.22966272	-0.24113446	-0.23654757
0.19781993	-0.24540831	-0.2626146	0.28711423	0.23581965	-0.25683075	-0.28136063
0.33967003	-0.3871413	-0.3270384	0.3265054	0.3167355	-0.3639803	-0.4112957
-0.3064885	0.3043066	0.24034749	-0.25048617	-0.26873404	0.25661266	0.265873
-0.2305698	0.16555642	0.19029826	-0.15968873	-0.21652302	0.1815441	0.18333255
-0.009243565	0.037341267	-0.027106283	0.009086848	-0.004749672	0.03418711	-0.017161889
-0.6382127	0.63059205	0.63903344	-0.6389721	-0.54329354	0.51934505	0.630568
-0.3566142	0.26889387	0.3268894	-0.34851405	-0.3140572	0.25434992	0.2655178
-0.058456	0.103779145	0.06919989	-0.033964064	-0.055734128	0.058553975	0.058100898
-0.42666548	0.4392154	0.42448887	-0.42438763	-0.38319498	0.42289168	0.45915586
-0.4119644	0.35405526	0.41087288	-0.4131277	-0.3974562	0.35311309	0.33070707
-0.06309204	0.11735526	0.14662741	-0.119952224	-0.13831277	0.082152724	0.13610946
-0.5326508	0.5071739	0.48541686	-0.5737272	-0.5248718	0.5404475	0.54280967
0.26025856	-0.27903935	-0.20977494	0.26279685	0.24355172	-0.19828428	-0.24066904
-0.49784538	0.4808381	0.52740073	-0.4984146	-0.44716972	0.44300973	0.47516432
-0.17228855	0.18962498	0.26205483	-0.2627462	-0.17415144	0.2567845	0.17933315
0.33386466	-0.39767215	-0.36268348	0.31779912	0.33348235	-0.38263813	-0.3557854
-0.57924604	0.6122041	0.5760611	-0.5867982	-0.5271666	0.53561634	0.60788727
0.8360403	-0.79938877	-0.862226	0.8195712	0.74403656	-0.7796377	-0.8676885
-0.6914559	0.75012404	0.72373706	-0.7148053	-0.6829934	0.6574527	0.78085285
-0.08837588	0.17649433	0.08422554	-0.1156999	-0.15697767	0.09396666	0.11603431
-0.71296346	0.723693	0.6598045	-0.71775526	-0.61067724	0.594953	0.6700197
-0.5448306	0.5554763	0.5240101	-0.51350105	-0.49857274	0.48853377	0.53023094
-0.36859474	0.35546562	0.3363346	-0.32262146	-0.32303905	0.37662777	0.37712422
-0.55872214	0.550702	0.5319187	-0.5434261	-0.51117796	0.52365917	0.62915355
-0.5084963	0.5017536	0.45367905	-0.5060407	-0.50254637	0.41395888	0.47280204
0.47146046	-0.45087272	-0.4773444	0.42857328	0.4270805	-0.43238518	-0.41108716
-0.24685599	0.23844026	0.26275334	-0.224244	-0.26379034	0.21734807	0.19443193
0.39307532	-0.39908886	-0.46220285	0.4779165	0.39942163	-0.45609948	-0.480109
0.4585047	-0.40574226	-0.44457066	0.3838691	0.41561878	-0.3986503	-0.45259205
0.9804486	-0.9556217	-0.9472513	0.9901087	0.85460764	-0.88640213	-0.96154076
-0.12497755	0.11021569	0.06208615	-0.06253274	-0.051100656	0.13096589	0.06846665
-0.4781568	0.4881241	0.40895703	-0.41985166	-0.42663434	0.40176398	0.46056613
-0.65756994	0.6225913	0.6785699	-0.6581026	-0.58131284	0.60298634	0.63180727
-0.53633136	0.5153077	0.59373075	-0.5037353	-0.5200793	0.48035976	0.5064099
-0.460531	0.5030478	0.48153514	-0.4899097	-0.48642206	0.45485333	0.44028458
-0.3597967	0.34057915	0.38103014	-0.31845948	-0.3001365	0.36946893	0.34266457
-0.45250064	0.44526348	0.48950085	-0.44775152	-0.44766828	0.37816262	0.48765185
-0.08067094	0.08303933	0.13191512	-0.08920896	-0.08798743	0.07323677	0.090329
-0.1389075	0.15025789	0.19891095	-0.2027823	-0.15166035	0.12645963	0.13385291
0.22810844	-0.16314055	-0.23754604	0.1983272	0.13712661	-0.22204249	-0.1697827
-0.48404774	0.43732595	0.43158442	-0.3988608	-0.45201626	0.39919686	0.4412214
-0.2122386	0.2486883	0.20172508	-0.29299408	-0.21943295	0.23975612	0.29763195
0.45799732	-0.4394555	-0.39742374	0.4456384	0.37754953	-0.3578254	-0.41032046
-0.09517133	0.10838733	0.05867115	-0.14383242	-0.13643113	0.04831297	0.112183936
0.35953397	-0.40105143	-0.41024527	0.4387782	0.36471817	-0.3941726	-0.37751123
0.23222557	-0.1666848	-0.22894002	0.18783323	0.17664608	-0.16338111	-0.2423345
0.27503717	-0.23685414	-0.21137956	0.28292212	0.1925099	-0.22291762	-0.27343196
-0.3300026	0.30377784	0.33708698	-0.31033477	-0.3650149	0.357298	0.343591
-0.90414274	0.85604435	0.848844	-0.83923167	-0.7930081	0.7993637	0.9144756
-0.64684963	0.64829797	0.61228913	-0.66769284	-0.5490443	0.60638547	0.59886754
0.48006	-0.47173688	-0.504416	0.46149966	0.4462356	-0.48147905	-0.49955988
0.35549766	-0.33654064	-0.36594582	0.38230565	0.32158583	-0.32450268	-0.32340685
-0.62821656	0.64689314	0.62729436	-0.6718644	-0.6516627	0.5793666	0.65516716
0.6605743	-0.61129606	-0.6274352	0.63990724	0.62295794	-0.58042157	-0.660707
-0.3768992	0.40552816	0.40714192	-0.43537706	-0.3311639	0.38442296	0.4120092
-0.14774865	0.12890992	0.14053345	-0.08827018	-0.12836646	0.12815501	0.14184839
-0.112834945	0.12577568	0.1267905	-0.11596424	-0.09601656	0.099074766	0.098658666
-0.026040293	-0.0105282655	-0.07292485	0.043486524	0.053178657	-0.036122862	-0.05857751
0.40690124	-0.42234248	-0.389104	0.38756898	0.33676845	-0.39117974	-0.38952073
0.14537695	-0.17630161	-0.17875168	0.19877288	0.16653447	-0.09528586	-0.20632587
0.20789224	-0.19166538	-0.17435084	0.14543033	0.15294464	-0.11362234	-0.12184686
0.20101352	-0.17962839	-0.24331881	0.19272763	0.1893479	-0.25230268	-0.1837902
-0.031767722	0.03502113	0.093426175	-0.032538872	-0.06484883	0.017039059	0.08944908
-0.29265416	0.25479668	0.28163922	-0.27415374	-0.30385095	0.23151162	0.33604363
1.0117615	-1.0116949	-1.0222174	1.0097263	0.98670226	-1.0102142	-0.9925773
-0.6501968	0.5827109	0.6461032	-0.66815376	-0.5469626	0.57327574	0.5978793
-0.67919964	0.6873221	0.68143743	-0.6156503	-0.6394303	0.6157201	0.6465278
-0.5870338	0.6672715	0.6608088	-0.57779986	-0.58619237	0.5561634	0.65106636
-0.23303944	0.20703006	0.20507433	-0.17809117	-0.183104	0.182888	0.23245668
0.0047416426	-0.04227136	0.022413982	0.022756806	-0.016584855	-0.023461455	0.035514735
-0.16370012	0.15176482	0.14299332	-0.14223896	-0.15690783	0.089531615	0.13819084
0.12204161	-0.17510426	-0.14050424	0.14051244	0.14288062	-0.14238822	-0.18193108
0.2861111	-0.3210395	-0.3122342	0.33459082	0.3453459	-0.35135	-0.36682966
-0.6097934	0.6221823	0.62446195	-0.6805117	-0.595463	0.6247631	0.68105257
-0.637091	0.61580914	0.65855813	-0.651775	-0.53867304	0.61792487	0.61107624
-0.31349355	0.25816393	0.22790636	-0.28793526	-0.23446718	0.26583844	0.2700696
-0.6556267	0.7075722	0.72414327	-0.6632637	-0.67903364	0.69159645	0.6507414
0.8503156	-0.8231968	-0.88954055	0.8657261	0.81669044	-0.777017	-0.9020905
-0.79974425	0.740867	0.7690957	-0.7190829	-0.7619914	0.7536235	0.77912855
0.31259263	-0.30716515	-0.3144486	0.31797943	0.2991659	-0.2343072	-0.2650031
0.59430313	-0.583351	-0.57913446	0.5944066	0.5393281	-0.57903594	-0.5823854
0.8538846	-0.92365026	-0.82525706	0.8240983	0.8062551	-0.7900697	-0.9005212
0.20385505	-0.2387317	-0.22667834	0.20267648	0.15114598	-0.16931002	-0.23307681
0.63437337	-0.6851023	-0.677037	0.6651276	0.63817346	-0.55863434	-0.677544
-0.9105544	0.9906915	0.92326224	-0.9698531	-0.8728698	0.88409793	0.91231203
-0.07638255	0.085808985	0.095699	-0.03414632	-0.10013013	0.10076393	0.10014517
0.7133087	-0.7066038	-0.7195041	0.6732805	0.68031776	-0.6424836	-0.6257738
0.25901216	-0.22759683	-0.25159898	0.20931749	0.21139702	-0.1840057	-0.19918731
0.92642343	-0.942834	-0.96317226	0.87672156	0.9304256	-0.8696915	-0.89946336
0.26764825	-0.22995768	-0.2070285	0.26158822	0.24313526	-0.19277418	-0.18489656
0.7740358	-0.8390259	-0.8389289	0.7973312	0.7789867	-0.7338125	-0.8323386
0.46494478	-0.44173402	-0.46897388	0.4153185	0.43678758	-0.44991502	-0.47226816
0.59529245	-0.649653	-0.6369068	0.5874678	0.61537	-0.5554283	-0.65545285
-0.93302006	0.94762236	0.9916865	-0.9136265	-0.91389453	0.9487534	1.0081834
0.18004668	-0.14655131	-0.13945231	0.14571193	0.13916329	-0.18038265	-0.22413824
0.97130364	-0.98436487	-1.0228335	1.0339836	0.9225989	-0.91829914	-1.0298787
-0.5373056	0.5464827	0.5323709	-0.4906097	-0.49910152	0.50924486	0.56534505
-0.092740536	0.11359437	0.12090744	-0.09606328	-0.1458095	0.06324617	0.09190562
-1.0800472	1.0411181	1.1093248	-1.0720875	-1.0060315	1.0395243	1.048905
-0.22907019	0.25666872	0.205813	-0.22484556	-0.21725458	0.21187223	0.20322083
-0.1911726	0.1608037	0.19525328	-0.1602177	-0.21262519	0.1709017	0.1915371
-0.03927545	-0.033738557	0.0041000606	-0.018865352	-0.032287013	0.023428425	-7.3137904e-05
0.68950015	-0.66171026	-0.67855805	0.6549329	0.6116028	-0.7021403	-0.7207298
-0.26817068	0.2458836	0.21899973	-0.28683186	-0.21917138	0.20797566	0.29928395
0.05474436	-0.05073753	-0.014449758	0.041828126	0.05991626	-0.06949479	-0.031946085
-0.25204054	0.26566404	0.29011405	-0.32201827	-0.3094248	0.29639402	0.32680696
-0.05146616	0.04609395	0.09458889	-0.09786024	-0.030271512	0.08056797	0.08185771
0.29703736	-0.31219137	-0.324251	0.29020724	0.29703116	-0.33088157	-0.3261707
0.3869677	-0.38871282	-0.38874218	0.3092407	0.31436267	-0.37489632	-0.35352322
0.31316242	-0.3098708	-0.2545164	0.29050487	0.29362845	-0.31182644	-0.29901636
-0.013871648	0.043244954	-0.030025354	0.00021100245	-0.04053327	0.006320329	0.018819932
0.3268597	-0.24840713	-0.28456008	0.31798765	0.29868335	-0.23762101	-0.3322458
-0.47528216	0.4248694	0.45984152	-0.38201407	-0.38402984	0.36507294	0.4094503
-0.42196572	0.3861591	0.4365923	-0.3559988	-0.35963616	0.39576563	0.37104106
-0.36262086	0.29841718	0.3283632	-0.28093004	-0.27867508	0.2855402	0.29551578
-0.76848555	0.7529433	0.7772717	-0.76348937	-0.69411266	0.7310062	0.7518669
-0.739849	0.77056444	0.73215234	-0.7585609	-0.72468966	0.72328264	0.7382072
-0.59236354	0.6565494	0.6118205	-0.6420647	-0.5860046	0.56399244	0.61933196
-0.26231518	0.34019458	0.32488284	-0.3050307	-0.30859458	0.24166523	0.27989966
0.69302136	-0.7089431	-0.7633467	0.71463954	0.69998676	-0.6515616	-0.67535555
-0.5465139	0.56529224	0.53243756	-0.51688665	-0.45898762	0.45738995	0.53938544
-0.496637	0.5405698	0.5416625	-0.5737861	-0.55411524	0.47263694	0.5482959
0.8121982	-0.7526584	-0.81283265	0.7606324	0.7688746	-0.77195466	-0.7606935
0.7613158	-0.7979064	-0.8106327	0.8274578	0.72933173	-0.8008757	-0.7584741
